-- MySQL dump 10.13  Distrib 8.0.43, for Win64 (x86_64)
--
-- Host: localhost    Database: ecobici
-- ------------------------------------------------------
-- Server version	8.0.43

/*!40101 SET @OLD_CHARACTER_SET_CLIENT=@@CHARACTER_SET_CLIENT */;
/*!40101 SET @OLD_CHARACTER_SET_RESULTS=@@CHARACTER_SET_RESULTS */;
/*!40101 SET @OLD_COLLATION_CONNECTION=@@COLLATION_CONNECTION */;
/*!50503 SET NAMES utf8 */;
/*!40103 SET @OLD_TIME_ZONE=@@TIME_ZONE */;
/*!40103 SET TIME_ZONE='+00:00' */;
/*!40014 SET @OLD_UNIQUE_CHECKS=@@UNIQUE_CHECKS, UNIQUE_CHECKS=0 */;
/*!40014 SET @OLD_FOREIGN_KEY_CHECKS=@@FOREIGN_KEY_CHECKS, FOREIGN_KEY_CHECKS=0 */;
/*!40101 SET @OLD_SQL_MODE=@@SQL_MODE, SQL_MODE='NO_AUTO_VALUE_ON_ZERO' */;
/*!40111 SET @OLD_SQL_NOTES=@@SQL_NOTES, SQL_NOTES=0 */;

--
-- Table structure for table `auditoria_estaciones`
--

DROP TABLE IF EXISTS `auditoria_estaciones`;
/*!40101 SET @saved_cs_client     = @@character_set_client */;
/*!50503 SET character_set_client = utf8mb4 */;
CREATE TABLE `auditoria_estaciones` (
  `id_estacion` int DEFAULT NULL,
  `nombre` varchar(40) DEFAULT NULL,
  `direccion` varchar(60) DEFAULT NULL,
  `fecha_modificacion` date DEFAULT NULL,
  `hora_modificacion` time DEFAULT NULL,
  `usuario` varchar(50) DEFAULT NULL,
  `comentarios` varchar(100) DEFAULT NULL
) ENGINE=InnoDB DEFAULT CHARSET=utf8mb4 COLLATE=utf8mb4_0900_ai_ci;
/*!40101 SET character_set_client = @saved_cs_client */;

--
-- Dumping data for table `auditoria_estaciones`
--

LOCK TABLES `auditoria_estaciones` WRITE;
/*!40000 ALTER TABLE `auditoria_estaciones` DISABLE KEYS */;
INSERT INTO `auditoria_estaciones` VALUES (597,'RETIRO 2','Suipacha 1114','2025-09-08','13:40:39','root@localhost','Se agrega una nueva estacion'),(597,'RETIRO 2','Suipacha 1114','2025-09-08','13:41:07','root@localhost','Se elimina estacion'),(600,'RETIRO 4','AV. Dr. José María Ramos Mejía 1300','2025-09-17','16:05:43','root@localhost','Se agrega una nueva estacion'),(600,'RETIRO 4','AV. Dr. José María Ramos Mejía 1300','2025-09-17','16:12:26','root@localhost','Se elimina estacion');
/*!40000 ALTER TABLE `auditoria_estaciones` ENABLE KEYS */;
UNLOCK TABLES;

--
-- Table structure for table `auditoria_usuarios`
--

DROP TABLE IF EXISTS `auditoria_usuarios`;
/*!40101 SET @saved_cs_client     = @@character_set_client */;
/*!50503 SET character_set_client = utf8mb4 */;
CREATE TABLE `auditoria_usuarios` (
  `id_usuario` int DEFAULT NULL,
  `id_genero` int DEFAULT NULL,
  `edad_usuario` int DEFAULT NULL,
  `fecha_modificacion` date DEFAULT NULL,
  `hora_modificacion` time DEFAULT NULL,
  `data_entry` varchar(50) DEFAULT NULL,
  `comentarios` varchar(100) DEFAULT NULL
) ENGINE=InnoDB DEFAULT CHARSET=utf8mb4 COLLATE=utf8mb4_0900_ai_ci;
/*!40101 SET character_set_client = @saved_cs_client */;

--
-- Dumping data for table `auditoria_usuarios`
--

LOCK TABLES `auditoria_usuarios` WRITE;
/*!40000 ALTER TABLE `auditoria_usuarios` DISABLE KEYS */;
INSERT INTO `auditoria_usuarios` VALUES (2000005,2,30,'2025-09-08','13:41:36','root@localhost','Se agrega un nuevo usuario'),(2000005,2,30,'2025-09-08','13:42:05','root@localhost','Se elimina un usuario'),(2000006,2,30,'2025-09-17','15:46:44','root@localhost','Se agrega un nuevo usuario');
/*!40000 ALTER TABLE `auditoria_usuarios` ENABLE KEYS */;
UNLOCK TABLES;

--
-- Table structure for table `barrio`
--

DROP TABLE IF EXISTS `barrio`;
/*!40101 SET @saved_cs_client     = @@character_set_client */;
/*!50503 SET character_set_client = utf8mb4 */;
CREATE TABLE `barrio` (
  `id_barrio` int NOT NULL,
  `nombre_barrio` varchar(40) NOT NULL,
  `id_comuna` int NOT NULL,
  `poblacion` int NOT NULL,
  `poblacion_fem` int NOT NULL,
  `poblacion_masc` int NOT NULL,
  PRIMARY KEY (`id_barrio`),
  KEY `id_comuna` (`id_comuna`),
  CONSTRAINT `barrio_ibfk_1` FOREIGN KEY (`id_comuna`) REFERENCES `comuna` (`id_comuna`)
) ENGINE=InnoDB DEFAULT CHARSET=utf8mb4 COLLATE=utf8mb4_0900_ai_ci;
/*!40101 SET character_set_client = @saved_cs_client */;

--
-- Dumping data for table `barrio`
--

LOCK TABLES `barrio` WRITE;
/*!40000 ALTER TABLE `barrio` DISABLE KEYS */;
INSERT INTO `barrio` VALUES (1,'Agronomia',15,13963,7493,6470),(2,'Almagro',5,128206,71821,56385),(3,'Balvanera',3,137521,76332,61189),(4,'Barracas',4,73377,39030,34347),(5,'Belgrano',13,126816,70731,56085),(6,'Boedo',5,45563,24556,21007),(7,'Caballito',6,170309,95110,75199),(8,'Chacarita',15,25778,13763,12015),(9,'Coghlan',12,18021,9788,8233),(10,'Colegiales',13,52391,29412,22979),(11,'Constitucion',1,41894,22885,19009),(12,'Flores',7,142695,77593,65102),(13,'Floresta',10,37247,20341,16906),(14,'Boca',4,43413,23007,20406),(15,'Paternal',15,19058,10123,8935),(16,'Liniers',9,42083,22949,19134),(17,'Mataderos',9,62206,33472,28734),(18,'Monserrat',1,39175,21270,17905),(19,'Monte Castro',10,32782,17602,15180),(20,'Nueva Pompeya',4,60465,31547,28918),(21,'Nuñez',13,49019,26830,22189),(22,'Palermo',14,225245,126030,99215),(23,'Parque Avellaneda',9,51678,27462,24216),(24,'Parque Chacabuco',7,54638,29426,25212),(25,'Parque Chas',15,18926,10142,8784),(26,'Parque Patricios',4,37791,20535,17256),(27,'Puerto Madero',1,406,185,221),(28,'Recoleta',2,165494,95391,70103),(29,'Retiro',1,38635,21484,17151),(30,'Saavedra',12,48956,26380,22576),(31,'San Cristobal',3,46494,25622,20872),(32,'San Nicolas',1,28667,15450,13217),(33,'San Telmo',1,23198,12470,10728),(34,'Velez Sarsfield',10,34084,18580,15504),(35,'Versalles',10,13556,7249,6307),(36,'Villa Crespo',15,83646,45614,38032),(37,'Villa Del Parque',11,55502,30326,25176),(38,'Villa Devoto',11,67712,35681,32031),(39,'Villa Gral. Mitre',11,34204,18519,15685),(40,'Villa Lugano',8,108170,56666,51504),(41,'Villa Luro',10,31859,17070,14789),(42,'Villa Ortuzar',15,21256,11573,9683),(43,'Villa Pueyrredon',12,38558,20806,17752),(44,'Villa Real',10,13681,7313,6368),(45,'Villa Riachuelo',8,13995,7525,6470),(46,'Villa Santa Rita',11,32248,17469,14779),(47,'Villa Soldati',8,39477,20374,19103),(48,'Villa Urquiza',12,85587,46498,39089);
/*!40000 ALTER TABLE `barrio` ENABLE KEYS */;
UNLOCK TABLES;

--
-- Table structure for table `comuna`
--

DROP TABLE IF EXISTS `comuna`;
/*!40101 SET @saved_cs_client     = @@character_set_client */;
/*!50503 SET character_set_client = utf8mb4 */;
CREATE TABLE `comuna` (
  `id_comuna` int NOT NULL,
  `nombre_comuna` varchar(10) NOT NULL,
  PRIMARY KEY (`id_comuna`)
) ENGINE=InnoDB DEFAULT CHARSET=utf8mb4 COLLATE=utf8mb4_0900_ai_ci;
/*!40101 SET character_set_client = @saved_cs_client */;

--
-- Dumping data for table `comuna`
--

LOCK TABLES `comuna` WRITE;
/*!40000 ALTER TABLE `comuna` DISABLE KEYS */;
INSERT INTO `comuna` VALUES (1,'Comuna 1'),(2,'Comuna 2'),(3,'Comuna 3'),(4,'Comuna 4'),(5,'Comuna 5'),(6,'Comuna 6'),(7,'Comuna 7'),(8,'Comuna 8'),(9,'Comuna 9'),(10,'Comuna 10'),(11,'Comuna 11'),(12,'Comuna 12'),(13,'Comuna 13'),(14,'Comuna 14'),(15,'Comuna 15');
/*!40000 ALTER TABLE `comuna` ENABLE KEYS */;
UNLOCK TABLES;

--
-- Table structure for table `estaciones`
--

DROP TABLE IF EXISTS `estaciones`;
/*!40101 SET @saved_cs_client     = @@character_set_client */;
/*!50503 SET character_set_client = utf8mb4 */;
CREATE TABLE `estaciones` (
  `id_estacion` int NOT NULL,
  `nombre` varchar(40) NOT NULL,
  `direccion` varchar(60) NOT NULL,
  `id_barrio` int NOT NULL,
  `latitud` decimal(9,6) DEFAULT NULL,
  `longitud` decimal(9,6) DEFAULT NULL,
  PRIMARY KEY (`id_estacion`),
  KEY `id_barrio` (`id_barrio`),
  CONSTRAINT `estaciones_ibfk_1` FOREIGN KEY (`id_barrio`) REFERENCES `barrio` (`id_barrio`)
) ENGINE=InnoDB DEFAULT CHARSET=utf8mb4 COLLATE=utf8mb4_0900_ai_ci;
/*!40101 SET character_set_client = @saved_cs_client */;

--
-- Dumping data for table `estaciones`
--

LOCK TABLES `estaciones` WRITE;
/*!40000 ALTER TABLE `estaciones` DISABLE KEYS */;
INSERT INTO `estaciones` VALUES (2,'RETIRO I','AV. Dr. José María Ramos Mejía 1300',29,-34.592424,-58.374710),(3,'ADUANA','Av. Paseo Colón 380',18,-34.612207,-58.369129),(4,'PLAZA ROMA','Av. Corrientes 100',32,-34.603008,-58.368856),(5,'PLAZA ITALIA','Av. Sarmiento 2601',22,-34.580550,-58.420954),(6,'PARQUE LEZAMA','Avenida Martin Garcia, 295',33,-34.628526,-58.369758),(7,'OBELISCO','CARLOS PELEGRINI 215',32,-34.606498,-58.381098),(8,'CONGRESO','Cevallos, Virrey& Yrigoyen, Hipolito Av.',18,-34.609422,-58.389336),(9,'PARQUE LAS HERAS','2300 Diaz, Cnel. Av. & French',22,-34.585443,-58.407741),(12,'PLAZA VICENTE LOPEZ','Parana & Juncal',28,-34.592710,-58.388807),(13,'ONCE','Av. Pueyrredon & Av. Rivadavia',3,-34.610090,-58.406000),(14,'PACIFICO','Santa Fe Av. & Bullrich, Int. Av.',22,-34.577424,-58.426387),(17,'PLAZA ALMAGRO','441 Bulnes & Peron, Juan Domingo, Tte. General',2,-34.606410,-58.418731),(21,'PARQUE PATRICIOS','Iguazu & Uspallata',26,-34.640111,-58.406432),(22,'ARENALES','Cerrito & Arenales',29,-34.593863,-58.382550),(24,'ALSINA','Adolfo Alsina& Bernardo De Irigoyen',18,-34.610583,-58.380894),(25,'PLAZA GUEMES','Salguero, Jeronimo & Mansilla, Lucio Norberto, General',22,-34.589427,-58.416118),(26,'JUANA MANSO I','Manso Juana & De La Barra, Emma',27,-34.600752,-58.363872),(27,'MONTEVIDEO','Cordoba Av. & Montevideo',28,-34.599068,-58.390089),(29,'PARQUE CENTENARIO','Av. Patricias Argentinas & Estivao',7,-34.607941,-58.433557),(30,'PEÑA','Peña & Azcuenaga',28,-34.590821,-58.397370),(32,'CATEDRAL','Bartolomé Mitre & San Martín',32,-34.606745,-58.373656),(33,'FACULTAD DE MEDICINA','Pres. José Evaristo Uriburu 987',28,-34.597091,-58.398981),(35,'INGENIERO BUTTY','Ing. E. Butty 291',29,-34.596425,-58.371847),(36,'MAIPÚ','Tucumán 536',32,-34.601060,-58.374535),(38,'PLAZA LIBERTAD','Cerrito 990 y Av. Marcelo T. De Alvear',29,-34.597050,-58.382840),(41,'PARQUE PATRICIOS II','Av Caseros 3015',26,-34.637123,-58.405888),(43,'CENTRO DE EXPOSICIONES','2133 Figueroa Alcorta',28,-34.584018,-58.389921),(44,'ECOPARQUE','Av. Del Libertador, 3260',22,-34.575515,-58.413883),(45,'URUGUAY','561 Uruguay & Av. Tucuman',32,-34.601864,-58.386693),(46,'CHILE','Perú 718',33,-34.616373,-58.374370),(48,'COLONIA EXPRESS','Elvira Rawson de Dellepiane 150',27,-34.623640,-58.363245),(49,'33 ORIENTALES','Constitución 4288',6,-34.629176,-58.424820),(50,'HOSPITAL RIVADAVIA','2516 Pereyra Lucena',22,-34.583735,-58.401080),(54,'ACUÑA DE FIGUEROA','Lavalle 4015',2,-34.598210,-58.422069),(56,'PLAZA PALERMO VIEJO','Costa Rica & Armenia',22,-34.588567,-58.425999),(57,'BELGRANO','Balcarce 482',18,-34.613250,-58.370645),(58,'MINISTRO CARRANZA','Santa Fe Av. & Dorrego',22,-34.575277,-58.434688),(59,'INDEPENDENCIA','Idependencia y Bernardo de Irigoyen',11,-34.617654,-58.380565),(60,'25 DE MAYO','527 25 De Mayo',32,-34.601651,-58.371079),(61,'BENITO JUAREZ',' Benito Juarez 2231',19,-34.618927,-58.505177),(63,'RECONQUISTA','Viamonte 555',32,-34.599778,-58.374687),(64,'RIOBAMBA','Riobamba 1264 & Juncal',28,-34.593651,-58.394109),(65,'JULIÁN ÁLVAREZ','3822 Guemes',22,-34.587312,-58.415787),(66,'BILLINGHURST','3508 Carcova',28,-34.594547,-58.413871),(68,'PARQUE SAAVEDRA','García del Río 3590',30,-34.552148,-58.480464),(69,'ECUADOR','1226 Ecuador & Mansilla, Lucio Norberto, General',28,-34.596101,-58.404609),(70,'ARAOZ','1413 Araoz & Gorriti CABA',22,-34.592686,-58.426060),(71,'CERRITO','Libertad & lavalle',32,-34.602667,-58.383356),(73,'RUY DÍAZ DE GUZMÁN','Avenida Martin Garcia y Ruy Díaz de Guzmán',4,-34.630681,-58.371824),(74,'INSTITUTO LELOIR','Juana De Ibarbourou & Av Patricias Argentinas',7,-34.604390,-58.434540),(75,'PLAZA PRIMERO DE MAYO','238 Pichincha',3,-34.612298,-58.398987),(76,'AYACUCHO','Ayacucho &Peron, Juan Domingo, Tte. General',3,-34.607408,-58.395055),(77,'ESTACION PUEYRREDON','Bolivia 5071',43,-34.581135,-58.501487),(79,'AZUCENA VILLAFLOR','Villaflor, Azucena & Dealessi, Pierina',27,-34.611890,-58.363930),(80,'VALLE','Valle 486',7,-34.624581,-58.434123),(82,'HOSPITAL ITALIANO','394 Rawson & Potosi',2,-34.607892,-58.426395),(83,'PARANÁ','1590 Lavalle',32,-34.603269,-58.389373),(85,'AGUERO','Aguero & Mansilla, Lucio Norberto, General',28,-34.594806,-58.409178),(86,'SAAVEDRA','1019 Saavedra',31,-34.621268,-58.401681),(87,'GUAYAQUIL','Guayaquil & Doblas',7,-34.619845,-58.431494),(89,'CABELLO','3082 Cabello',22,-34.582547,-58.405667),(91,'PASCO','708 Pasco & Chile',3,-34.617448,-58.397602),(92,'SALCEDO','2908 Salcedo & Dean Funes',26,-34.631644,-58.405339),(93,'CARLOS CALVO','Sarandi 1010',31,-34.620798,-58.394464),(94,'GÚZMAN','Av Guzman 129 & Leiva',8,-34.591511,-58.449652),(95,'ESMERALDA','Av. Antártida Argentina & Cecilia Grierson',29,-34.595653,-58.369162),(96,'CARLOS GARDEL','3302 Guardia Vieja & Aguero',3,-34.602781,-58.411659),(98,'CLAUDIA PÍA BAUDRACCO','Esmeralda y Rivadavia',32,-34.608164,-58.377900),(99,'MALABIA','780 Malabia & Loyola',36,-34.596096,-58.435408),(101,'FITZ ROY','Fitz Roy  1092 & Loyola',8,-34.589186,-58.442440),(102,'ROSETI','ROSETI 390',8,-34.585121,-58.449299),(104,'FEDERICO LACROZE','Av. Guzman 1100 & Av. Corrientes',8,-34.587617,-58.455212),(107,'HOSPITAL GARRAHAN','Brasil 2290',26,-34.630377,-58.395844),(111,'MACACHA GUEMES','Macacha Guemes 350',5,-34.605488,-58.364686),(112,'9 DE JULIO','Bernardo Irigoyen 320',18,-34.612075,-58.380384),(114,'TORRE MACRO',' Av. Eduardo Madero 1180',29,-34.593989,-58.371424),(116,'HOSPITAL ALEMÁN',' Juncal 2407',28,-34.591472,-58.401282),(117,'HUMBERTO 1°','Av. Carlos Calvo 513',33,-34.619553,-58.373159),(118,'MEXICO','Saavedra & Mexico',3,-34.617020,-58.402653),(120,'HOSPITAL RAMOS MEJIA','3084 Agrelo',3,-34.617509,-58.409288),(121,'YATAY','925 Yatay& Humahuaca',2,-34.601173,-58.428509),(122,'COSTA RICA','COSTA RICA 4060',22,-34.591561,-58.419816),(124,'UGARTECHE',' Juan María Gutiérrez 2069',22,-34.581114,-58.412625),(126,'MINISTERIO DE JUSTICIA Y SEGURIDAD','Olavarría 1201',4,-34.639225,-58.369589),(128,'PARQUE DEL BAJO','Tte. Gral. Juan Domingo Perón 133',32,-34.605152,-58.368821),(130,'RETIRO II','Av. Dr. José María Ramos Mejía 1350',29,-34.591738,-58.374364),(131,'HOSPITAL DE CLÍNICAS','Uriburu Jose E., Pres. & Paraguay',28,-34.598404,-58.399016),(132,'CORRIENTES','Reconquista & Corrientes Av.',32,-34.603368,-58.372763),(134,'SOLDADO DE LA FRONTERA','Ana Díaz 5899',40,-34.683188,-58.468952),(135,'MARCELO T. DE ALVEAR','Esmeralda & Paraguay',29,-34.597642,-58.378363),(137,'AZOPARDO Y CHILE','AZOPARDO 700',18,-34.615598,-58.367492),(138,'HOSPITAL BRITANICO','153 Perdriel',4,-34.635360,-58.387672),(144,'PUEYRREDÓN','684 Boulogne Sur Mer & Tucuman',3,-34.601874,-58.406094),(146,'HOSPITAL FRANCÉS','3024 Calvo, Carlos',31,-34.622112,-58.407842),(148,'PARQUE AVELLANEDA II','Av. Directorio 4295 ',23,-34.645177,-58.484555),(149,'LIMA','México & Lima',18,-34.615327,-58.381364),(150,'RODRIGO BUENO','Av. España 2200',27,-34.618755,-58.355465),(151,'AIME PAINÉ','Av. de los Italianos 1200',27,-34.611298,-58.359138),(152,'JULIETA LANTERI','Vera Peñaloza, Rosario 599 & Lanteri Julieta',27,-34.618164,-58.359631),(153,'JUAN MANUEL DE BLANES','Av. Almirante Brown 653',14,-34.631028,-58.362888),(155,'PARQUE JOSÉ EVARISTO URIBURU',' Quilmes 491',20,-34.645082,-58.417492),(156,'PLAZA ALEMANIA','2939 Cavia',22,-34.577590,-58.407470),(158,'VILLARROEL','1321 Villarroel & Humboldt CABA',36,-34.592735,-58.445070),(161,'HUMAHUACA','3912 Humahuaca',2,-34.602078,-58.419676),(162,'LARREA Y BARTOLOMÉ MITRE','80 Larrea',3,-34.608985,-58.401924),(163,'ONCE II','Bartolome Mitre & Av. Puyrredon',3,-34.609566,-58.406431),(164,'FACULTAD DE INGENIERIA','AV. PASEO COLÓN 811',33,-34.617301,-58.369898),(165,'PLAZA MONSEÑOR MIGUEL DE ANDREA','Dr Tomas Manuel De  Anchorena &  Jose A. Cabrera',28,-34.597048,-58.407614),(166,'CEMENTERIO DE RECOLETA','Vicente López 2100',28,-34.588347,-58.394148),(167,'PLAZA 24 DE SEPTIEMBRE','1355 San Martin Av.',36,-34.606984,-58.448540),(168,'ESTADOS UNIDOS','Estados Unidos & Lima',11,-34.618622,-58.381227),(169,'FACULTAD DE PSICOLOGIA','Av. Hipólito Yrigoyen 3417',2,-34.613071,-58.414971),(171,'PASTEUR','519 Pasteur',3,-34.603281,-58.399755),(172,'BRASIL','BRASIL&DEFENSA',33,-34.625426,-58.371082),(174,'MINISTERIO DE EDUCACION','Marcelo T. de Alvear & Rodriguez Peña',28,-34.597225,-58.391768),(175,'CONSTITUCIÓN','Avenida Juan de Garay 1050',11,-34.626851,-58.380707),(176,'PARQUE SARMIENTO I','Av. Dr. Ricardo Balbín 4402',30,-34.555254,-58.494845),(177,'PLANETARIO','Av Casares y Av Belisario Roldan',22,-34.568165,-58.412121),(179,'CASA SAN','Olavarría 811',14,-34.638479,-58.364288),(181,'BILLINGHURST Y MANSILLA','1520 Billinghurst & Mansilla, Lucio Norberto, General',28,-34.592665,-58.412007),(182,'RAVIGNANI Y GUATEMALA','2185 Ravignani, Emilio, Dr. & Guatemala',22,-34.578048,-58.435247),(183,'VIRREY CEVALLOS','Mexico 1652',18,-34.615699,-58.389973),(184,'PEDRO ECHAGUE','Pedro Echague 1878 & Combate De Los Pozos',26,-34.630613,-58.391342),(186,'MANZANA 66','2875 Moreno',3,-34.613636,-58.406442),(187,'QUINTEROS LIDORO','1483 Quinteros, Lidoro J. Av.',5,-34.552571,-58.450897),(188,'JORGELINA DE SIMONE','Cochabamba 1799',11,-34.623930,-58.391250),(189,'POSADAS','1350 Posadas',28,-34.588689,-58.385211),(190,'JUNCAL','Juncal & Salguero, Jeronimo',22,-34.585076,-58.411114),(191,'RIVADAVIA Y 9 DE JULIO','Pellegrini Y Rivadavia Av.',32,-34.607930,-58.380836),(193,'ARENALES Y AGUERO','Arenales y Aguero',28,-34.590863,-58.406165),(194,'PERÓN Y ACUÑA DE FIGUEROA','3997 TTE. GENERAL JUAN DOMINGO PERON',2,-34.606076,-58.422464),(196,'HOSPITAL ARGERICH','750 Pi y Margall',14,-34.627767,-58.366025),(197,'PLAZA CIUDAD DE UDINE','Mercedes 1480',13,-34.620998,-58.493044),(199,'ESTADOS UNIDOS Y BOEDO','3568 Estados Unidos & Boedo Av.',6,-34.622260,-58.416014),(200,'AUSTRIA Y FRENCH','Austria 2075',28,-34.588300,-58.404261),(202,'FACULTAD DE DERECHO','Av. Pres. Figueroa Alcorta 2120',28,-34.583749,-58.390602),(203,'USINA DEL ARTE','Caffarena, Agustin R. & Don Pedro De Mendoza Av.',14,-34.628757,-58.356259),(204,'HIPÓLITO YRIGOYEN','4300 Yrigoyen, Hipolito Av.',2,-34.614948,-58.427818),(206,'FITZ ROY & GORRITI','Fitz Roy & Gorriti',22,-34.584950,-58.437339),(207,'BASUALDO Y RODO','Guardia Nacional 1700',17,-34.652377,-58.487359),(208,'RAVIGNANI','EMILIO RAVIGNANI 1802',22,-34.580716,-58.438404),(210,'GENERAL URQUIZA','Figueroa Alcorta & Sarmiento',22,-34.572165,-58.411278),(212,'VELASCO','J.Ramirez de Velasco 285',36,-34.600275,-58.434875),(213,'ACEVEDO','Acevedo y Padilla',36,-34.599659,-58.442685),(214,'ARMENIA Y GORRITI','Armenia 1525 y Gorriti',22,-34.590541,-58.428974),(215,'GUATEMALA','Guatemala 4773',22,-34.585878,-58.424996),(216,'CORONEL DIAZ','Guemes 3330 & Coronel Diaz',22,-34.589968,-58.411493),(219,'LAS CASAS','Metan 3661',6,-34.636027,-58.415633),(220,'AVELINO DIAZ','Avelino Diaz&Doblas',24,-34.635128,-58.427573),(222,'GODOY CRUZ Y LIBERTADOR','Av. Cerviño 4301',22,-34.575919,-58.418543),(223,'JOSÉ MARMOL','803 José Marmol',6,-34.623400,-58.424853),(227,'ARANGUREN','Dr. Juan Felipe Aranguren 131',7,-34.610361,-58.432763),(228,'MADERO UCA','1600 Moreau De Justo, Alicia Av.',27,-34.616488,-58.365668),(229,'PLAZOLETA CELEDONIO FLORES','Cordoba 6599',8,-34.581576,-58.451530),(230,'PLAZA CASTELLI','Echeverria 3249',5,-34.567826,-58.464504),(231,'PLAZA BENITO NAZAR','VALENTIN VIRASORO 1349',36,-34.605118,-58.446000),(232,'TAMBORINI','Tamborini 3821',9,-34.559978,-58.479058),(234,'UNIVERSIDAD DI TELLA','Figueroa Alcorta 7285',5,-34.547232,-58.446802),(235,'VILLA URQUIZA','Av. Triunvirato 4800',48,-34.573734,-58.486924),(236,'PLAZA RAFAEL HERNANDEZ','Vuelta de Obligado 2004',5,-34.562161,-58.455166),(237,'ESTACION VILLA LURO','Virgilio 90',41,-34.636709,-58.501355),(239,'PLAZA REPÚBLICA DE ECUADOR','Av. Pres. Figueroa Alcorta 5201',22,-34.565337,-58.420621),(240,'VIDAL','Av. Cramer 2900',5,-34.558137,-58.467259),(241,'VILLA DEL PARQUE','Gutierrez, Ricardo 3105',37,-34.600874,-58.494123),(242,'MALBA','Av. Pres. Figueroa Alcorta 3451',22,-34.576949,-58.403984),(245,'HUSARES','Husares 2201',5,-34.552594,-58.442940),(247,'TRONADOR','Triunvirato Av. & Tronador',42,-34.583896,-58.466494),(248,'PLAZA ZAPIOLA','2001 Donado',48,-34.573522,-58.474635),(249,'LEONARDO PEREYRA','LUZURIAGA 1400',4,-34.650647,-58.387234),(251,'PLAZA JOSE C PAZ','Dr. Prof. Pedro Chutro 2881',26,-34.641728,-58.402483),(252,'CALIFORNIA','California 1774 y General Hornos',4,-34.647121,-58.374336),(253,'BOEDO Y VENEZUELA','BOEDO 339',2,-34.616354,-58.417074),(254,'PRIMERA JUNTA','Av. Rivadavia 5408 ',7,-34.620794,-58.441351),(255,'PUAN','Yerbal 1290',7,-34.622092,-58.448547),(257,'PLAZA MARCOS SASTRE','Miller & Monroe',48,-34.570825,-58.481236),(258,'LA PAMPA','La Pampa 2512 & Ciudad de la Paz',5,-34.565521,-58.455334),(259,'CLUB EXCURSIONISTAS','Migueletes 1782 (y La Pampa)',5,-34.559152,-58.444176),(260,'PASEO DE LAS AMERICAS','Av. Pres Figueroa Alcorta 6400',5,-34.553079,-58.435223),(261,'PLAZA BRUNO GIORDANO','Bruno Giordano&Neuquen',7,-34.616151,-58.440584),(262,'PLAZA SAENZ PEÑA','Andrés Lamas 1699',39,-34.609709,-58.467297),(263,'PLAZA DEL ANGEL GRIS','Calcena & Avellaneda Av.',12,-34.622003,-58.457555),(264,'BALBIN II','Av. Dr. Ricardo Balbín y Crisólogo Larralde',30,-34.555931,-58.481232),(265,'PLAZA DON SEGUNDO SOMBRA','2347 Santander',12,-34.641960,-58.450500),(267,'BEIRO Y SAN MARTÍN','3209 Av. Francisco Beiro',38,-34.597612,-58.498542),(268,'GARCIA DEL RIO','Av. García del Río 3182',30,-34.550300,-58.477000),(269,'SAN MIGUEL DE GARICOITS','Delgado & Loreto, Virrey',10,-34.577329,-58.457799),(270,'BEAUCHEF','1995 Beauchef',24,-34.640114,-58.430260),(271,'VENANCIO FLORES','Venancio Flores 3170',12,-34.629967,-58.473725),(273,'GAINZA','494 Gainza, Martin De, Gral.',7,-34.616758,-58.446751),(275,'PLAZA NORUEGA','Amenabar y Mendoza',5,-34.562277,-58.459289),(277,'PLAZA BOLIVIA','Olleros Av. & Del Libertador Av.',22,-34.563539,-58.436115),(278,'MONROE','2519 Superi',9,-34.564122,-58.469813),(280,'SIMON BOLIVAR','1701 Fernandez Moreno, Baldomero',24,-34.633528,-58.449379),(281,'PLAZA IRLANDA','Av. Gaona 2200',7,-34.613778,-58.458315),(284,'RIGLOS','1019 Riglos',24,-34.631018,-58.435056),(289,'BARRANCAS DE BELGRANO','Sucre, Antonio Jose De, Mcal. Y Vertiz Virrey Av.',5,-34.559801,-58.448314),(291,'UADE','Lima 750',18,-34.617247,-58.381627),(294,'UDAONDO','AV. GUILLERMO UDAONDO 1290',5,-34.547131,-58.452466),(299,'CULPINA','Culpina 121',12,-34.631705,-58.466143),(301,'UTN II','Saraza y Mozart',40,-34.660362,-58.467639),(302,'PLAZA NUEVA POMPEYA','3817 Traful',20,-34.651846,-58.415771),(304,'AGRONOMIA II','Av. Francisco Beiró 2120',1,-34.589300,-58.484800),(307,'COMUNA 4','AV PERITO MORENO 2881',20,-34.649997,-58.424773),(308,'SOLAR DE LA ABADÍA','Maure 1819',22,-34.567633,-58.436752),(309,'PLAZA DR. JUAN B. TERAN','Nogoya 5525',44,-34.621412,-58.519781),(310,'ESTACIÓN LUGANO','Martiniano Leguizamón 4401',40,-34.679483,-58.474249),(311,'HOSPITAL ALVEAR','Av. Warnes 2626',15,-34.597210,-58.474211),(316,'SAN MARTIN','1471 Cucha Cucha',36,-34.605567,-58.453475),(318,'ESPINOSA','1785 Espinosa',36,-34.603936,-58.457317),(322,'MONTAÑESES','2786 Montañeses',5,-34.551304,-58.454181),(323,'ECHEVERRIA','1981 Vidal',5,-34.565409,-58.459298),(324,'JURAMENTO','5209 Juramento',48,-34.578933,-58.484056),(327,'VILLA OLÍMPICA','Escalada 4347',40,-34.677131,-58.454286),(329,'PLAZA GURRUCHAGA','Gurruchaga 1084',36,-34.593110,-58.435066),(330,'LA PATERNAL','PUNTA  ARENAS  1798',15,-34.600831,-58.472127),(333,'BEIRO','Beiro 3572, CABA',37,-34.600800,-58.503350),(335,'GALICIA','2502 Galicia',39,-34.615945,-58.470980),(336,'PLAZA ARENALES','Nueva York 3949',38,-34.599731,-58.511146),(340,'PLAZA BALCARCE','Jaramillo 2312',21,-34.547540,-58.467844),(342,'CAMPANA','1523 Campana',46,-34.616813,-58.484297),(348,'MARGARIÑOS CERVANTES','2465 Margariños Cervantes',39,-34.610482,-58.474369),(349,'SUCRE Y MARTINEZ','Mcal. Antonio José de Sucre 3515',5,-34.570387,-58.466312),(353,'MADERO OFFICE','367 Sanchez De Thompson, Mariquita',27,-34.599036,-58.364695),(355,'PLAZOLETA RAFAEL DEL RIEGO','o´higins 1327',22,-34.567483,-58.446381),(358,'VIDAL','Vidal 2501',5,-34.560311,-58.463643),(359,'FLENI','2292 Montañeses',5,-34.555602,-58.450479),(361,'PLAZA J.J. PASO','1399 Moldes',10,-34.569187,-58.453608),(362,'HOLMBERG','Holmberg 2819 y Nahuel Huapi',48,-34.566033,-58.479879),(363,'JOSÉ MARTÍ','Eva Perón 3321',12,-34.643900,-58.463114),(364,'MATIENZO Y ARCE','Teniente Benjamín Matienzo 1998',22,-34.570161,-58.435580),(366,'PLAZA RAMON FALCON','Cnel. Ramón L. Falcón 3992',34,-34.635278,-58.482533),(367,'BELAUSTEGUI','Belaustegui 2910',46,-34.616659,-58.477706),(368,'AGRONOMIA','Enzo Brdabehere 2897',37,-34.599938,-58.481323),(369,'NAVARRO','Navarro 2625',1,-34.592244,-58.491797),(370,'PLAZA MARTIN RODRIGUEZ','3016 Pareja',43,-34.590964,-58.500336),(371,'PLAZA DE LA MISERICORDIA','LAUTARO 400',12,-34.631700,-58.455340),(372,'MARTÍ Y DIRECTORIO','404 Marti, Jose',12,-34.636406,-58.470136),(373,'PLAZA EXODO JUJEÑO','Liverpool 2812',25,-34.582337,-58.481083),(374,'EVA PERÓN','Primera Junta 3898',23,-34.647100,-58.469800),(375,'ARREGUI Y TERRADA','2793 Arregui',37,-34.604597,-58.484812),(376,'LAS VICTORIAS','Av. Gaona 4660',13,-34.627403,-58.488112),(378,'HOSPITAL ALVAREZ','Bolivia 683',12,-34.623123,-58.468287),(379,'DE LOS OMBUES','Av. de los Ombúes 300',22,-34.560200,-58.428100),(381,'GAVILÁN','Gavilán 1200',39,-34.616247,-58.465884),(382,'BIARRITZ','Biarritz 2403',37,-34.605431,-58.477255),(383,'PLAZA ECHEVERRIA','Av. Triunvirato 5100 y Nahuel Huapi 5150',48,-34.571799,-58.489541),(384,'PLAZA 25 DE AGOSTO','14 de julio de 1194',42,-34.579519,-58.461835),(385,'PLAZA ARISTÓBULO DEL VALLE','Campana & Marcos Sastre  ',37,-34.606160,-58.493141),(386,'COGHLAN','2647 Estomba',9,-34.565400,-58.475900),(387,'DONATO ALVAREZ','1540 Garcia, Juan Agustin',15,-34.602028,-58.465568),(392,'TRONADOR Y GARCÍA DEL RÍO','Tronador y Garcia del Rio',30,-34.554581,-58.485381),(393,'JOSE ARTIGAS','Av. del Campo 1301',42,-34.590273,-58.466932),(395,'HUAURA','Huaura 1405 y Fitz Roy',36,-34.596849,-58.453280),(400,'DE LOS INCAS','Av. de los Incas 4138',42,-34.578990,-58.469820),(403,'BUENOS AIRES','Suarez 3150',4,-34.644684,-58.393876),(407,'PARQUE AVELLANEDA','Remedios 3895',23,-34.642425,-58.478266),(408,'CERRETTI Y MANUELA PEDRAZA','Ceretti 3407',48,-34.569120,-58.500250),(412,'VILLA SOLDATI','Carlos María Ramírez 2510',47,-34.660448,-58.432017),(413,'MERCADO DE HACIENDA MATADEROS','Av. Lisandro de la Torre 2319',17,-34.661817,-58.501330),(414,'FRANKLIN','Franklin 1100',7,-34.611280,-58.450043),(416,'PLAZA FRANCISCO RAMIREZ','2700 Pedraza, Manuela',21,-34.553262,-58.469133),(417,'PLAZA LEONARDO N. ALEM','Cochrane 2407',43,-34.576340,-58.502480),(418,'PLAZA MAFALDA','Conde & Concepción Arenal',10,-34.580938,-58.444580),(420,'CIUDAD UNIVERSITARIA I','INTENDENTE GUIRALDES 2160 - PABELLÓN I',5,-34.544600,-58.439600),(422,'PARQUE SARMIENTO II','Alfonsina Storni 3771',30,-34.564540,-58.502890),(423,'PLAZA ALBERDI','Crisólogo Larralde 4544',30,-34.559255,-58.487772),(424,'LUNA','Luna 301',26,-34.639807,-58.399050),(425,'AV. LA PLATA','Av. La Plata 2400',20,-34.643013,-58.422843),(426,'PLAZA ALBERTI','ARCOS 2665',5,-34.555700,-58.457900),(427,'PARQUE SANTOJANNI','ACASSUSO 6373',16,-34.648402,-58.513645),(428,'HOSPITAL TORNU','1052 Avalos',25,-34.587458,-58.473951),(429,'PLAZA EJERCITO DE LOS ANDES','Av. Rivadavia y Albariño',16,-34.638974,-58.510102),(431,'PARQUE DE LA MEMORIA','Av. Costanera Rafael Obligado 7200',5,-34.542628,-58.436913),(432,'JOSE MARIA MORENO','141 Jose Maria Moreno',7,-34.619879,-58.435801),(433,'PLAZOLETA COLOMBIA','1619 Brandsen',4,-34.637697,-58.373726),(434,'PLAZA LUCIO DEMARE','O`Higgins 3750',21,-34.545690,-58.465140),(435,'CLUB CIUDAD DE BUENOS AIRES','Miguel Sanchez y Av Libertadores',21,-34.544503,-58.459499),(436,'PLAZA COLEGIALES','Tte. Benjamin Matienzo 2886',10,-34.576530,-58.443490),(440,'ARMENIA','ARMENIA 1525 y GORRITI',22,-34.590648,-58.428899),(442,'PERON','NUÑEZ 3486',9,-34.555484,-58.476804),(444,'MINISTERIO DE ECONOMIA','Balcarce e Yrigoyen, Hipolito Av.',18,-34.608936,-58.370716),(449,'SAN JOSE DE FLORES','Av. Rivadavia 6955',12,-34.628836,-58.463297),(453,'PLAZA DE LA BANDERA','Av. Gaona 5181',34,-34.629480,-58.494485),(454,'PLAZA DERECHOS DEL HOMBRE','CORTINA 551',41,-34.634030,-58.506940),(455,'PLAZA DON BOSCO','Elpidio Gonzalez 5181',19,-34.626520,-58.508050),(457,'PLAZA CD DE BANFF','ROMA 786',35,-34.628050,-58.521740),(458,'PARQUE CHACABUCO II','AV. ASAMBLEA 1400',24,-34.636426,-58.444007),(460,'BEIRO Y SEGUROLA','Segurola 3194',38,-34.607500,-58.511930),(461,'MOSCONI Y CONSTITUYENTES','CONSTITUYENTES 4710',43,-34.580880,-58.493630),(464,'CIUDAD UNIVERSITARIA III','Intendente Guiraldes 2160 - Pabellón III',5,-34.541000,-58.444100),(465,'HOSPITAL SIRIO','Gabriela Mistral 3325 y Campana',38,-34.590462,-58.507117),(466,'PARQUE DE LA ESTACIÓN','Dr. Tomás Manuel de Anchorena 170',3,-34.608096,-58.411840),(468,'TEATRO PICADERO','Riobamba 403',3,-34.604229,-58.393738),(469,'PARQUE ONEGA','Av. Gral.Mosconi 3780',38,-34.593418,-58.513837),(471,'EL LIBERTADOR','Av. San Martín 6220',38,-34.594729,-58.503309),(472,'FREIRE II','Tte. Gral Ramón Freire 1003',10,-34.575129,-58.452756),(473,'EMILIO LAMARCA','EMILIO LAMARCA 2066',37,-34.613403,-58.493358),(474,'BAIGORRIA','Baigorria 4101',19,-34.610892,-58.503020),(475,'PLAZA LAS TOSCANERAS','Ramón Lista 5500 (y Moliere)',44,-34.616541,-58.526018),(476,'PLAZA MONTE CASTRO','Gualeguaychú 1900',19,-34.618292,-58.498525),(477,'SEC. DE INNOVACION Y TRANSFORMACIÓN','Av. Caseros 2309',26,-34.635005,-58.395054),(478,'AMENABAR','Teodoro García 2613',10,-34.572056,-58.447524),(479,'CARABOBO','Pumacahua 9',12,-34.626288,-58.455300),(480,'PLAZA VÉLEZ SARSFIELD','Chivilcoy 400',13,-34.629334,-58.483603),(481,'PLAZA LARRAZABAL','AV. LARRAZABAL 380',16,-34.643038,-58.512700),(482,'PASEO DE LA COSTANERA','Av. Costanera Rafael Obligado 6200',5,-34.550468,-58.430024),(483,'PLAZA MACKENNA','CRAMER 4500',30,-34.543689,-58.477126),(484,'SUPERÍ','NUÑEZ 3486',9,-34.555484,-58.476804),(485,'PASEO DE LA COSTANERA II','Av. Costanera Rafael Obligado 5100',22,-34.553465,-58.421440),(486,'PLAZA FELIX LIMA','RAMALLO 2200',21,-34.542090,-58.470570),(487,'AVENIDA CRAMER','Av. Cramer 2900',5,-34.558137,-58.467259),(488,'AVENIDA TRIUNVIRATO','Av. Triunvirato 5752',48,-34.565709,-58.495218),(489,'SECRETARÍA DE DEPORTES','AV LIBERTADOR 7100',21,-34.547604,-58.456566),(490,'COSTANERA NORTE','AV. Costanera Rafael del Obligado 1700',22,-34.564771,-58.402021),(491,'PLAZA SABATTINI','Honorio Pueyrredón 695 ',7,-34.612004,-58.442154),(492,'MEDRANO','3905 Bartolomé Mitre',2,-34.609710,-58.421563),(493,'NICASIO OROÑO','Nicasio Oroño 2598',15,-34.596744,-58.459403),(494,'ALLENDE','Allende 2794',38,-34.614788,-58.511672),(496,'CAMPANA II','Cochrane 3298 (y Campana)',43,-34.583160,-58.513166),(497,'CERRETTI','Ceretti 2892',48,-34.574424,-58.496232),(498,'HABANA','Gral. José Gervasio Artigas 4298 (y Habana)',43,-34.586598,-58.494959),(499,'FILOSOFIA Y LETRAS','José Bonifacio 1407',7,-34.628556,-58.446814),(500,'COMUNA 13','Ibera 2377',21,-34.553212,-58.464224),(501,'GRECIA','Grecia 3290',21,-34.549249,-58.461941),(502,'SAN ISIDRO LABRADOR','Av. San Isidro Labrador 4850',30,-34.540675,-58.475225),(503,'TRES ARROYOS','Paysandú 1491',7,-34.607201,-58.456406),(504,'MORÓN','Morón 3089',12,-34.624720,-58.475180),(505,'AV. J. B. JUSTO','Emilio Lamarca 915 (y Av. Juan B. Justo)',46,-34.622641,-58.482020),(507,'VILLA SOLDATI II','23 de junio 4249',47,-34.673248,-58.455319),(508,'RAFAELA','Rafaela 4811',41,-34.639172,-58.494786),(509,'VELEZ SARSFIELD','Av. Carrasco 214',34,-34.633638,-58.489810),(511,'AV. FOREST','Delgado 1569 (y Av. Forest)',10,-34.575441,-58.462689),(512,'PARQUE CHAS','Av. De los Incas 4535',25,-34.581615,-58.475057),(513,'SAN MARTIN II','Av. San Martín 5129',1,-34.597130,-58.490739),(515,'PLAZOLETA RÍO DE LA PLATA','Av. Sarmiento 500',22,-34.574246,-58.414655),(516,'PLAZA DE LA SHOÁ','Av. Del Libertador 3899',22,-34.570998,-58.423347),(517,'PACÍFICO II','Av. Int. Bullrich 300',22,-34.574501,-58.424814),(518,'LAS CAÑITAS','Clay 2818',22,-34.573899,-58.431782),(519,'AV. DEL LIBERTADOR','Av. Del Libertador 100',29,-34.592915,-58.375443),(520,'PARQUE OLIMPICO','Av. Coronel Roca 5252 (dentro del Parque Olímpico). ',47,-34.672632,-58.445518),(521,'AV. WARNES','Av. Warnes 2150',15,-34.596465,-58.466384),(522,'PLAZOLETA BENEDIT','Av. Warnes y Av. R. Scalabrini Ortiz',36,-34.602244,-58.442548),(523,'AV. ELCANO FIN DE VIDA','Av. Elcano 2998',10,-34.570812,-58.457868),(524,'AV. CABILDO','Av. Cabildo 2586',5,-34.557933,-58.460703),(525,'ESCUELA RAGGIO','Av. Libertador 8620 (y Pico)',21,-34.536691,-58.466813),(526,'NUÑEZ','Comodoro Martín Rivadavia 1630',21,-34.541628,-58.463404),(527,'AV. CORDOBA','Av. Cordoba 5403',22,-34.588727,-58.438386),(528,'SKATE PARK VILLA LURO',' Av. Rivadavia 9301',41,-34.636706,-58.495286),(530,'PARQUE RIVADAVIA','Av Rivadavia 4950',7,-34.616511,-58.432350),(531,'JOSE AMALFITANI','Av. Juan Bautista Justo 6383',35,-34.633622,-58.521258),(532,'INSTITUTO POLITÉCNICO MODELO','Av Constituyentes 5880',43,-34.573033,-58.503908),(533,'CRISOLOGO LARRALDE','Galván 3601',30,-34.561191,-58.492030),(534,'PARQUE DE LAS CIENCIAS','Soler 5300 ',22,-34.582962,-58.429979),(535,'HONORIO PUEYRREDON','Honorio Pueyrredón 1653',36,-34.602517,-58.449659),(536,'PLAZA  SAN MARTIN','Av. Santa Fe 716',29,-34.595474,-58.377482),(537,'AV. ELCANO','Av. ELCANO 3000',10,-34.570808,-58.458061),(538,'PARQUE DE LA INNOVACIÓN','Av. G. Udaondo 1146',21,-34.545091,-58.451432),(539,'JUAN DE GARAY','Av. Juan de Garay 1135',11,-34.626973,-58.380601),(540,'JORGE NEWBERY','Av. Costanera Rafael Obligado',22,-34.557710,-58.410330),(541,'AEROPARQUE','Av. Costanera Rafael Obligado',22,-34.555720,-58.413210),(542,'VICTOR MANUEL ACUÑA','Av. Costanera Rafael Obligado',22,-34.553860,-58.419500),(543,'CASA ROSADA','Av. Alicia Moreau de Justo 861',27,-34.607480,-58.366741),(544,'TEATRO COLÓN','Cerrito 698',32,-34.600598,-58.382361),(545,'DEL BARCO CENTENERA','Del Barco Centenera 741',7,-34.627801,-58.440321),(546,'COMUNA 7','Emilio Mitre 860',24,-34.631304,-58.441761),(547,'ALMAGRO','México 4000',2,-34.620169,-58.422097),(548,'PLAZA SUDAMERICA','Av. Piedrabuena 4901',45,-34.687767,-58.475178),(549,'EMILIO CASTRO','Av. Emilio Castro 6301',16,-34.649701,-58.510780),(550,'LINIERS','Av. Juan Bautista Justo 9710',16,-34.634808,-58.527098),(551,'LEGUIZAMON','Martiniano Leguizamón 599',16,-34.644804,-58.518867),(552,'DEVOTO','Ricardo Gutierrez 4224',38,-34.602851,-58.512609),(553,'JOSE LEON CABEZON','José León Cabezón 2516',43,-34.580192,-58.500942),(554,'BLANCO ENCALADA','Blanco Encalada 4118',48,-34.569853,-58.476743),(555,'RUIZ HUIDOBRO','Av Huidobro 3700',30,-34.550088,-58.485065),(556,'AREVALO','Arévalo 1408',22,-34.583613,-58.443602),(557,'BIBLIOTECA NACIONAL','Austria 2690',28,-34.583409,-58.397735),(558,'UBA SOCIALES','Santiago del Estero 1029 ',11,-34.620233,-58.384386),(559,'ALVEAR TENIS CLUB','C. José E. Rodo 4190',23,-34.641420,-58.482400),(560,'JUAN BAUTISTA ALBERDI','Av. Juan Bautista Alberdi 5799',17,-34.651081,-58.502125),(561,'GREGORIO DE LAFERRERE','Gregorio de Laferrere 4780',23,-34.653356,-58.481011),(562,'ALMAFUERTE','Av. Almafuerte 857',20,-34.647806,-58.415985),(563,'PARQUE GENERAL PAZ','Crisólogo Larralde 6100',30,-34.567738,-58.505283),(564,'QUESADA','Quesada y Pacheco.',48,-34.567604,-58.488762),(565,'HEREDIA','La Pampa 3800',42,-34.572986,-58.468138),(566,'PLAZA RAVIGNANI','Cnel. Ramón Lista 5200',38,-34.613250,-58.522861),(567,'UNIVERSIDAD DEL SALVADOR','Marcelo Torcuato de Alvear 1335',29,-34.596943,-58.385938),(568,'HONDURAS','Honduras 5190',22,-34.587550,-58.431960),(569,'HIPODROMO DE PALERMO','Av. del Libertador 4175',22,-34.568757,-58.427288),(570,'GIRALT','Av. Int. Hernan M. Giralt y Macacha Gúemes',27,-34.604631,-58.360814),(572,'BILBAO','Francisco Bilbao 2322',12,-34.634075,-58.459008),(573,'HERRERA','Aristóbulo del Valle 1895',4,-34.636766,-58.377960),(574,'EZEIZA','Ezeiza 2751',43,-34.575733,-58.509228),(575,'IBERA','Superí 3058',9,-34.559180,-58.474031),(576,'JARDIN BOTANICO','Santa Fe 4067',22,-34.581920,-58.420280),(577,'PICO','Arias 5000',30,-34.553587,-58.497587),(579,'NAZCA','Elpidio González 2907',46,-34.609599,-58.483173),(580,'PAVON','Maza 1616',6,-34.629987,-58.414560),(581,'PLAZA BOEDO','Sánchez de Loria1009',6,-34.621952,-58.412366),(582,'NEUQUEN','Neuquén 1385',7,-34.615700,-58.453128),(583,'ATAHUALPA','San Blas 4507',34,-34.622931,-58.498679),(584,'GUARDIA NACIONAL','Manuel Artigas 5196',17,-34.644633,-58.497097),(585,'SAN BLAS','Cuenca 1896',46,-34.612513,-58.485918),(586,'NOGOYA','Helguera 2828',37,-34.602927,-58.492247),(587,'PAYSANDU','Paysandú 573',7,-34.616370,-58.449870),(588,'HIDALGO','Hidalgo 1210',36,-34.606153,-58.441754),(589,'MUSEO DEL AGUA','Viamonte 1994',3,-34.600982,-58.395457),(590,'CHARCAS','Paraguay 4226',22,-34.586866,-58.421426);
/*!40000 ALTER TABLE `estaciones` ENABLE KEYS */;
UNLOCK TABLES;

--
-- Table structure for table `genero`
--

DROP TABLE IF EXISTS `genero`;
/*!40101 SET @saved_cs_client     = @@character_set_client */;
/*!50503 SET character_set_client = utf8mb4 */;
CREATE TABLE `genero` (
  `id_genero` int NOT NULL,
  `genero_usuario` varchar(10) DEFAULT NULL,
  PRIMARY KEY (`id_genero`)
) ENGINE=InnoDB DEFAULT CHARSET=utf8mb4 COLLATE=utf8mb4_0900_ai_ci;
/*!40101 SET character_set_client = @saved_cs_client */;

--
-- Dumping data for table `genero`
--

LOCK TABLES `genero` WRITE;
/*!40000 ALTER TABLE `genero` DISABLE KEYS */;
INSERT INTO `genero` VALUES (1,'femenino'),(2,'masculino'),(3,'otros');
/*!40000 ALTER TABLE `genero` ENABLE KEYS */;
UNLOCK TABLES;

--
-- Table structure for table `meses`
--

DROP TABLE IF EXISTS `meses`;
/*!40101 SET @saved_cs_client     = @@character_set_client */;
/*!50503 SET character_set_client = utf8mb4 */;
CREATE TABLE `meses` (
  `id_mes` int NOT NULL,
  `mes` varchar(15) DEFAULT NULL,
  PRIMARY KEY (`id_mes`)
) ENGINE=InnoDB DEFAULT CHARSET=utf8mb4 COLLATE=utf8mb4_0900_ai_ci;
/*!40101 SET character_set_client = @saved_cs_client */;

--
-- Dumping data for table `meses`
--

LOCK TABLES `meses` WRITE;
/*!40000 ALTER TABLE `meses` DISABLE KEYS */;
INSERT INTO `meses` VALUES (1,'Enero'),(2,'Febrero'),(3,'Marzo'),(4,'Abril'),(5,'Mayo'),(6,'Junio'),(7,'Julio'),(8,'Agosto'),(9,'Septiembre'),(10,'Octubre'),(11,'Noviembre'),(12,'Diciembre');
/*!40000 ALTER TABLE `meses` ENABLE KEYS */;
UNLOCK TABLES;

--
-- Table structure for table `modelo`
--

DROP TABLE IF EXISTS `modelo`;
/*!40101 SET @saved_cs_client     = @@character_set_client */;
/*!50503 SET character_set_client = utf8mb4 */;
CREATE TABLE `modelo` (
  `id_modelo` int NOT NULL,
  `modelo` varchar(10) DEFAULT NULL,
  PRIMARY KEY (`id_modelo`)
) ENGINE=InnoDB DEFAULT CHARSET=utf8mb4 COLLATE=utf8mb4_0900_ai_ci;
/*!40101 SET character_set_client = @saved_cs_client */;

--
-- Dumping data for table `modelo`
--

LOCK TABLES `modelo` WRITE;
/*!40000 ALTER TABLE `modelo` DISABLE KEYS */;
INSERT INTO `modelo` VALUES (1,'fit'),(2,'iconic');
/*!40000 ALTER TABLE `modelo` ENABLE KEYS */;
UNLOCK TABLES;

--
-- Table structure for table `precios`
--

DROP TABLE IF EXISTS `precios`;
/*!40101 SET @saved_cs_client     = @@character_set_client */;
/*!50503 SET character_set_client = utf8mb4 */;
CREATE TABLE `precios` (
  `id_precio` int NOT NULL,
  `precio` int NOT NULL,
  PRIMARY KEY (`id_precio`)
) ENGINE=InnoDB DEFAULT CHARSET=utf8mb4 COLLATE=utf8mb4_0900_ai_ci;
/*!40101 SET character_set_client = @saved_cs_client */;

--
-- Dumping data for table `precios`
--

LOCK TABLES `precios` WRITE;
/*!40000 ALTER TABLE `precios` DISABLE KEYS */;
INSERT INTO `precios` VALUES (1,300),(2,400),(3,500),(4,600),(5,700),(6,800),(7,900),(8,1000),(9,1100),(10,1200),(11,1300),(12,1400);
/*!40000 ALTER TABLE `precios` ENABLE KEYS */;
UNLOCK TABLES;

--
-- Table structure for table `recorridos`
--

DROP TABLE IF EXISTS `recorridos`;
/*!40101 SET @saved_cs_client     = @@character_set_client */;
/*!50503 SET character_set_client = utf8mb4 */;
CREATE TABLE `recorridos` (
  `id_recorrido` int NOT NULL,
  `id_usuario` int NOT NULL,
  `id_estacion_orig` int NOT NULL,
  `id_mes` int NOT NULL,
  `fecha_origen` datetime DEFAULT NULL,
  `id_estacion_dest` int NOT NULL,
  `fecha_dest` datetime DEFAULT NULL,
  `id_modelo` int NOT NULL,
  `calificacion` int NOT NULL,
  `id_precio` int NOT NULL,
  PRIMARY KEY (`id_recorrido`),
  KEY `id_usuario` (`id_usuario`),
  KEY `id_estacion_orig` (`id_estacion_orig`),
  KEY `id_mes` (`id_mes`),
  KEY `id_estacion_dest` (`id_estacion_dest`),
  KEY `id_modelo` (`id_modelo`),
  KEY `id_precio` (`id_precio`),
  CONSTRAINT `recorridos_ibfk_1` FOREIGN KEY (`id_usuario`) REFERENCES `usuarios` (`id_usuario`),
  CONSTRAINT `recorridos_ibfk_2` FOREIGN KEY (`id_estacion_orig`) REFERENCES `estaciones` (`id_estacion`),
  CONSTRAINT `recorridos_ibfk_3` FOREIGN KEY (`id_mes`) REFERENCES `meses` (`id_mes`),
  CONSTRAINT `recorridos_ibfk_4` FOREIGN KEY (`id_estacion_dest`) REFERENCES `estaciones` (`id_estacion`),
  CONSTRAINT `recorridos_ibfk_5` FOREIGN KEY (`id_modelo`) REFERENCES `modelo` (`id_modelo`),
  CONSTRAINT `recorridos_ibfk_6` FOREIGN KEY (`id_precio`) REFERENCES `precios` (`id_precio`)
) ENGINE=InnoDB DEFAULT CHARSET=utf8mb4 COLLATE=utf8mb4_0900_ai_ci;
/*!40101 SET character_set_client = @saved_cs_client */;

--
-- Dumping data for table `recorridos`
--

LOCK TABLES `recorridos` WRITE;
/*!40000 ALTER TABLE `recorridos` DISABLE KEYS */;
INSERT INTO `recorridos` VALUES (20181508,808594,449,1,'2024-01-01 03:10:14',71,'2024-01-01 03:48:35',2,6,1),(20181679,317840,458,1,'2024-01-01 04:33:02',371,'2024-01-01 05:08:43',2,3,1),(20182467,912324,478,1,'2024-01-01 12:30:04',277,'2024-01-01 12:38:06',1,6,1),(20183112,1079388,17,1,'2024-01-01 14:46:44',111,'2024-01-01 15:28:36',2,5,1),(20183641,783157,516,1,'2024-01-01 16:18:24',516,'2024-01-01 17:38:20',1,2,1),(20183834,1084155,202,1,'2024-01-01 16:42:41',38,'2024-01-01 17:03:37',1,10,1),(20184147,1076431,247,1,'2024-01-01 17:25:52',400,'2024-01-01 18:50:08',2,1,1),(20186051,157730,5,1,'2024-01-02 00:16:49',215,'2024-01-02 00:28:28',2,4,1),(20186252,317840,371,1,'2024-01-02 01:44:35',204,'2024-01-02 02:04:52',1,8,1),(20187387,156938,130,1,'2024-01-02 08:05:30',26,'2024-01-02 08:13:38',1,10,1),(20189237,1083992,94,1,'2024-01-02 11:20:15',94,'2024-01-02 15:25:44',2,6,1),(20190711,318881,521,1,'2024-01-02 14:04:23',275,'2024-01-02 14:25:19',2,5,1),(20190804,157730,5,1,'2024-01-02 14:13:01',166,'2024-01-02 14:41:26',2,10,1),(20191360,156938,26,1,'2024-01-02 15:11:17',60,'2024-01-02 15:18:08',2,2,1),(20193338,157730,202,1,'2024-01-02 17:28:07',202,'2024-01-02 17:30:58',1,2,1),(20194124,306187,63,1,'2024-01-02 18:10:30',167,'2024-01-02 18:42:27',2,1,1),(20194277,696630,524,1,'2024-01-02 18:18:16',524,'2024-01-02 18:18:39',2,9,1),(20194289,696630,524,1,'2024-01-02 18:18:49',524,'2024-01-02 19:28:43',1,8,1),(20194636,666040,132,1,'2024-01-02 18:37:50',93,'2024-01-02 18:56:13',1,9,1),(20195121,912324,472,1,'2024-01-02 19:08:32',472,'2024-01-02 19:08:58',1,9,1),(20195130,912324,472,1,'2024-01-02 19:09:18',472,'2024-01-02 19:09:44',2,8,1),(20195143,912324,472,1,'2024-01-02 19:09:59',277,'2024-01-02 19:28:38',1,4,1),(20195465,653260,144,1,'2024-01-02 19:30:29',121,'2024-01-02 19:43:08',2,7,1),(20196946,871802,507,1,'2024-01-02 21:24:01',507,'2024-01-02 22:01:11',1,4,1),(20197018,993574,491,1,'2024-01-02 21:32:06',432,'2024-01-02 21:42:00',2,2,1),(20197359,1082000,174,1,'2024-01-02 22:40:39',75,'2024-01-02 22:52:43',1,1,1),(20199100,74516,135,1,'2024-01-03 07:29:09',60,'2024-01-03 07:35:46',2,9,1),(20199394,1069723,480,1,'2024-01-03 07:55:55',197,'2024-01-03 08:05:21',2,5,1),(20199570,581423,190,1,'2024-01-03 08:15:55',116,'2024-01-03 08:24:20',1,8,1),(20199992,912324,76,1,'2024-01-03 08:48:35',166,'2024-01-03 09:05:46',2,2,1),(20202661,755905,322,1,'2024-01-03 12:57:53',435,'2024-01-03 13:03:18',1,10,1),(20203166,1054939,14,1,'2024-01-03 13:48:18',206,'2024-01-03 13:57:59',2,1,1),(20203897,1067928,146,1,'2024-01-03 14:55:40',13,'2024-01-03 15:09:26',1,6,1),(20205229,1069723,197,1,'2024-01-03 16:38:49',197,'2024-01-03 16:39:58',2,10,1),(20206029,858252,322,1,'2024-01-03 17:21:01',322,'2024-01-03 17:23:35',2,2,1),(20206084,858252,322,1,'2024-01-03 17:24:23',278,'2024-01-03 17:37:30',1,3,1),(20207314,1020100,163,1,'2024-01-03 18:24:18',131,'2024-01-03 18:41:55',1,7,1),(20207551,864392,25,1,'2024-01-03 18:36:40',517,'2024-01-03 18:47:34',2,3,1),(20209442,906385,3,1,'2024-01-03 20:30:36',151,'2024-01-03 20:55:14',2,5,1),(20209645,1020100,444,1,'2024-01-03 20:44:22',444,'2024-01-03 20:44:42',2,7,1),(20209655,1020100,444,1,'2024-01-03 20:45:10',444,'2024-01-03 20:45:26',1,6,1),(20209987,1020100,111,1,'2024-01-03 21:15:40',111,'2024-01-03 21:16:18',1,4,1),(20210086,871802,507,1,'2024-01-03 21:26:45',507,'2024-01-03 21:52:49',2,6,1),(20210915,1071196,80,1,'2024-01-03 23:39:54',80,'2024-01-04 00:01:58',1,5,1),(20212807,1069723,480,1,'2024-01-04 07:55:15',197,'2024-01-04 08:07:02',2,6,1),(20215899,755905,322,1,'2024-01-04 12:41:54',435,'2024-01-04 12:47:43',1,7,1),(20216474,318881,521,1,'2024-01-04 13:45:47',275,'2024-01-04 14:09:12',1,5,1),(20217452,615874,268,1,'2024-01-04 15:14:55',268,'2024-01-04 17:19:46',2,7,1),(20219380,858252,322,1,'2024-01-04 17:19:27',278,'2024-01-04 17:30:22',2,4,1),(20221056,318881,275,1,'2024-01-04 18:49:48',478,'2024-01-04 18:59:52',1,5,1),(20221106,666040,444,1,'2024-01-04 18:52:15',93,'2024-01-04 19:17:52',2,6,1),(20221127,10596,22,1,'2024-01-04 18:53:11',69,'2024-01-04 19:10:37',1,9,1),(20222360,318881,361,1,'2024-01-04 20:12:35',275,'2024-01-04 20:17:11',2,2,1),(20223284,871802,507,1,'2024-01-04 21:21:59',507,'2024-01-04 21:56:10',2,5,1),(20225855,74516,135,1,'2024-01-05 07:34:50',60,'2024-01-05 07:41:19',1,10,1),(20226070,1069723,480,1,'2024-01-05 07:58:41',197,'2024-01-05 08:06:36',1,7,1),(20230358,317840,128,1,'2024-01-05 15:20:10',3,'2024-01-05 15:41:58',1,2,1),(20232176,1069723,197,1,'2024-01-05 17:29:45',480,'2024-01-05 17:37:35',2,7,1),(20232629,906385,151,1,'2024-01-05 18:00:49',151,'2024-01-05 18:01:10',1,9,1),(20232650,906385,151,1,'2024-01-05 18:01:41',151,'2024-01-05 18:28:04',1,8,1),(20233571,851072,425,1,'2024-01-05 18:55:47',270,'2024-01-05 19:06:10',2,9,1),(20233950,851072,270,1,'2024-01-05 19:24:20',270,'2024-01-05 19:33:30',2,8,1),(20235130,1067928,146,1,'2024-01-05 20:53:20',13,'2024-01-05 21:04:29',2,2,1),(20235851,653260,144,1,'2024-01-05 22:27:09',121,'2024-01-05 22:40:20',1,3,1),(20239467,157730,215,1,'2024-01-06 17:09:26',418,'2024-01-06 17:29:04',1,5,1),(20242141,818316,440,1,'2024-01-07 01:27:06',231,'2024-01-07 01:43:45',2,6,1),(20242583,972031,164,1,'2024-01-07 05:05:12',118,'2024-01-07 05:20:21',1,2,1),(20243300,635717,538,1,'2024-01-07 10:29:19',538,'2024-01-07 11:29:16',1,10,1),(20246864,74516,135,1,'2024-01-08 07:28:25',60,'2024-01-08 07:34:35',1,6,1),(20247231,1069723,480,1,'2024-01-08 08:01:21',197,'2024-01-08 08:09:42',1,2,1),(20247438,946252,403,1,'2024-01-08 08:18:08',41,'2024-01-08 08:27:30',2,8,1),(20248033,157730,135,1,'2024-01-08 09:09:33',215,'2024-01-08 09:47:15',2,2,1),(20248378,631001,8,1,'2024-01-08 09:40:13',27,'2024-01-08 09:51:12',1,3,1),(20248665,635717,538,1,'2024-01-08 10:08:56',489,'2024-01-08 11:12:20',1,10,1),(20249556,906385,444,1,'2024-01-08 11:36:04',150,'2024-01-08 11:51:05',1,6,1),(20250869,512317,6,1,'2024-01-08 13:56:09',126,'2024-01-08 14:04:59',2,7,1),(20251352,1035430,291,1,'2024-01-08 14:43:24',117,'2024-01-08 14:48:36',1,4,1),(20252079,318881,275,1,'2024-01-08 15:48:17',355,'2024-01-08 15:56:54',2,7,1),(20252684,940541,187,1,'2024-01-08 16:30:18',260,'2024-01-08 16:56:59',1,1,1),(20252886,1069723,197,1,'2024-01-08 16:43:07',480,'2024-01-08 16:52:12',1,5,1),(20253585,940541,260,1,'2024-01-08 17:17:33',187,'2024-01-08 17:37:36',1,6,1),(20253591,946252,41,1,'2024-01-08 17:17:50',403,'2024-01-08 17:26:16',1,6,1),(20254785,10596,135,1,'2024-01-08 18:20:55',69,'2024-01-08 18:37:12',2,6,1),(20255864,512317,175,1,'2024-01-08 19:14:22',126,'2024-01-08 19:28:18',1,8,1),(20256143,560833,6,1,'2024-01-08 19:30:51',152,'2024-01-08 19:43:18',1,9,1),(20256185,157730,215,1,'2024-01-08 19:32:49',135,'2024-01-08 20:07:55',1,5,1),(20256561,1088730,230,1,'2024-01-08 19:56:26',230,'2024-01-08 19:56:28',1,7,1),(20256766,1088730,349,1,'2024-01-08 20:07:05',349,'2024-01-08 20:07:28',1,10,1),(20256790,1088730,349,1,'2024-01-08 20:07:59',349,'2024-01-08 20:35:51',2,8,1),(20257934,871802,302,1,'2024-01-08 21:26:25',327,'2024-01-08 21:52:28',2,3,1),(20258150,679929,323,1,'2024-01-08 21:48:45',355,'2024-01-08 21:56:44',2,2,1),(20258483,1082000,174,1,'2024-01-08 22:35:06',162,'2024-01-08 22:49:14',2,3,1),(20258962,512317,24,1,'2024-01-09 00:07:56',126,'2024-01-09 00:27:56',1,9,1),(20259028,679929,355,1,'2024-01-09 00:25:00',323,'2024-01-09 00:31:35',2,3,1),(20260461,318881,275,1,'2024-01-09 07:33:30',521,'2024-01-09 07:55:51',2,5,1),(20260684,581423,190,1,'2024-01-09 07:51:14',116,'2024-01-09 07:58:53',1,3,1),(20260772,1069723,480,1,'2024-01-09 08:00:47',197,'2024-01-09 08:10:28',2,5,1),(20261174,946252,403,1,'2024-01-09 08:29:39',21,'2024-01-09 08:46:24',2,9,1),(20261223,156938,35,1,'2024-01-09 08:31:53',353,'2024-01-09 08:38:23',2,4,1),(20261677,157730,135,1,'2024-01-09 09:03:40',215,'2024-01-09 09:34:51',1,3,1),(20261753,906385,444,1,'2024-01-09 09:10:36',38,'2024-01-09 09:24:20',2,9,1),(20262881,906385,38,1,'2024-01-09 10:25:15',444,'2024-01-09 10:37:19',1,7,1),(20263788,635717,538,1,'2024-01-09 11:52:24',538,'2024-01-09 12:06:53',2,9,1),(20264123,755905,322,1,'2024-01-09 12:34:52',435,'2024-01-09 12:40:04',1,4,1),(20265027,318881,387,1,'2024-01-09 14:13:44',416,'2024-01-09 14:43:53',2,3,1),(20265375,868349,449,1,'2024-01-09 14:46:04',473,'2024-01-09 15:04:18',2,5,1),(20265444,1067928,146,1,'2024-01-09 14:55:03',163,'2024-01-09 15:48:46',2,3,1),(20265942,318881,416,1,'2024-01-09 15:42:48',275,'2024-01-09 15:50:06',2,2,1),(20266296,755905,435,1,'2024-01-09 16:10:56',322,'2024-01-09 16:25:32',1,8,1),(20266687,1069723,197,1,'2024-01-09 16:37:54',480,'2024-01-09 16:47:06',1,10,1),(20267435,946252,41,1,'2024-01-09 17:20:52',403,'2024-01-09 17:29:06',1,9,1),(20267801,635717,489,1,'2024-01-09 17:41:35',489,'2024-01-09 17:42:05',1,3,1),(20267824,635717,489,1,'2024-01-09 17:42:42',525,'2024-01-09 17:59:43',1,9,1),(20268115,156938,26,1,'2024-01-09 17:58:47',2,'2024-01-09 18:08:52',1,3,1),(20268661,512317,188,1,'2024-01-09 18:23:07',126,'2024-01-09 18:44:14',1,3,1),(20269445,615874,478,1,'2024-01-09 19:04:04',416,'2024-01-09 19:21:11',2,9,1),(20269638,906385,444,1,'2024-01-09 19:15:55',38,'2024-01-09 19:25:43',2,9,1),(20271073,1035430,191,1,'2024-01-09 20:57:30',183,'2024-01-09 20:57:32',1,9,1),(20271364,871802,302,1,'2024-01-09 21:21:19',327,'2024-01-09 21:45:36',1,1,1),(20271405,1058741,5,1,'2024-01-09 21:25:40',222,'2024-01-09 21:32:54',2,4,1),(20271752,89538,182,1,'2024-01-09 22:07:11',9,'2024-01-09 22:30:13',2,3,1),(20271814,1058741,222,1,'2024-01-09 22:14:43',44,'2024-01-09 22:24:32',2,7,1),(20271927,1082000,174,1,'2024-01-09 22:33:46',162,'2024-01-09 22:48:46',2,3,1),(20272701,157730,215,1,'2024-01-10 00:59:05',213,'2024-01-10 01:13:07',2,9,1),(20273031,679929,101,1,'2024-01-10 02:36:25',537,'2024-01-10 02:52:35',1,3,1),(20274268,1069723,480,1,'2024-01-10 07:56:16',197,'2024-01-10 08:07:41',2,9,1),(20274708,946252,403,1,'2024-01-10 08:29:18',219,'2024-01-10 08:47:18',1,2,1),(20275012,615874,400,1,'2024-01-10 08:52:16',268,'2024-01-10 09:11:14',1,3,1),(20275497,906385,444,1,'2024-01-10 09:32:11',38,'2024-01-10 09:42:17',1,7,1),(20276342,906385,38,1,'2024-01-10 10:51:02',32,'2024-01-10 11:02:12',2,2,1),(20277214,635717,538,1,'2024-01-10 12:26:43',538,'2024-01-10 12:27:06',2,6,1),(20277220,635717,538,1,'2024-01-10 12:27:10',538,'2024-01-10 12:27:34',1,7,1),(20277231,635717,538,1,'2024-01-10 12:28:14',489,'2024-01-10 12:54:19',1,9,1),(20279098,868349,449,1,'2024-01-10 15:41:53',473,'2024-01-10 16:02:49',2,8,1),(20279705,1089775,501,1,'2024-01-10 16:23:02',501,'2024-01-10 18:15:56',2,5,1),(20279978,1069723,197,1,'2024-01-10 16:39:56',480,'2024-01-10 16:50:25',1,10,1),(20280580,946252,41,1,'2024-01-10 17:15:16',403,'2024-01-10 17:22:32',2,1,1),(20283270,653260,69,1,'2024-01-10 22:13:39',65,'2024-01-10 22:20:50',1,6,1),(20283477,653260,65,1,'2024-01-10 22:49:45',121,'2024-01-10 23:01:32',1,10,1),(20285357,318881,275,1,'2024-01-11 07:26:48',387,'2024-01-11 07:51:14',1,5,1),(20285680,1069723,480,1,'2024-01-11 07:54:04',197,'2024-01-11 08:03:15',1,1,1),(20286292,946252,403,1,'2024-01-11 08:41:03',41,'2024-01-11 08:49:43',1,9,1),(20288597,1050860,267,1,'2024-01-11 11:58:36',267,'2024-01-11 12:16:26',1,7,1),(20288761,156938,26,1,'2024-01-11 12:13:41',60,'2024-01-11 12:22:20',2,3,1),(20290024,318881,521,1,'2024-01-11 14:21:59',275,'2024-01-11 14:45:12',1,1,1),(20290097,353310,501,1,'2024-01-11 14:30:16',501,'2024-01-11 14:30:36',1,4,1),(20290245,1035430,291,1,'2024-01-11 14:44:07',117,'2024-01-11 14:49:24',1,7,1),(20290693,1086491,168,1,'2024-01-11 15:25:53',8,'2024-01-11 15:46:15',1,2,1),(20291995,1069723,197,1,'2024-01-11 16:51:28',480,'2024-01-11 17:00:31',1,1,1),(20292488,1002292,130,1,'2024-01-11 17:16:51',21,'2024-01-11 17:59:33',2,1,1),(20292615,858252,187,1,'2024-01-11 17:22:48',278,'2024-01-11 17:37:17',1,2,1),(20292880,1086491,98,1,'2024-01-11 17:36:20',117,'2024-01-11 18:01:24',1,10,1),(20294091,10596,135,1,'2024-01-11 18:37:01',69,'2024-01-11 18:54:33',1,2,1),(20295390,635717,489,1,'2024-01-11 19:51:21',538,'2024-01-11 20:18:59',2,7,1),(20295623,851072,307,1,'2024-01-11 20:07:26',80,'2024-01-11 20:27:28',2,2,1),(20296687,157730,38,1,'2024-01-11 21:30:12',56,'2024-01-11 22:05:33',1,5,1),(20296711,871802,507,1,'2024-01-11 21:31:14',507,'2024-01-11 21:54:00',2,7,1),(20296756,851072,479,1,'2024-01-11 21:36:37',432,'2024-01-11 21:55:04',1,6,1),(20297186,1082000,174,1,'2024-01-11 22:33:46',162,'2024-01-11 22:47:57',2,10,1),(20297677,851072,530,1,'2024-01-11 23:49:02',307,'2024-01-12 00:17:03',1,1,1),(20297961,1035430,117,1,'2024-01-12 00:33:24',191,'2024-01-12 00:45:12',2,10,1),(20299507,74516,135,1,'2024-01-12 07:44:03',60,'2024-01-12 07:50:18',2,2,1),(20299664,1069723,480,1,'2024-01-12 07:56:16',197,'2024-01-12 08:07:01',1,8,1),(20300115,946252,403,1,'2024-01-12 08:39:17',403,'2024-01-12 08:41:51',1,8,1),(20300163,946252,403,1,'2024-01-12 08:42:11',477,'2024-01-12 08:47:29',1,7,1),(20301572,906385,216,1,'2024-01-12 10:33:06',64,'2024-01-12 10:45:57',1,9,1),(20301611,635717,538,1,'2024-01-12 10:35:26',538,'2024-01-12 11:04:37',2,7,1),(20302504,635717,538,1,'2024-01-12 11:57:23',260,'2024-01-12 12:17:14',2,7,1),(20302836,906385,64,1,'2024-01-12 12:31:57',64,'2024-01-12 12:32:26',1,8,1),(20302963,906385,174,1,'2024-01-12 12:44:57',65,'2024-01-12 12:59:08',2,3,1),(20303050,755905,478,1,'2024-01-12 12:54:34',426,'2024-01-12 13:07:34',2,7,1),(20303946,635717,234,1,'2024-01-12 14:18:29',489,'2024-01-12 14:33:34',2,7,1),(20304578,1067928,146,1,'2024-01-12 15:12:12',13,'2024-01-12 15:24:56',1,4,1),(20305705,1069723,197,1,'2024-01-12 16:33:07',480,'2024-01-12 16:40:19',1,4,1),(20306720,946252,41,1,'2024-01-12 17:28:44',403,'2024-01-12 17:37:51',1,2,1),(20307417,1090719,5,1,'2024-01-12 18:04:41',94,'2024-01-12 19:06:33',2,8,1),(20309148,553742,304,1,'2024-01-12 19:42:56',368,'2024-01-12 20:08:18',1,7,1),(20309369,695691,335,1,'2024-01-12 19:58:24',281,'2024-01-12 20:20:02',1,8,1),(20309859,851072,479,1,'2024-01-12 20:34:15',280,'2024-01-12 20:55:01',1,10,1),(20310445,695691,281,1,'2024-01-12 21:29:57',335,'2024-01-12 21:46:40',2,6,1),(20310998,1082000,174,1,'2024-01-12 22:46:37',162,'2024-01-12 23:01:34',2,5,1),(20311108,157730,519,1,'2024-01-12 23:05:04',215,'2024-01-12 23:29:44',1,4,1),(20315180,1091562,515,1,'2024-01-13 16:31:38',515,'2024-01-13 16:32:00',1,6,1),(20315213,1091562,515,1,'2024-01-13 16:34:36',515,'2024-01-13 16:35:18',1,8,1),(20315252,1091562,515,1,'2024-01-13 16:38:00',158,'2024-01-13 19:44:57',1,5,1),(20315325,157730,175,1,'2024-01-13 16:46:30',189,'2024-01-13 17:09:19',1,8,1),(20316404,157730,189,1,'2024-01-13 18:39:05',215,'2024-01-13 19:15:41',1,1,1),(20319145,938404,232,1,'2024-01-14 03:07:54',232,'2024-01-14 03:36:03',1,2,1),(20322560,938404,264,1,'2024-01-14 18:06:21',232,'2024-01-14 18:43:03',1,10,1),(20322900,560833,6,1,'2024-01-14 18:37:31',6,'2024-01-14 19:49:04',2,2,1),(20324006,706466,135,1,'2024-01-14 20:36:07',536,'2024-01-14 21:00:57',1,9,1),(20324210,1058741,5,1,'2024-01-14 21:05:34',516,'2024-01-14 21:26:39',2,6,1),(20324371,938404,336,1,'2024-01-14 21:35:46',267,'2024-01-14 22:12:48',1,5,1),(20324535,1058741,222,1,'2024-01-14 22:08:06',5,'2024-01-14 22:36:42',2,2,1),(20325937,1035430,291,1,'2024-01-15 06:15:16',117,'2024-01-15 06:20:55',1,4,1),(20326849,1069723,480,1,'2024-01-15 08:00:26',197,'2024-01-15 08:10:16',2,7,1),(20327137,946252,403,1,'2024-01-15 08:25:53',477,'2024-01-15 08:32:49',1,8,1),(20327294,906385,25,1,'2024-01-15 08:37:57',64,'2024-01-15 08:57:15',1,3,1),(20328580,906385,174,1,'2024-01-15 10:33:35',444,'2024-01-15 10:50:50',1,3,1),(20329066,868098,71,1,'2024-01-15 11:27:22',54,'2024-01-15 11:44:11',2,1,1),(20329827,677472,242,1,'2024-01-15 12:58:41',50,'2024-01-15 13:38:50',1,9,1),(20329931,906385,25,1,'2024-01-15 13:10:19',517,'2024-01-15 13:21:02',2,6,1),(20330272,74516,60,1,'2024-01-15 13:47:15',135,'2024-01-15 13:57:33',2,3,1),(20330563,74516,60,1,'2024-01-15 14:14:22',135,'2024-01-15 14:23:46',2,1,1),(20330839,1092804,9,1,'2024-01-15 14:46:09',9,'2024-01-15 14:48:18',1,6,1),(20330867,1092804,9,1,'2024-01-15 14:48:58',515,'2024-01-15 15:22:30',1,8,1),(20330961,74516,135,1,'2024-01-15 14:57:37',60,'2024-01-15 15:06:34',2,1,1),(20332281,1069723,197,1,'2024-01-15 16:40:06',480,'2024-01-15 16:48:41',2,9,1),(20332353,1079388,191,1,'2024-01-15 16:44:44',163,'2024-01-15 17:11:59',1,4,1),(20333236,1079388,162,1,'2024-01-15 17:30:30',468,'2024-01-15 17:41:20',2,5,1),(20333578,810016,469,1,'2024-01-15 17:46:25',469,'2024-01-15 18:13:23',2,4,1),(20334458,914135,137,1,'2024-01-15 18:24:58',152,'2024-01-15 18:32:50',1,2,1),(20335269,914135,152,1,'2024-01-15 19:04:23',137,'2024-01-15 19:14:13',1,2,1),(20335500,581423,116,1,'2024-01-15 19:16:17',190,'2024-01-15 19:25:15',1,4,1),(20335647,157730,215,1,'2024-01-15 19:24:36',135,'2024-01-15 20:15:39',2,5,1),(20335894,560833,6,1,'2024-01-15 19:39:04',152,'2024-01-15 19:48:39',2,4,1),(20336026,1086491,168,1,'2024-01-15 19:46:30',168,'2024-01-15 19:46:53',1,1,1),(20336044,1086491,168,1,'2024-01-15 19:47:29',466,'2024-01-15 20:10:49',1,10,1),(20337273,1058741,5,1,'2024-01-15 20:57:48',515,'2024-01-15 21:11:07',2,2,1),(20337836,1058741,222,1,'2024-01-15 21:50:32',5,'2024-01-15 21:57:57',2,1,1),(20338916,1086491,96,1,'2024-01-16 00:51:42',168,'2024-01-16 01:17:20',2,6,1),(20339894,156938,130,1,'2024-01-16 09:03:34',353,'2024-01-16 09:13:51',2,9,1),(20340004,157730,135,1,'2024-01-16 09:34:21',85,'2024-01-16 09:34:23',2,2,1),(20340376,755905,355,1,'2024-01-16 12:17:36',426,'2024-01-16 12:25:55',2,9,1),(20341323,1067928,146,1,'2024-01-16 15:04:07',13,'2024-01-16 15:15:19',1,3,1),(20341376,220681,348,1,'2024-01-16 15:10:52',375,'2024-01-16 15:19:02',1,7,1),(20341789,1035430,117,1,'2024-01-16 15:55:08',83,'2024-01-16 16:13:27',1,2,1),(20343449,7404,277,1,'2024-01-16 17:50:02',277,'2024-01-16 17:50:27',1,5,1),(20343460,7404,277,1,'2024-01-16 17:50:42',14,'2024-01-16 18:01:11',2,6,1),(20343816,912583,137,1,'2024-01-16 18:10:58',59,'2024-01-16 18:18:19',1,8,1),(20344174,914135,228,1,'2024-01-16 18:28:43',137,'2024-01-16 18:56:13',2,8,1),(20344973,851072,270,1,'2024-01-16 19:13:03',41,'2024-01-16 19:30:18',1,9,1),(20345233,7404,44,1,'2024-01-16 19:31:03',112,'2024-01-16 19:54:33',2,4,1),(20345333,157730,215,1,'2024-01-16 19:37:28',135,'2024-01-16 20:10:09',2,10,1),(20345675,851072,41,1,'2024-01-16 19:59:22',220,'2024-01-16 20:26:20',2,5,1),(20346049,677472,242,1,'2024-01-16 20:20:42',50,'2024-01-16 20:28:21',2,5,1),(20346208,505717,50,1,'2024-01-16 20:33:51',54,'2024-01-16 20:49:50',2,7,1),(20346728,1058741,5,1,'2024-01-16 21:14:11',516,'2024-01-16 21:28:34',2,2,1),(20346814,871802,507,1,'2024-01-16 21:21:52',507,'2024-01-16 21:53:27',1,2,1),(20347169,1058741,222,1,'2024-01-16 22:02:50',5,'2024-01-16 22:15:04',2,9,1),(20347616,7404,135,1,'2024-01-16 23:04:11',5,'2024-01-16 23:21:08',1,6,1),(20347665,1082000,162,1,'2024-01-16 23:10:40',162,'2024-01-16 23:40:41',1,6,1),(20349720,74516,135,1,'2024-01-17 07:36:25',60,'2024-01-17 07:42:40',1,7,1),(20350280,946252,403,1,'2024-01-17 08:25:57',403,'2024-01-17 08:26:32',2,9,1),(20350293,946252,403,1,'2024-01-17 08:26:54',477,'2024-01-17 08:32:15',1,3,1),(20351059,831388,73,1,'2024-01-17 09:22:58',111,'2024-01-17 09:45:38',2,10,1),(20351598,156938,32,1,'2024-01-17 10:04:55',26,'2024-01-17 10:12:50',2,2,1),(20352317,7404,5,1,'2024-01-17 11:05:05',63,'2024-01-17 11:26:29',1,10,1),(20353025,7404,32,1,'2024-01-17 12:06:43',5,'2024-01-17 12:30:58',1,3,1),(20353505,755905,322,1,'2024-01-17 12:55:58',322,'2024-01-17 12:56:24',1,8,1),(20353510,755905,322,1,'2024-01-17 12:56:31',322,'2024-01-17 12:56:57',2,7,1),(20353512,755905,322,1,'2024-01-17 12:57:08',322,'2024-01-17 12:57:34',2,7,1),(20353521,755905,322,1,'2024-01-17 12:58:13',435,'2024-01-17 13:05:40',1,2,1),(20354953,810016,475,1,'2024-01-17 15:04:44',457,'2024-01-17 15:33:43',1,8,1),(20355005,1067928,146,1,'2024-01-17 15:08:13',13,'2024-01-17 15:21:18',1,7,1),(20355059,1086491,168,1,'2024-01-17 15:12:26',433,'2024-01-17 15:23:48',1,7,1),(20355340,1094024,242,1,'2024-01-17 15:35:22',83,'2024-01-17 16:10:39',2,6,1),(20355559,1094041,210,1,'2024-01-17 15:50:52',210,'2024-01-17 16:18:50',1,1,1),(20356024,965549,253,1,'2024-01-17 16:20:49',253,'2024-01-17 16:21:10',1,1,1),(20356031,965549,253,1,'2024-01-17 16:21:35',73,'2024-01-17 16:49:48',1,1,1),(20356185,1069723,197,1,'2024-01-17 16:31:39',480,'2024-01-17 16:38:39',1,8,1),(20356681,607520,70,1,'2024-01-17 17:02:04',99,'2024-01-17 17:07:49',2,1,1),(20357147,156938,26,1,'2024-01-17 17:24:33',128,'2024-01-17 17:33:46',1,8,1),(20357169,864392,175,1,'2024-01-17 17:25:27',144,'2024-01-17 17:44:35',2,1,1),(20357528,1094024,353,1,'2024-01-17 17:44:02',79,'2024-01-17 18:10:20',1,6,1),(20357866,946252,41,1,'2024-01-17 17:58:45',477,'2024-01-17 18:15:38',2,5,1),(20358668,1086491,433,1,'2024-01-17 18:33:42',179,'2024-01-17 18:40:16',1,9,1),(20359898,560833,6,1,'2024-01-17 19:37:28',152,'2024-01-17 19:47:51',1,3,1),(20360157,512317,175,1,'2024-01-17 19:50:13',73,'2024-01-17 19:58:17',1,4,1),(20360523,1094024,63,1,'2024-01-17 20:09:25',63,'2024-01-17 20:09:48',1,5,1),(20360535,1094024,63,1,'2024-01-17 20:10:01',116,'2024-01-17 20:37:40',2,4,1),(20361478,1058741,5,1,'2024-01-17 21:09:12',516,'2024-01-17 21:21:42',1,9,1),(20361676,679929,260,1,'2024-01-17 21:25:25',323,'2024-01-17 21:46:51',2,8,1),(20364485,581423,190,1,'2024-01-18 07:24:23',116,'2024-01-18 07:31:24',2,3,1),(20364733,74516,135,1,'2024-01-18 07:45:41',60,'2024-01-18 07:51:48',2,8,1),(20364948,1069723,480,1,'2024-01-18 08:03:09',197,'2024-01-18 08:11:34',2,4,1),(20364954,156938,273,1,'2024-01-18 08:03:38',254,'2024-01-18 08:09:05',2,3,1),(20365333,946252,403,1,'2024-01-18 08:30:46',477,'2024-01-18 08:37:29',2,5,1),(20365405,156938,32,1,'2024-01-18 08:35:38',26,'2024-01-18 08:44:34',1,2,1),(20365486,864392,144,1,'2024-01-18 08:40:44',175,'2024-01-18 09:06:08',2,2,1),(20367834,156938,26,1,'2024-01-18 12:19:11',12,'2024-01-18 18:23:31',1,7,1),(20368976,74516,4,1,'2024-01-18 14:09:26',135,'2024-01-18 14:18:23',2,9,1),(20369563,1067928,146,1,'2024-01-18 15:00:09',13,'2024-01-18 15:13:32',2,4,1),(20369585,74516,135,1,'2024-01-18 15:02:27',60,'2024-01-18 15:12:09',2,9,1),(20369654,1088550,29,1,'2024-01-18 15:07:49',82,'2024-01-18 15:32:13',2,9,1),(20370666,1069723,197,1,'2024-01-18 16:29:43',480,'2024-01-18 16:38:10',2,4,1),(20371427,1086491,168,1,'2024-01-18 17:14:13',71,'2024-01-18 17:27:18',2,10,1),(20371636,864392,175,1,'2024-01-18 17:25:04',144,'2024-01-18 17:43:50',1,10,1),(20371700,677472,242,1,'2024-01-18 17:27:54',50,'2024-01-18 17:37:49',2,8,1),(20371802,1093180,130,1,'2024-01-18 17:34:12',36,'2024-01-18 17:43:23',2,10,1),(20371886,946252,41,1,'2024-01-18 17:39:34',403,'2024-01-18 17:47:38',1,5,1),(20372715,914135,228,1,'2024-01-18 18:21:16',137,'2024-01-18 19:17:52',2,3,1),(20372722,851072,80,1,'2024-01-18 18:21:34',479,'2024-01-18 18:39:22',2,10,1),(20372951,10596,135,1,'2024-01-18 18:33:41',69,'2024-01-18 18:53:52',1,1,1),(20373194,1086491,71,1,'2024-01-18 18:48:09',71,'2024-01-18 18:48:32',2,6,1),(20373211,1086491,71,1,'2024-01-18 18:48:56',168,'2024-01-18 19:03:24',2,5,1),(20373493,1088550,17,1,'2024-01-18 19:05:40',17,'2024-01-18 19:13:16',1,3,1),(20373818,157730,5,1,'2024-01-18 19:26:10',166,'2024-01-18 20:33:25',2,8,1),(20374346,1020100,175,1,'2024-01-18 20:01:37',433,'2024-01-18 20:20:09',1,3,1),(20374447,1090559,329,1,'2024-01-18 20:08:51',44,'2024-01-18 20:35:55',1,8,1),(20374702,18475,220,1,'2024-01-18 20:26:15',458,'2024-01-18 20:35:58',2,7,1),(20375251,1058741,222,1,'2024-01-18 21:09:02',222,'2024-01-18 21:35:57',2,5,1),(20375452,18475,458,1,'2024-01-18 21:27:48',220,'2024-01-18 21:38:18',1,10,1),(20375588,1090559,44,1,'2024-01-18 21:42:32',329,'2024-01-18 22:10:03',2,1,1),(20375653,851072,479,1,'2024-01-18 21:51:13',280,'2024-01-18 22:02:46',2,7,1),(20376003,1082000,174,1,'2024-01-18 22:41:02',162,'2024-01-18 23:04:58',1,7,1),(20377796,1035430,291,1,'2024-01-19 06:47:42',117,'2024-01-19 06:52:13',1,6,1),(20378124,74516,135,1,'2024-01-19 07:30:33',60,'2024-01-19 07:36:25',1,2,1),(20378713,906385,65,1,'2024-01-19 08:22:49',64,'2024-01-19 08:38:26',1,5,1),(20378768,946252,403,1,'2024-01-19 08:29:14',41,'2024-01-19 08:37:07',1,3,1),(20379962,677472,50,1,'2024-01-19 10:20:15',242,'2024-01-19 10:26:45',2,5,1),(20380056,906385,64,1,'2024-01-19 10:28:26',65,'2024-01-19 10:43:41',1,8,1),(20381666,677472,242,1,'2024-01-19 13:00:52',50,'2024-01-19 13:12:18',1,5,1),(20381831,755905,478,1,'2024-01-19 13:16:09',489,'2024-01-19 13:30:50',1,8,1),(20382367,1095215,206,1,'2024-01-19 14:12:47',208,'2024-01-19 14:18:56',2,3,1),(20382655,810016,336,1,'2024-01-19 14:41:44',336,'2024-01-19 14:55:00',1,5,1),(20383716,1095215,182,1,'2024-01-19 16:12:23',190,'2024-01-19 16:37:14',2,10,1),(20384266,810016,336,1,'2024-01-19 16:46:50',336,'2024-01-19 17:15:30',2,3,1),(20384737,1069723,197,1,'2024-01-19 17:13:35',480,'2024-01-19 17:20:53',1,9,1),(20385278,1088550,491,1,'2024-01-19 17:46:54',87,'2024-01-19 18:09:27',2,1,1),(20386031,7404,5,1,'2024-01-19 18:31:38',242,'2024-01-19 18:40:09',2,4,1),(20386870,7404,242,1,'2024-01-19 19:26:43',5,'2024-01-19 19:35:55',1,4,1),(20387077,1088550,530,1,'2024-01-19 19:39:54',530,'2024-01-19 19:40:22',1,4,1),(20387096,1088550,530,1,'2024-01-19 19:40:59',29,'2024-01-19 19:52:59',2,4,1),(20388271,157730,135,1,'2024-01-19 21:15:22',215,'2024-01-19 22:10:51',1,2,1),(20388420,1076431,400,1,'2024-01-19 21:30:26',400,'2024-01-19 21:30:49',1,7,1),(20388425,1076431,400,1,'2024-01-19 21:31:27',440,'2024-01-19 22:01:18',2,4,1),(20390643,851072,307,1,'2024-01-20 10:01:38',21,'2024-01-20 10:40:25',2,5,1),(20391070,820699,121,1,'2024-01-20 11:41:14',121,'2024-01-20 12:12:20',2,1,1),(20392411,775103,431,1,'2024-01-20 15:42:06',289,'2024-01-20 16:11:40',1,8,1),(20392498,965549,433,1,'2024-01-20 15:54:53',128,'2024-01-20 16:14:02',1,5,1),(20393346,972031,382,1,'2024-01-20 17:34:18',281,'2024-01-20 18:03:06',2,1,1),(20393719,914135,137,1,'2024-01-20 18:13:15',137,'2024-01-20 18:51:47',1,9,1),(20394401,1076431,340,1,'2024-01-20 19:28:04',247,'2024-01-20 20:01:33',2,1,1),(20394728,571134,206,1,'2024-01-20 19:59:04',210,'2024-01-20 20:26:49',1,6,1),(20395217,157730,38,1,'2024-01-20 21:20:12',215,'2024-01-20 21:41:26',2,9,1),(20395306,571134,210,1,'2024-01-20 21:39:34',56,'2024-01-20 22:02:21',2,3,1),(20396215,571134,440,1,'2024-01-21 01:51:15',534,'2024-01-21 01:57:34',2,8,1),(20397625,1050860,267,1,'2024-01-21 11:18:00',267,'2024-01-21 12:58:21',1,9,1),(20398680,993574,29,1,'2024-01-21 14:30:46',491,'2024-01-21 14:43:31',1,9,1),(20398770,989293,116,1,'2024-01-21 14:45:36',75,'2024-01-21 15:00:14',2,10,1),(20399848,571134,14,1,'2024-01-21 16:47:49',516,'2024-01-21 16:53:39',2,4,1),(20401344,1096874,204,1,'2024-01-21 19:02:21',515,'2024-01-21 19:53:36',2,3,1),(20402327,1096874,5,1,'2024-01-21 20:34:23',253,'2024-01-21 20:34:25',2,2,1),(20402681,989293,75,1,'2024-01-21 21:21:31',75,'2024-01-21 21:21:51',2,8,1),(20402682,989293,75,1,'2024-01-21 21:22:15',116,'2024-01-21 21:43:34',2,5,1),(20402938,571134,516,1,'2024-01-21 22:12:25',182,'2024-01-21 22:22:15',1,7,1),(20405436,864392,144,1,'2024-01-22 08:00:42',174,'2024-01-22 08:11:09',1,9,1),(20405442,1069723,366,1,'2024-01-22 08:01:13',197,'2024-01-22 08:19:01',2,2,1),(20407502,7404,517,1,'2024-01-22 11:03:41',63,'2024-01-22 11:30:25',2,2,1),(20407899,7404,519,1,'2024-01-22 11:47:33',5,'2024-01-22 12:06:37',2,8,1),(20409077,1096926,13,1,'2024-01-22 14:05:24',468,'2024-01-22 14:17:47',2,1,1),(20409572,1035430,291,1,'2024-01-22 14:47:43',117,'2024-01-22 14:53:11',1,7,1),(20409616,1067928,146,1,'2024-01-22 14:51:23',13,'2024-01-22 15:02:52',2,8,1),(20410649,946252,455,1,'2024-01-22 16:07:32',508,'2024-01-22 16:21:06',2,1,1),(20411282,1069723,197,1,'2024-01-22 16:45:56',480,'2024-01-22 16:54:09',2,5,1),(20412678,12767,158,1,'2024-01-22 17:55:55',387,'2024-01-22 18:14:28',2,7,1),(20413315,18475,220,1,'2024-01-22 18:24:32',458,'2024-01-22 18:41:28',2,3,1),(20415321,915590,9,1,'2024-01-22 20:06:11',253,'2024-01-22 20:23:20',1,4,1),(20415470,962542,507,1,'2024-01-22 20:14:14',507,'2024-01-22 20:20:55',2,6,1),(20415725,18475,458,1,'2024-01-22 20:29:22',220,'2024-01-22 20:39:58',1,4,1),(20415772,12767,387,1,'2024-01-22 20:32:30',387,'2024-01-22 20:32:53',1,4,1),(20415783,12767,387,1,'2024-01-22 20:33:04',387,'2024-01-22 20:33:25',2,8,1),(20415810,12767,387,1,'2024-01-22 20:34:26',158,'2024-01-22 20:51:40',2,5,1),(20416558,1076431,236,1,'2024-01-22 21:27:57',340,'2024-01-22 21:38:16',2,8,1),(20416906,679929,277,1,'2024-01-22 22:03:24',478,'2024-01-22 22:12:44',1,5,1),(20417074,1097880,14,1,'2024-01-22 22:23:27',516,'2024-01-22 23:04:57',2,6,1),(20417156,1082000,174,1,'2024-01-22 22:33:57',162,'2024-01-22 22:47:58',2,5,1),(20419323,1097969,426,1,'2024-01-23 07:26:32',472,'2024-01-23 07:55:59',1,4,1),(20419805,1069723,480,1,'2024-01-23 08:06:00',197,'2024-01-23 08:15:41',1,9,1),(20420066,946252,403,1,'2024-01-23 08:25:43',477,'2024-01-23 08:34:20',2,7,1),(20422132,915590,253,1,'2024-01-23 11:21:27',9,'2024-01-23 11:43:58',2,5,1),(20423866,1076431,340,1,'2024-01-23 14:06:57',236,'2024-01-23 14:36:21',2,8,1),(20425732,673248,208,1,'2024-01-23 16:28:14',215,'2024-01-23 16:49:26',1,9,1),(20425789,675215,128,1,'2024-01-23 16:31:52',228,'2024-01-23 16:37:43',1,5,1),(20426648,1076431,206,1,'2024-01-23 17:16:06',340,'2024-01-23 17:52:18',1,3,1),(20427047,946252,41,1,'2024-01-23 17:38:06',403,'2024-01-23 17:44:14',1,8,1),(20429536,581423,116,1,'2024-01-23 19:43:54',190,'2024-01-23 19:51:12',1,6,1),(20429797,560833,172,1,'2024-01-23 19:58:55',6,'2024-01-23 20:28:11',2,8,1),(20430087,915590,216,1,'2024-01-23 20:14:37',253,'2024-01-23 20:32:11',1,8,1),(20430689,851072,479,1,'2024-01-23 20:53:29',254,'2024-01-23 21:06:09',1,7,1),(20430798,1058741,5,1,'2024-01-23 21:02:12',222,'2024-01-23 21:27:28',2,8,1),(20431031,871802,507,1,'2024-01-23 21:20:37',507,'2024-01-23 21:48:14',2,7,1),(20431204,851072,530,1,'2024-01-23 21:38:05',220,'2024-01-23 22:13:08',2,9,1),(20431418,1058741,222,1,'2024-01-23 22:03:02',5,'2024-01-23 22:09:45',1,1,1),(20431547,1076431,340,1,'2024-01-23 22:15:27',400,'2024-01-23 22:46:08',2,9,1),(20431569,1090559,202,1,'2024-01-23 22:18:22',440,'2024-01-23 22:50:41',2,3,1),(20431783,1082000,174,1,'2024-01-23 22:47:26',174,'2024-01-23 22:48:14',1,2,1),(20431921,1096926,468,1,'2024-01-23 23:11:30',29,'2024-01-24 00:28:39',1,1,1),(20434204,1069723,480,1,'2024-01-24 07:54:22',197,'2024-01-24 08:06:24',2,8,1),(20434258,581423,190,1,'2024-01-24 08:00:02',116,'2024-01-24 08:06:24',2,10,1),(20434649,946252,403,1,'2024-01-24 08:32:33',477,'2024-01-24 08:37:33',1,6,1),(20435144,831388,73,1,'2024-01-24 09:18:07',111,'2024-01-24 09:40:26',2,8,1),(20436686,7404,5,1,'2024-01-24 11:32:13',83,'2024-01-24 11:58:45',2,5,1),(20436775,915590,17,1,'2024-01-24 11:40:04',9,'2024-01-24 11:54:53',2,7,1),(20438180,820699,144,1,'2024-01-24 13:43:57',492,'2024-01-24 14:03:34',2,4,1),(20438366,1069723,197,1,'2024-01-24 14:01:17',480,'2024-01-24 14:08:48',2,8,1),(20439082,1067928,146,1,'2024-01-24 14:59:37',13,'2024-01-24 15:15:16',1,7,1),(20439457,7404,83,1,'2024-01-24 15:22:21',5,'2024-01-24 15:42:07',2,5,1),(20439955,12767,158,1,'2024-01-24 15:54:08',387,'2024-01-24 16:14:06',1,1,1),(20440597,820699,253,1,'2024-01-24 16:33:08',144,'2024-01-24 16:50:05',2,1,1),(20440781,940541,501,1,'2024-01-24 16:44:30',322,'2024-01-24 16:59:07',1,2,1),(20441300,946252,41,1,'2024-01-24 17:12:25',403,'2024-01-24 17:27:26',2,5,1),(20441756,10596,536,1,'2024-01-24 17:37:03',69,'2024-01-24 17:53:59',2,9,1),(20442647,915590,9,1,'2024-01-24 18:21:57',253,'2024-01-24 18:39:00',1,2,1),(20442869,7404,5,1,'2024-01-24 18:31:13',200,'2024-01-24 18:46:40',1,4,1),(20442874,730333,490,1,'2024-01-24 18:31:27',490,'2024-01-24 19:32:42',1,1,1),(20444574,760203,199,1,'2024-01-24 19:48:49',111,'2024-01-24 20:24:45',1,6,1),(20444869,1076431,340,1,'2024-01-24 20:02:46',359,'2024-01-24 20:21:14',1,2,1),(20445674,915590,146,1,'2024-01-24 20:42:51',253,'2024-01-24 20:50:01',2,2,1),(20446516,864392,69,1,'2024-01-24 21:33:26',69,'2024-01-24 21:33:54',2,7,1),(20446525,864392,69,1,'2024-01-24 21:34:14',144,'2024-01-24 21:38:38',1,6,1),(20446744,1088550,29,1,'2024-01-24 21:51:07',29,'2024-01-24 22:18:08',1,8,1),(20446811,653260,65,1,'2024-01-24 21:57:11',165,'2024-01-24 22:05:34',1,7,1),(20447398,7404,116,1,'2024-01-24 22:49:52',5,'2024-01-24 23:00:56',2,3,1),(20450643,946252,403,1,'2024-01-25 08:34:09',477,'2024-01-25 08:40:30',1,4,1),(20453361,1097969,472,1,'2024-01-25 12:12:02',472,'2024-01-25 12:12:24',1,1,1),(20453392,1097969,472,1,'2024-01-25 12:15:22',524,'2024-01-25 12:38:14',2,9,1),(20455157,1067928,146,1,'2024-01-25 14:57:23',13,'2024-01-25 15:11:21',2,2,1),(20455502,747541,466,1,'2024-01-25 15:22:21',74,'2024-01-25 15:36:10',2,2,1),(20456378,1100181,152,1,'2024-01-25 16:31:27',152,'2024-01-25 16:32:21',2,10,1),(20456452,1100181,152,1,'2024-01-25 16:36:07',26,'2024-01-25 16:55:03',2,5,1),(20456671,1069723,197,1,'2024-01-25 16:49:36',480,'2024-01-25 16:56:34',2,9,1),(20457163,965549,228,1,'2024-01-25 17:11:52',433,'2024-01-25 17:34:34',1,2,1),(20457827,946252,41,1,'2024-01-25 17:44:51',41,'2024-01-25 17:45:56',2,2,1),(20457847,946252,41,1,'2024-01-25 17:46:18',403,'2024-01-25 17:54:21',1,3,1),(20458713,7404,5,1,'2024-01-25 18:27:40',165,'2024-01-25 18:39:12',2,9,1),(20458729,914135,137,1,'2024-01-25 18:28:23',137,'2024-01-25 19:10:37',1,7,1),(20459145,946252,403,1,'2024-01-25 18:52:18',41,'2024-01-25 19:01:50',1,9,1),(20459452,1029471,66,1,'2024-01-25 19:11:12',9,'2024-01-25 19:29:41',1,6,1),(20459707,666040,32,1,'2024-01-25 19:24:30',93,'2024-01-25 20:06:27',2,8,1),(20459742,1080854,254,1,'2024-01-25 19:26:12',458,'2024-01-25 19:48:39',2,2,1),(20460038,18475,220,1,'2024-01-25 19:42:38',280,'2024-01-25 19:55:27',2,5,1),(20460432,915590,9,1,'2024-01-25 20:05:08',253,'2024-01-25 20:22:42',2,3,1),(20460866,1080854,458,1,'2024-01-25 20:31:45',254,'2024-01-25 20:47:43',2,2,1),(20461014,946252,41,1,'2024-01-25 20:42:51',403,'2024-01-25 20:49:45',2,9,1),(20461090,1100049,165,1,'2024-01-25 20:48:28',45,'2024-01-25 21:27:52',1,5,1),(20461187,18475,458,1,'2024-01-25 20:56:40',220,'2024-01-25 21:08:27',1,6,1),(20461254,851072,263,1,'2024-01-25 21:02:45',261,'2024-01-25 21:22:52',2,2,1),(20461518,871802,507,1,'2024-01-25 21:23:52',507,'2024-01-25 21:56:34',2,2,1),(20461773,851072,432,1,'2024-01-25 21:49:48',307,'2024-01-25 22:12:29',2,1,1),(20462532,1076431,56,1,'2024-01-25 23:18:41',56,'2024-01-25 23:19:02',2,10,1),(20462535,1076431,56,1,'2024-01-25 23:19:17',340,'2024-01-26 00:02:48',1,6,1),(20462583,1090559,329,1,'2024-01-25 23:25:00',44,'2024-01-25 23:45:43',1,3,1),(20462843,1090559,156,1,'2024-01-26 00:01:03',202,'2024-01-26 00:13:01',2,10,1),(20462906,7404,69,1,'2024-01-26 00:08:43',5,'2024-01-26 00:21:18',2,1,1),(20463236,1090559,202,1,'2024-01-26 00:55:50',440,'2024-01-26 01:23:00',1,3,1),(20464668,1069723,480,1,'2024-01-26 07:27:27',480,'2024-01-26 07:27:50',1,6,1),(20464675,1069723,480,1,'2024-01-26 07:28:04',197,'2024-01-26 07:36:46',1,10,1),(20465608,946252,403,1,'2024-01-26 08:38:50',477,'2024-01-26 08:44:27',2,1,1),(20467276,150470,59,1,'2024-01-26 11:10:34',150,'2024-01-26 11:29:27',1,10,1),(20467424,915590,253,1,'2024-01-26 11:25:17',9,'2024-01-26 11:46:33',1,6,1),(20468817,150470,150,1,'2024-01-26 13:38:02',168,'2024-01-26 14:02:09',2,4,1),(20470842,868349,473,1,'2024-01-26 16:26:22',475,'2024-01-26 16:44:50',1,10,1),(20471481,1069723,197,1,'2024-01-26 17:04:45',480,'2024-01-26 17:11:47',2,6,1),(20471489,946252,440,1,'2024-01-26 17:05:25',25,'2024-01-26 17:13:01',2,2,1),(20472204,7404,5,1,'2024-01-26 17:41:19',69,'2024-01-26 17:53:21',1,9,1),(20472785,868349,475,1,'2024-01-26 18:15:46',473,'2024-01-26 18:36:13',2,7,1),(20473572,666040,112,1,'2024-01-26 18:58:06',93,'2024-01-26 19:11:48',2,7,1),(20473743,946252,403,1,'2024-01-26 19:07:03',21,'2024-01-26 19:15:20',2,6,1),(20473974,915590,9,1,'2024-01-26 19:21:35',253,'2024-01-26 19:40:03',1,1,1),(20474205,1035430,183,1,'2024-01-26 19:35:47',228,'2024-01-26 20:08:23',1,1,1),(20475061,157730,5,1,'2024-01-26 20:27:48',478,'2024-01-26 20:55:49',2,1,1),(20475329,946252,41,1,'2024-01-26 20:49:12',403,'2024-01-26 20:56:08',2,1,1),(20475403,1058741,5,1,'2024-01-26 20:57:26',222,'2024-01-26 21:25:52',2,7,1),(20475719,915590,253,1,'2024-01-26 21:22:59',86,'2024-01-26 21:33:53',2,8,1),(20475942,1058741,222,1,'2024-01-26 21:50:16',5,'2024-01-26 21:57:48',1,3,1),(20477143,1076431,416,1,'2024-01-27 00:52:33',400,'2024-01-27 01:14:33',1,10,1),(20477717,1076431,206,1,'2024-01-27 04:16:08',340,'2024-01-27 04:50:30',2,1,1),(20479899,1011273,230,1,'2024-01-27 14:33:43',308,'2024-01-27 14:48:08',2,1,1),(20482329,618128,403,1,'2024-01-27 19:35:25',48,'2024-01-27 20:19:47',1,10,1),(20483005,618128,228,1,'2024-01-27 21:18:29',403,'2024-01-27 22:00:16',1,5,1),(20485240,571134,182,1,'2024-01-28 10:06:47',517,'2024-01-28 10:16:00',1,6,1),(20485587,352898,267,1,'2024-01-28 11:29:36',504,'2024-01-28 12:03:33',1,3,1),(20485833,352898,504,1,'2024-01-28 12:20:55',432,'2024-01-28 13:21:45',1,7,1),(20486696,352898,432,1,'2024-01-28 15:11:06',385,'2024-01-28 16:18:57',1,8,1),(20486713,1076431,340,1,'2024-01-28 15:14:02',400,'2024-01-28 15:50:37',1,9,1),(20487577,564952,373,1,'2024-01-28 17:05:07',524,'2024-01-28 17:24:02',1,7,1),(20490055,564952,278,1,'2024-01-28 22:07:45',324,'2024-01-28 22:18:50',2,10,1),(20490099,755905,478,1,'2024-01-28 22:16:27',322,'2024-01-28 22:28:12',1,10,1),(20492072,864392,144,1,'2024-01-29 07:28:58',174,'2024-01-29 07:41:56',2,4,1),(20492510,1069723,480,1,'2024-01-29 08:10:30',197,'2024-01-29 08:20:03',1,6,1),(20494193,827524,61,1,'2024-01-29 10:44:26',336,'2024-01-29 11:04:54',1,1,1),(20494463,906385,216,1,'2024-01-29 11:18:01',64,'2024-01-29 11:29:14',1,2,1),(20494831,827524,336,1,'2024-01-29 12:07:15',61,'2024-01-29 12:27:32',1,10,1),(20495396,906385,64,1,'2024-01-29 13:07:29',65,'2024-01-29 13:23:33',1,8,1),(20495535,755905,478,1,'2024-01-29 13:25:04',435,'2024-01-29 13:39:28',1,4,1),(20497618,1069723,197,1,'2024-01-29 16:28:39',480,'2024-01-29 16:35:21',2,4,1),(20498543,7404,258,1,'2024-01-29 17:19:43',14,'2024-01-29 17:34:27',1,4,1),(20500572,1080854,254,1,'2024-01-29 19:06:01',280,'2024-01-29 19:19:19',2,1,1),(20500788,653260,144,1,'2024-01-29 19:17:20',121,'2024-01-29 19:28:13',2,9,1),(20501226,18475,220,1,'2024-01-29 19:41:11',458,'2024-01-29 19:51:57',1,6,1),(20501663,915590,9,1,'2024-01-29 20:07:03',253,'2024-01-29 20:28:04',2,3,1),(20501926,1080854,458,1,'2024-01-29 20:21:37',254,'2024-01-29 20:42:38',1,2,1),(20503225,1090559,329,1,'2024-01-29 22:03:37',177,'2024-01-29 22:36:07',2,8,1),(20503307,18475,458,1,'2024-01-29 22:11:02',220,'2024-01-29 22:23:27',2,6,1),(20503448,1103001,301,1,'2024-01-29 22:24:48',301,'2024-01-29 22:42:36',2,2,1),(20504151,1090559,222,1,'2024-01-30 00:07:38',329,'2024-01-30 00:42:26',1,7,1),(20504179,653260,121,1,'2024-01-30 00:12:30',144,'2024-01-30 00:23:02',1,2,1),(20505894,581423,190,1,'2024-01-30 07:41:38',116,'2024-01-30 07:49:28',2,8,1),(20506124,1069723,480,1,'2024-01-30 08:01:23',197,'2024-01-30 08:11:32',2,7,1),(20507595,7404,14,1,'2024-01-30 10:01:28',536,'2024-01-30 10:21:37',2,1,1),(20509006,653260,144,1,'2024-01-30 12:59:17',121,'2024-01-30 13:11:37',2,8,1),(20509323,653260,121,1,'2024-01-30 13:38:27',96,'2024-01-30 13:46:53',1,2,1),(20510161,653260,165,1,'2024-01-30 15:13:20',65,'2024-01-30 15:20:00',1,7,1),(20510467,7404,189,1,'2024-01-30 15:45:10',5,'2024-01-30 16:02:42',1,5,1),(20510609,12767,158,1,'2024-01-30 16:00:00',387,'2024-01-30 16:17:03',1,3,1),(20511144,1069723,197,1,'2024-01-30 16:40:35',480,'2024-01-30 16:50:23',2,4,1),(20511988,7404,206,1,'2024-01-30 17:32:11',428,'2024-01-30 17:49:25',1,10,1),(20514069,18475,220,1,'2024-01-30 19:41:22',458,'2024-01-30 19:51:52',2,2,1),(20514441,915590,9,1,'2024-01-30 20:05:09',9,'2024-01-30 20:05:22',1,8,1),(20514450,915590,9,1,'2024-01-30 20:05:39',253,'2024-01-30 20:24:51',1,5,1),(20515412,18475,458,1,'2024-01-30 21:14:34',220,'2024-01-30 21:24:56',2,6,1),(20515583,851072,479,1,'2024-01-30 21:30:57',254,'2024-01-30 22:04:11',2,10,1),(20516155,653260,104,1,'2024-01-30 22:39:53',144,'2024-01-30 23:04:31',2,3,1),(20516251,7404,247,1,'2024-01-30 22:56:47',534,'2024-01-30 23:17:36',1,3,1),(20518640,1069723,480,1,'2024-01-31 07:58:13',197,'2024-01-31 08:06:17',2,10,1),(20519256,915590,253,1,'2024-01-31 08:54:30',253,'2024-01-31 08:54:54',1,8,1),(20519569,1103289,13,1,'2024-01-31 09:25:07',186,'2024-01-31 09:30:14',1,3,1),(20521228,755905,478,1,'2024-01-31 12:57:29',435,'2024-01-31 13:13:54',1,6,1),(20522519,810016,475,1,'2024-01-31 15:19:41',475,'2024-01-31 15:23:20',2,2,1),(20522668,1103289,186,1,'2024-01-31 15:32:26',163,'2024-01-31 15:37:39',2,4,1),(20524139,946252,41,1,'2024-01-31 17:35:02',403,'2024-01-31 17:43:41',1,3,1),(20525224,1069723,480,1,'2024-01-31 18:46:19',480,'2024-01-31 18:48:04',2,8,1),(20525261,1069723,480,1,'2024-01-31 18:49:15',480,'2024-01-31 19:04:18',2,4,1),(20525581,1080854,254,1,'2024-01-31 19:12:31',280,'2024-01-31 19:27:05',1,9,1),(20526328,915590,9,1,'2024-01-31 20:05:30',186,'2024-01-31 20:29:29',1,6,1),(20526717,1080854,458,1,'2024-01-31 20:36:19',254,'2024-01-31 20:58:36',2,6,1),(20527829,989293,69,1,'2024-01-31 22:45:40',329,'2024-01-31 23:00:54',2,2,1),(20528240,1035430,117,1,'2024-01-31 23:53:30',291,'2024-02-01 00:00:49',2,3,1),(20529589,1035430,291,2,'2024-02-01 06:47:05',117,'2024-02-01 06:52:51',2,9,2),(20530679,946252,403,2,'2024-02-01 08:41:40',477,'2024-02-01 08:48:07',2,9,2),(20532354,915590,17,2,'2024-02-01 11:48:09',9,'2024-02-01 12:02:35',2,4,2),(20532916,673248,206,2,'2024-02-01 12:59:14',215,'2024-02-01 13:24:03',2,4,2),(20534538,581423,116,2,'2024-02-01 16:33:51',190,'2024-02-01 16:40:23',2,2,2),(20536438,755905,516,2,'2024-02-01 19:11:02',322,'2024-02-01 19:27:29',2,9,2),(20537137,915590,216,2,'2024-02-01 20:11:29',253,'2024-02-01 20:29:59',2,4,2),(20538753,851072,479,2,'2024-02-01 23:11:31',479,'2024-02-01 23:17:42',1,6,2),(20538988,851072,255,2,'2024-02-01 23:44:03',80,'2024-02-02 00:01:37',2,6,2),(20541130,581423,190,2,'2024-02-02 08:16:02',116,'2024-02-02 08:24:24',2,6,2),(20541764,1103289,163,2,'2024-02-02 09:21:46',186,'2024-02-02 09:26:24',2,7,2),(20542507,7404,516,2,'2024-02-02 10:49:54',242,'2024-02-02 10:57:11',2,4,2),(20542745,7404,242,2,'2024-02-02 11:19:19',5,'2024-02-02 11:38:52',1,3,2),(20542773,915590,253,2,'2024-02-02 11:23:31',181,'2024-02-02 11:41:40',2,8,2),(20547400,915590,181,2,'2024-02-02 19:32:52',253,'2024-02-02 19:46:29',1,8,2),(20548584,915590,253,2,'2024-02-02 21:19:48',118,'2024-02-02 21:26:51',2,10,2),(20550860,1104765,130,2,'2024-02-03 09:59:46',130,'2024-02-03 10:12:10',2,1,2),(20550919,1104765,130,2,'2024-02-03 10:27:20',8,'2024-02-03 11:12:43',1,2,2),(20551168,1104765,8,2,'2024-02-03 11:30:54',117,'2024-02-03 12:14:05',1,1,2),(20551701,1104765,117,2,'2024-02-03 14:01:56',153,'2024-02-03 14:17:42',1,9,2),(20552128,1104765,153,2,'2024-02-03 15:53:57',353,'2024-02-03 17:25:56',1,7,2),(20552519,755905,322,2,'2024-02-03 17:23:19',478,'2024-02-03 17:38:41',1,4,2),(20552614,1104765,353,2,'2024-02-03 17:45:59',111,'2024-02-03 17:55:11',2,9,2),(20552735,805997,420,2,'2024-02-03 18:10:11',482,'2024-02-03 18:45:00',1,1,2),(20554151,1076431,440,2,'2024-02-04 00:26:46',440,'2024-02-04 00:34:35',1,10,2),(20556141,1105141,491,2,'2024-02-04 14:00:01',491,'2024-02-04 14:07:38',1,9,2),(20556267,878869,56,2,'2024-02-04 14:27:37',466,'2024-02-04 15:26:45',2,10,2),(20556367,1105177,373,2,'2024-02-04 14:48:35',373,'2024-02-04 14:53:57',1,10,2),(20556550,1076431,247,2,'2024-02-04 15:27:51',340,'2024-02-04 15:55:09',2,10,2),(20557078,723799,242,2,'2024-02-04 16:34:54',14,'2024-02-04 16:51:34',2,9,2),(20557786,1105388,418,2,'2024-02-04 18:06:19',418,'2024-02-04 18:23:58',2,7,2),(20557871,878869,466,2,'2024-02-04 18:15:36',215,'2024-02-04 18:42:54',1,2,2),(20558241,1016086,33,2,'2024-02-04 19:04:20',144,'2024-02-04 19:25:39',2,9,2),(20558929,263203,210,2,'2024-02-04 20:38:12',515,'2024-02-04 21:44:50',1,1,2),(20559166,906385,359,2,'2024-02-04 21:24:09',230,'2024-02-04 21:34:20',1,1,2),(20561136,74516,135,2,'2024-02-05 07:22:31',60,'2024-02-05 07:29:29',1,9,2),(20561937,946252,403,2,'2024-02-05 08:37:51',477,'2024-02-05 08:44:12',1,9,2),(20562483,864392,174,2,'2024-02-05 09:20:37',38,'2024-02-05 09:23:43',1,3,2),(20563488,7404,215,2,'2024-02-05 11:31:59',69,'2024-02-05 11:44:46',2,8,2),(20563944,202671,359,2,'2024-02-05 12:25:33',230,'2024-02-05 12:40:13',2,4,2),(20564128,7404,69,2,'2024-02-05 12:47:29',69,'2024-02-05 12:47:52',1,4,2),(20564139,7404,69,2,'2024-02-05 12:48:10',5,'2024-02-05 12:58:52',1,8,2),(20566608,12767,158,2,'2024-02-05 16:34:58',387,'2024-02-05 16:52:54',2,8,2),(20567372,946252,41,2,'2024-02-05 17:22:47',403,'2024-02-05 17:29:32',1,1,2),(20569723,915590,9,2,'2024-02-05 19:40:30',253,'2024-02-05 19:58:16',2,5,2),(20571481,646213,234,2,'2024-02-05 21:57:56',268,'2024-02-05 22:13:51',2,8,2),(20571830,1090559,440,2,'2024-02-05 22:45:20',210,'2024-02-05 23:09:46',2,2,2),(20572354,1090559,210,2,'2024-02-06 00:19:54',440,'2024-02-06 00:45:13',1,4,2),(20573955,233259,478,2,'2024-02-06 07:30:17',440,'2024-02-06 07:58:16',1,6,2),(20574755,946252,403,2,'2024-02-06 08:36:47',477,'2024-02-06 08:42:41',2,8,2),(20575528,1106224,175,2,'2024-02-06 09:39:07',57,'2024-02-06 09:56:39',1,5,2),(20575533,1103289,527,2,'2024-02-06 09:39:27',229,'2024-02-06 09:47:59',1,1,2),(20578134,156938,26,2,'2024-02-06 14:11:48',60,'2024-02-06 14:19:05',2,2,2),(20580197,653260,144,2,'2024-02-06 16:59:25',121,'2024-02-06 17:10:59',1,4,2),(20580320,646213,177,2,'2024-02-06 17:05:40',268,'2024-02-06 17:48:55',2,4,2),(20582166,946252,41,2,'2024-02-06 19:05:50',403,'2024-02-06 19:12:59',2,2,2),(20582316,878869,216,2,'2024-02-06 19:15:19',99,'2024-02-06 19:38:10',1,1,2),(20583561,505717,202,2,'2024-02-06 20:37:29',122,'2024-02-06 20:55:53',1,3,2),(20584077,967944,236,2,'2024-02-06 21:20:49',322,'2024-02-06 21:29:42',1,2,2),(20584196,673248,206,2,'2024-02-06 21:31:58',206,'2024-02-06 21:32:25',1,9,2),(20584397,1058741,464,2,'2024-02-06 21:49:34',464,'2024-02-06 22:11:20',1,8,2),(20584682,653260,165,2,'2024-02-06 22:20:48',468,'2024-02-06 22:34:30',1,5,2),(20586623,646213,68,2,'2024-02-07 06:33:07',485,'2024-02-07 07:05:41',1,7,2),(20588094,946252,403,2,'2024-02-07 08:37:32',477,'2024-02-07 08:42:43',1,9,2),(20588151,1106636,104,2,'2024-02-07 08:41:45',466,'2024-02-07 08:41:45',1,10,2),(20588875,1103289,527,2,'2024-02-07 09:45:20',229,'2024-02-07 09:54:59',1,10,2),(20589491,353310,235,2,'2024-02-07 10:40:38',426,'2024-02-07 10:58:14',2,3,2),(20589786,923683,349,2,'2024-02-07 11:11:19',474,'2024-02-07 11:11:19',1,3,2),(20589818,915590,253,2,'2024-02-07 11:13:45',9,'2024-02-07 11:36:54',1,10,2),(20592312,1067928,146,2,'2024-02-07 14:59:16',76,'2024-02-07 15:22:21',2,6,2),(20594518,1106224,3,2,'2024-02-07 17:26:46',6,'2024-02-07 17:57:40',2,3,2),(20595690,653260,25,2,'2024-02-07 18:33:23',25,'2024-02-07 18:34:08',1,2,2),(20595707,1107225,175,2,'2024-02-07 18:34:10',175,'2024-02-07 19:54:15',2,10,2),(20596009,946252,41,2,'2024-02-07 18:52:50',403,'2024-02-07 19:00:46',1,6,2),(20596806,1079388,5,2,'2024-02-07 19:45:40',210,'2024-02-07 20:35:58',1,9,2),(20597104,915590,9,2,'2024-02-07 20:05:09',253,'2024-02-07 20:25:01',2,5,2),(20598028,1016086,144,2,'2024-02-07 21:11:39',144,'2024-02-07 22:39:00',2,5,2),(20598312,505717,165,2,'2024-02-07 21:34:25',54,'2024-02-07 21:41:16',1,7,2),(20599155,12767,530,2,'2024-02-07 23:16:22',158,'2024-02-07 23:39:34',2,10,2),(20602106,946252,403,2,'2024-02-08 08:46:15',41,'2024-02-08 08:55:54',1,2,2),(20602404,915590,253,2,'2024-02-08 09:10:49',253,'2024-02-08 09:27:41',2,8,2),(20602687,1103289,206,2,'2024-02-08 09:36:23',229,'2024-02-08 09:45:51',2,9,2),(20603648,915590,253,2,'2024-02-08 11:23:44',181,'2024-02-08 11:43:11',2,6,2),(20604831,1103289,229,2,'2024-02-08 14:39:03',527,'2024-02-08 14:45:15',1,9,2),(20606330,1079388,126,2,'2024-02-08 16:38:24',126,'2024-02-08 17:21:24',1,6,2),(20606537,868349,474,2,'2024-02-08 16:52:43',473,'2024-02-08 16:59:37',1,6,2),(20607140,12767,158,2,'2024-02-08 17:24:52',387,'2024-02-08 17:49:26',1,1,2),(20607377,653260,165,2,'2024-02-08 17:40:19',65,'2024-02-08 17:48:55',2,1,2),(20607583,353310,426,2,'2024-02-08 17:53:02',416,'2024-02-08 18:00:15',2,7,2),(20608518,653260,25,2,'2024-02-08 18:58:47',165,'2024-02-08 19:05:35',1,3,2),(20609016,353310,416,2,'2024-02-08 19:32:30',322,'2024-02-08 19:41:14',2,10,2),(20609469,915590,9,2,'2024-02-08 20:04:22',146,'2024-02-08 20:30:21',2,8,2),(20609491,512317,126,2,'2024-02-08 20:06:57',6,'2024-02-08 20:14:00',1,5,2),(20610015,1016086,144,2,'2024-02-08 20:50:54',144,'2024-02-08 20:51:14',2,10,2),(20610042,1016086,144,2,'2024-02-08 20:52:39',131,'2024-02-08 21:49:28',1,2,2),(20610495,915590,253,2,'2024-02-08 21:43:02',29,'2024-02-08 21:58:59',2,3,2),(20610801,353310,417,2,'2024-02-08 22:21:55',426,'2024-02-08 22:46:47',1,5,2),(20610988,915590,29,2,'2024-02-08 22:52:37',253,'2024-02-08 23:02:50',1,7,2),(20611025,1016086,131,2,'2024-02-08 22:56:45',144,'2024-02-08 23:10:45',1,2,2),(20611556,12767,387,2,'2024-02-09 00:33:45',158,'2024-02-09 00:50:19',2,10,2),(20613053,74516,135,2,'2024-02-09 07:20:32',60,'2024-02-09 07:27:11',2,10,2),(20613476,581423,190,2,'2024-02-09 07:55:22',116,'2024-02-09 08:01:58',1,8,2),(20615744,653260,121,2,'2024-02-09 11:23:57',96,'2024-02-09 11:32:49',2,3,2),(20615812,915590,186,2,'2024-02-09 11:29:49',181,'2024-02-09 11:46:00',2,6,2),(20616833,505717,281,2,'2024-02-09 13:17:31',54,'2024-02-09 14:43:49',2,8,2),(20617144,156938,26,2,'2024-02-09 13:44:46',2,'2024-02-09 13:54:48',2,7,2),(20617838,868349,449,2,'2024-02-09 14:35:31',473,'2024-02-09 14:54:48',1,1,2),(20618031,415713,418,2,'2024-02-09 14:50:50',418,'2024-02-09 14:52:50',2,8,2),(20618165,415713,436,2,'2024-02-09 15:02:39',166,'2024-02-09 16:13:34',1,3,2),(20619065,512317,73,2,'2024-02-09 18:49:54',126,'2024-02-09 18:58:11',2,7,2),(20619511,915590,9,2,'2024-02-09 19:19:10',253,'2024-02-09 19:42:34',2,10,2),(20619579,1088550,530,2,'2024-02-09 19:25:05',29,'2024-02-09 19:36:07',1,4,2),(20621901,851072,263,2,'2024-02-10 12:32:38',432,'2024-02-10 13:18:02',2,6,2),(20622153,851072,80,2,'2024-02-10 13:33:57',284,'2024-02-10 13:49:18',2,9,2),(20623036,989293,116,2,'2024-02-10 16:20:30',194,'2024-02-10 16:40:03',2,6,2),(20624167,989293,194,2,'2024-02-10 19:11:58',116,'2024-02-10 19:35:37',2,7,2),(20624773,20794,440,2,'2024-02-10 20:49:27',254,'2024-02-10 21:15:12',1,8,2),(20625549,1056888,436,2,'2024-02-11 00:11:54',161,'2024-02-11 00:36:17',2,9,2),(20626706,1109012,480,2,'2024-02-11 09:58:20',480,'2024-02-11 10:29:02',1,2,2),(20630832,1076431,247,2,'2024-02-11 22:19:33',527,'2024-02-11 22:37:16',2,10,2),(20631023,1109012,480,2,'2024-02-11 23:14:19',480,'2024-02-12 00:01:51',2,2,2),(20631254,1056888,418,2,'2024-02-12 00:26:00',161,'2024-02-12 00:52:55',1,5,2),(20632892,1035430,291,2,'2024-02-12 14:52:02',117,'2024-02-12 14:56:46',1,2,2),(20635613,860672,91,2,'2024-02-12 22:15:37',46,'2024-02-12 22:30:30',2,5,2),(20636045,1056888,418,2,'2024-02-13 00:26:41',161,'2024-02-13 00:52:55',1,5,2),(20638138,282698,379,2,'2024-02-13 12:57:28',379,'2024-02-13 13:17:19',2,8,2),(20638810,615874,268,2,'2024-02-13 14:24:29',516,'2024-02-13 19:24:17',1,4,2),(20639020,864392,517,2,'2024-02-13 14:47:29',517,'2024-02-13 15:13:44',2,8,2),(20641241,783157,516,2,'2024-02-13 17:45:43',516,'2024-02-13 18:14:51',2,2,2),(20642166,1056896,381,2,'2024-02-13 19:00:03',381,'2024-02-13 19:30:23',1,1,2),(20642694,1076431,340,2,'2024-02-13 19:39:48',247,'2024-02-13 20:15:34',1,1,2),(20645697,808594,8,2,'2024-02-14 07:09:47',260,'2024-02-14 07:49:33',2,6,2),(20645974,74516,536,2,'2024-02-14 07:38:56',60,'2024-02-14 07:45:40',1,6,2),(20646793,946252,403,2,'2024-02-14 08:43:40',477,'2024-02-14 08:48:50',1,3,2),(20647125,1106224,175,2,'2024-02-14 09:10:51',57,'2024-02-14 09:22:22',2,6,2),(20650895,868349,449,2,'2024-02-14 14:34:36',473,'2024-02-14 14:54:30',1,3,2),(20653233,808594,515,2,'2024-02-14 16:51:27',212,'2024-02-14 17:19:49',2,7,2),(20653310,946252,70,2,'2024-02-14 16:55:42',25,'2024-02-14 17:01:24',1,5,2),(20653678,1056888,121,2,'2024-02-14 17:12:38',418,'2024-02-14 19:11:40',2,8,2),(20655475,1079388,17,2,'2024-02-14 18:31:41',91,'2024-02-14 18:47:16',2,10,2),(20657334,1079388,93,2,'2024-02-14 20:04:47',17,'2024-02-14 20:20:48',2,1,2),(20658170,1058741,5,2,'2024-02-14 21:03:40',222,'2024-02-14 21:27:56',2,1,2),(20658419,505717,27,2,'2024-02-14 21:23:12',54,'2024-02-14 21:35:56',1,1,2),(20658769,1058741,222,2,'2024-02-14 21:58:10',5,'2024-02-14 22:04:12',1,9,2),(20659831,1056888,436,2,'2024-02-15 00:16:36',161,'2024-02-15 00:42:18',1,1,2),(20661682,415713,181,2,'2024-02-15 07:24:52',517,'2024-02-15 07:47:14',2,9,2),(20662818,156938,2,2,'2024-02-15 08:43:38',26,'2024-02-15 08:53:40',1,3,2),(20662821,946252,403,2,'2024-02-15 08:43:50',477,'2024-02-15 08:49:09',2,7,2),(20664966,915590,253,2,'2024-02-15 11:30:40',181,'2024-02-15 11:48:55',2,7,2),(20669099,415713,517,2,'2024-02-15 16:13:12',181,'2024-02-15 16:37:12',1,1,2),(20669414,810016,469,2,'2024-02-15 16:31:10',469,'2024-02-15 17:00:00',1,3,2),(20669691,282698,379,2,'2024-02-15 16:44:50',379,'2024-02-15 16:45:12',1,8,2),(20669719,282698,379,2,'2024-02-15 16:46:02',379,'2024-02-15 16:49:44',1,2,2),(20669979,156938,26,2,'2024-02-15 16:58:29',132,'2024-02-15 17:08:08',1,9,2),(20670735,810016,469,2,'2024-02-15 17:29:59',336,'2024-02-15 17:39:37',1,1,2),(20671321,810016,336,2,'2024-02-15 17:59:56',336,'2024-02-15 18:14:08',2,6,2),(20671693,10596,135,2,'2024-02-15 18:14:48',69,'2024-02-15 18:32:03',2,1,2),(20671762,1111311,408,2,'2024-02-15 18:17:31',235,'2024-02-15 18:27:17',1,6,2),(20672639,1111311,235,2,'2024-02-15 19:01:20',408,'2024-02-15 19:11:41',1,7,2),(20672682,946252,21,2,'2024-02-15 19:03:15',403,'2024-02-15 19:09:20',2,6,2),(20673812,851072,307,2,'2024-02-15 20:09:06',41,'2024-02-15 20:35:16',2,1,2),(20673830,915590,190,2,'2024-02-15 20:10:22',253,'2024-02-15 20:28:55',1,3,2),(20674098,747541,515,2,'2024-02-15 20:24:47',144,'2024-02-15 21:05:09',1,8,2),(20674107,504193,531,2,'2024-02-15 20:25:23',197,'2024-02-15 20:40:55',1,9,2),(20674536,505717,202,2,'2024-02-15 20:51:31',54,'2024-02-15 21:13:16',1,3,2),(20674936,1058741,5,2,'2024-02-15 21:22:22',222,'2024-02-15 21:48:40',1,10,2),(20675343,504193,197,2,'2024-02-15 22:02:01',531,'2024-02-15 23:14:19',1,4,2),(20675464,1058741,222,2,'2024-02-15 22:14:04',5,'2024-02-15 22:23:03',2,10,2),(20675603,851072,477,2,'2024-02-15 22:30:02',199,'2024-02-15 23:02:27',2,10,2),(20675894,860672,91,2,'2024-02-15 23:05:26',8,'2024-02-15 23:25:56',2,5,2),(20675968,851072,253,2,'2024-02-15 23:18:05',219,'2024-02-15 23:34:29',1,5,2),(20676326,1056888,436,2,'2024-02-16 00:07:56',161,'2024-02-16 00:31:29',1,9,2),(20676475,808594,277,2,'2024-02-16 00:32:18',468,'2024-02-16 01:15:04',1,1,2),(20677174,1112433,273,2,'2024-02-16 04:14:13',367,'2024-02-16 04:37:53',1,4,2),(20677984,74516,135,2,'2024-02-16 07:25:03',60,'2024-02-16 07:30:38',2,2,2),(20679012,946252,403,2,'2024-02-16 08:49:38',477,'2024-02-16 08:55:35',2,7,2),(20679175,156938,32,2,'2024-02-16 09:01:02',26,'2024-02-16 09:08:28',2,9,2),(20680103,818316,35,2,'2024-02-16 10:19:52',7,'2024-02-16 10:37:19',1,4,2),(20682719,653260,69,2,'2024-02-16 13:56:10',65,'2024-02-16 14:05:05',2,1,2),(20683824,1112676,79,2,'2024-02-16 15:15:08',79,'2024-02-16 16:11:18',2,5,2),(20684142,156938,26,2,'2024-02-16 15:36:48',130,'2024-02-16 15:46:59',1,4,2),(20684993,1112676,151,2,'2024-02-16 16:26:22',79,'2024-02-16 16:57:59',2,1,2),(20685086,1111311,408,2,'2024-02-16 16:31:47',235,'2024-02-16 16:41:57',2,2,2),(20685761,818062,230,2,'2024-02-16 17:06:21',102,'2024-02-16 17:23:22',1,6,2),(20686089,1112676,79,2,'2024-02-16 17:22:11',79,'2024-02-16 17:59:03',1,2,2),(20686341,946252,41,2,'2024-02-16 17:35:52',403,'2024-02-16 17:44:48',2,10,2),(20686632,1112433,367,2,'2024-02-16 17:51:06',381,'2024-02-16 18:02:24',1,9,2),(20686867,989293,116,2,'2024-02-16 18:04:03',144,'2024-02-16 18:12:31',1,2,2),(20687807,666040,291,2,'2024-02-16 18:45:26',93,'2024-02-16 18:54:57',2,8,2),(20688018,1112676,151,2,'2024-02-16 18:57:52',175,'2024-02-16 19:46:36',1,2,2),(20688395,915590,216,2,'2024-02-16 19:18:30',253,'2024-02-16 19:36:23',1,5,2),(20689268,571134,182,2,'2024-02-16 20:07:27',289,'2024-02-16 20:32:08',2,5,2),(20690050,505717,64,2,'2024-02-16 21:02:47',54,'2024-02-16 21:17:50',1,2,2),(20690153,1112433,381,2,'2024-02-16 21:10:42',367,'2024-02-16 21:20:53',2,6,2),(20690960,615874,242,2,'2024-02-16 22:39:21',440,'2024-02-16 23:07:40',2,6,2),(20691567,1056888,436,2,'2024-02-17 00:14:36',161,'2024-02-17 00:39:25',2,5,2),(20692272,989293,144,2,'2024-02-17 05:18:45',116,'2024-02-17 05:26:27',2,4,2),(20693730,282698,379,2,'2024-02-17 13:06:33',379,'2024-02-17 14:28:00',1,4,2),(20695338,1113304,212,2,'2024-02-17 16:54:14',534,'2024-02-17 17:45:52',2,3,2),(20696677,989293,194,2,'2024-02-17 19:14:44',116,'2024-02-17 19:39:26',1,1,2),(20696850,615874,373,2,'2024-02-17 19:37:50',400,'2024-02-17 20:54:12',1,7,2),(20698095,615874,248,2,'2024-02-17 23:02:45',68,'2024-02-17 23:24:05',1,3,2),(20698360,1056888,436,2,'2024-02-18 00:17:20',161,'2024-02-18 00:38:28',2,1,2),(20701981,1113896,116,2,'2024-02-18 16:45:50',426,'2024-02-18 17:26:21',1,4,2),(20702011,878869,101,2,'2024-02-18 16:49:23',535,'2024-02-18 17:07:52',2,6,2),(20702950,299264,416,2,'2024-02-18 18:36:57',322,'2024-02-18 18:46:42',2,6,2),(20703708,747541,466,2,'2024-02-18 19:59:54',200,'2024-02-18 20:28:05',2,8,2),(20706417,74516,135,2,'2024-02-19 07:26:45',60,'2024-02-19 07:32:47',1,1,2),(20706464,318881,275,2,'2024-02-19 07:30:15',521,'2024-02-19 07:51:05',1,7,2),(20706684,156938,130,2,'2024-02-19 07:45:54',353,'2024-02-19 07:54:44',1,6,2),(20707356,946252,403,2,'2024-02-19 08:37:29',477,'2024-02-19 08:42:53',2,6,2),(20707671,695691,262,2,'2024-02-19 09:02:59',381,'2024-02-19 09:40:01',1,8,2),(20709500,1020100,69,2,'2024-02-19 11:51:16',163,'2024-02-19 12:07:22',1,9,2),(20709620,709019,216,2,'2024-02-19 12:01:32',144,'2024-02-19 12:12:28',2,1,2),(20709886,202671,359,2,'2024-02-19 12:20:28',230,'2024-02-19 12:33:34',2,8,2),(20709904,318881,521,2,'2024-02-19 12:22:37',537,'2024-02-19 12:40:44',2,10,2),(20711979,915590,190,2,'2024-02-19 15:13:16',253,'2024-02-19 15:30:52',2,3,2),(20712851,156938,26,2,'2024-02-19 16:11:38',130,'2024-02-19 16:20:08',1,1,2),(20713208,868349,71,2,'2024-02-19 16:32:58',8,'2024-02-19 16:41:44',1,4,2),(20713809,868349,449,2,'2024-02-19 17:06:56',473,'2024-02-19 17:24:06',2,9,2),(20716344,923683,474,2,'2024-02-19 19:09:29',278,'2024-02-19 19:46:10',1,10,2),(20716704,560833,6,2,'2024-02-19 19:28:04',152,'2024-02-19 19:41:15',2,10,2),(20716726,1080854,254,2,'2024-02-19 19:29:45',280,'2024-02-19 19:44:36',1,5,2),(20716896,157730,202,2,'2024-02-19 19:38:38',202,'2024-02-19 19:51:03',2,5,2),(20716957,851072,29,2,'2024-02-19 19:42:29',479,'2024-02-19 20:07:21',2,6,2),(20717749,1080854,458,2,'2024-02-19 20:24:09',254,'2024-02-19 20:41:50',1,1,2),(20718514,505717,64,2,'2024-02-19 21:15:53',54,'2024-02-19 21:30:48',2,7,2),(20718623,1109012,480,2,'2024-02-19 21:23:46',480,'2024-02-19 22:00:10',2,5,2),(20718628,851072,479,2,'2024-02-19 21:24:14',280,'2024-02-19 21:38:33',1,10,2),(20720374,1079388,453,2,'2024-02-20 02:41:56',504,'2024-02-20 02:50:35',1,6,2),(20721435,74516,135,2,'2024-02-20 07:27:05',60,'2024-02-20 07:37:01',2,7,2),(20722009,831388,73,2,'2024-02-20 08:11:39',111,'2024-02-20 08:35:18',2,9,2),(20722238,858252,278,2,'2024-02-20 08:26:43',322,'2024-02-20 08:37:44',2,9,2),(20722480,946252,403,2,'2024-02-20 08:41:55',477,'2024-02-20 08:48:05',1,3,2),(20722823,156938,114,2,'2024-02-20 09:07:35',26,'2024-02-20 09:13:35',2,4,2),(20724765,1114922,137,2,'2024-02-20 11:42:06',353,'2024-02-20 13:55:46',1,9,2),(20724839,915590,17,2,'2024-02-20 11:47:53',181,'2024-02-20 11:57:07',2,5,2),(20725499,202671,289,2,'2024-02-20 12:36:52',230,'2024-02-20 12:46:43',2,8,2),(20725747,415713,66,2,'2024-02-20 12:54:58',517,'2024-02-20 13:20:09',2,6,2),(20726413,868349,71,2,'2024-02-20 13:42:08',8,'2024-02-20 13:49:38',1,8,2),(20726705,156938,26,2,'2024-02-20 14:04:08',60,'2024-02-20 14:12:16',1,7,2),(20728057,1112433,381,2,'2024-02-20 15:40:11',335,'2024-02-20 15:43:29',2,3,2),(20728761,946252,41,2,'2024-02-20 16:25:10',424,'2024-02-20 16:31:09',2,7,2),(20728854,1112433,335,2,'2024-02-20 16:30:57',381,'2024-02-20 16:35:23',1,7,2),(20730365,831388,79,2,'2024-02-20 17:45:56',6,'2024-02-20 18:03:36',1,6,2),(20730580,415713,101,2,'2024-02-20 17:55:14',79,'2024-02-20 19:08:35',1,7,2),(20730776,7404,165,2,'2024-02-20 18:05:17',5,'2024-02-20 18:18:01',1,9,2),(20731606,965549,126,2,'2024-02-20 18:41:41',126,'2024-02-20 19:09:26',1,5,2),(20733501,505717,43,2,'2024-02-20 20:21:18',54,'2024-02-20 20:43:45',1,7,2),(20733556,915590,66,2,'2024-02-20 20:25:27',253,'2024-02-20 20:39:23',2,6,2),(20733807,755905,14,2,'2024-02-20 20:42:41',158,'2024-02-20 21:03:39',2,4,2),(20733930,666040,117,2,'2024-02-20 20:51:11',93,'2024-02-20 21:02:25',1,2,2),(20734021,1112433,263,2,'2024-02-20 20:57:05',367,'2024-02-20 21:12:06',2,8,2),(20734998,1079388,163,2,'2024-02-20 22:24:33',453,'2024-02-20 23:03:21',2,2,2),(20735887,989293,116,2,'2024-02-21 00:46:16',177,'2024-02-21 01:21:55',2,1,2),(20737287,74516,135,2,'2024-02-21 07:28:52',60,'2024-02-21 07:39:01',2,9,2),(20737425,318881,275,2,'2024-02-21 07:39:20',521,'2024-02-21 08:00:54',2,6,2),(20737745,1115299,509,2,'2024-02-21 08:05:58',508,'2024-02-21 10:52:03',1,1,2),(20737893,946252,403,2,'2024-02-21 08:18:47',41,'2024-02-21 08:29:00',2,2,2),(20738126,415713,181,2,'2024-02-21 08:37:02',517,'2024-02-21 08:59:38',2,10,2),(20739275,4143,491,2,'2024-02-21 10:20:05',167,'2024-02-21 10:33:07',1,1,2),(20740259,915590,161,2,'2024-02-21 11:50:57',181,'2024-02-21 11:56:36',2,7,2),(20741979,770318,487,2,'2024-02-21 14:14:00',275,'2024-02-21 14:24:18',1,3,2),(20742291,1079388,453,2,'2024-02-21 14:39:15',453,'2024-02-21 14:39:37',1,5,2),(20742301,1079388,453,2,'2024-02-21 14:40:10',17,'2024-02-21 15:15:37',2,7,2),(20742989,12767,104,2,'2024-02-21 15:33:02',387,'2024-02-21 15:52:06',2,7,2),(20743245,318881,521,2,'2024-02-21 15:50:43',537,'2024-02-21 16:05:54',2,1,2),(20743611,1115299,395,2,'2024-02-21 16:12:51',261,'2024-02-21 18:40:52',1,10,2),(20743834,571134,35,2,'2024-02-21 16:23:57',182,'2024-02-21 16:58:04',1,1,2),(20744769,1020100,69,2,'2024-02-21 17:13:19',69,'2024-02-21 17:15:27',1,3,2),(20745218,946252,41,2,'2024-02-21 17:35:28',424,'2024-02-21 17:46:35',1,3,2),(20746637,1011501,486,2,'2024-02-21 18:45:25',68,'2024-02-21 18:58:20',1,9,2),(20747236,157730,515,2,'2024-02-21 19:15:16',515,'2024-02-21 19:54:49',1,7,2),(20748263,915590,216,2,'2024-02-21 20:07:00',253,'2024-02-21 20:21:32',1,1,2),(20748425,1080854,458,2,'2024-02-21 20:15:19',254,'2024-02-21 20:33:17',1,2,2),(20749316,1112433,263,2,'2024-02-21 21:10:00',381,'2024-02-21 21:25:08',1,2,2),(20749828,653260,65,2,'2024-02-21 21:53:02',121,'2024-02-21 22:05:10',2,8,2),(20750931,1056888,436,2,'2024-02-22 00:16:13',161,'2024-02-22 00:39:13',2,3,2),(20753538,858252,278,2,'2024-02-22 08:25:57',322,'2024-02-22 08:37:28',1,6,2),(20753792,946252,403,2,'2024-02-22 08:42:49',477,'2024-02-22 08:49:09',2,4,2),(20755806,915590,186,2,'2024-02-22 11:26:48',181,'2024-02-22 11:42:39',2,10,2),(20757154,1112676,79,2,'2024-02-22 13:02:29',36,'2024-02-22 13:46:48',2,3,2),(20757262,1025615,475,2,'2024-02-22 13:11:24',475,'2024-02-22 13:41:57',1,2,2),(20757919,1076431,247,2,'2024-02-22 14:08:24',526,'2024-02-22 14:56:58',1,7,2),(20758304,1112676,36,2,'2024-02-22 14:36:06',64,'2024-02-22 14:36:06',1,7,2),(20759096,1112676,64,2,'2024-02-22 15:36:33',79,'2024-02-22 15:36:33',2,9,2),(20760183,653260,121,2,'2024-02-22 16:39:39',65,'2024-02-22 16:51:06',1,4,2),(20761090,1112676,151,2,'2024-02-22 17:28:06',79,'2024-02-22 18:33:58',2,6,2),(20762609,12767,158,2,'2024-02-22 18:43:22',387,'2024-02-22 19:01:53',1,8,2),(20762640,946252,41,2,'2024-02-22 18:45:29',403,'2024-02-22 18:54:34',1,9,2),(20762911,666040,24,2,'2024-02-22 19:00:32',93,'2024-02-22 19:12:29',2,5,2),(20763304,915590,190,2,'2024-02-22 19:22:44',253,'2024-02-22 19:42:31',1,10,2),(20763324,923683,474,2,'2024-02-22 19:24:16',278,'2024-02-22 19:58:31',2,1,2),(20763427,851072,172,2,'2024-02-22 19:30:51',117,'2024-02-22 19:36:57',2,4,2),(20763758,18475,220,2,'2024-02-22 19:50:36',458,'2024-02-22 19:59:49',1,3,2),(20764298,851072,168,2,'2024-02-22 20:23:46',199,'2024-02-22 20:51:42',2,8,2),(20764389,915590,253,2,'2024-02-22 20:29:32',253,'2024-02-22 20:29:43',2,2,2),(20764679,915590,199,2,'2024-02-22 20:52:07',155,'2024-02-22 21:11:46',1,9,2),(20764970,18475,458,2,'2024-02-22 21:13:52',220,'2024-02-22 21:22:57',2,1,2),(20764973,233259,117,2,'2024-02-22 21:13:59',196,'2024-02-22 21:41:03',2,5,2),(20765143,1109012,480,2,'2024-02-22 21:28:28',480,'2024-02-22 22:06:24',1,5,2),(20765411,233259,172,2,'2024-02-22 21:57:54',46,'2024-02-22 22:07:50',2,8,2),(20765701,851072,253,2,'2024-02-22 22:31:55',307,'2024-02-22 23:02:47',2,8,2),(20766445,1056888,436,2,'2024-02-23 00:20:50',161,'2024-02-23 00:42:37',2,8,2),(20767997,1020100,96,2,'2024-02-23 07:08:56',165,'2024-02-23 07:15:26',1,2,2),(20768278,74516,135,2,'2024-02-23 07:35:25',135,'2024-02-23 07:38:43',1,10,2),(20768332,74516,135,2,'2024-02-23 07:39:57',60,'2024-02-23 07:46:08',2,8,2),(20769049,946252,403,2,'2024-02-23 08:32:48',477,'2024-02-23 08:39:37',1,4,2),(20769799,1112433,381,2,'2024-02-23 09:24:39',367,'2024-02-23 09:35:04',2,10,2),(20769877,705928,526,2,'2024-02-23 09:29:50',187,'2024-02-23 09:38:27',2,3,2),(20771552,1112433,367,2,'2024-02-23 11:50:28',381,'2024-02-23 12:00:22',2,2,2),(20771940,679929,230,2,'2024-02-23 12:17:28',379,'2024-02-23 12:40:55',1,5,2),(20772321,1020100,69,2,'2024-02-23 12:45:30',175,'2024-02-23 13:36:20',2,1,2),(20772534,114078,66,2,'2024-02-23 13:02:33',200,'2024-02-23 13:12:52',1,7,2),(20774393,114078,200,2,'2024-02-23 15:06:48',66,'2024-02-23 15:15:50',2,6,2),(20774403,1112433,381,2,'2024-02-23 15:07:25',367,'2024-02-23 15:15:11',2,4,2),(20775678,1116923,66,2,'2024-02-23 16:20:28',175,'2024-02-23 17:16:18',2,6,2),(20776043,755905,426,2,'2024-02-23 16:40:58',478,'2024-02-23 16:56:14',2,3,2),(20777554,666040,132,2,'2024-02-23 18:01:19',93,'2024-02-23 18:21:54',1,3,2),(20777920,7404,14,2,'2024-02-23 18:20:04',166,'2024-02-23 18:36:41',2,6,2),(20777997,505717,54,2,'2024-02-23 18:24:48',64,'2024-02-23 18:52:33',1,8,2),(20778380,946252,21,2,'2024-02-23 18:44:02',424,'2024-02-23 18:47:22',1,8,2),(20781586,7404,91,2,'2024-02-23 23:25:52',5,'2024-02-23 23:50:55',1,10,2),(20781873,1056888,436,2,'2024-02-24 00:14:29',436,'2024-02-24 00:16:40',2,1,2),(20781915,1056888,418,2,'2024-02-24 00:29:34',161,'2024-02-24 00:54:27',2,5,2),(20782009,993574,316,2,'2024-02-24 00:52:20',261,'2024-02-24 01:04:18',2,7,2),(20783089,755905,478,2,'2024-02-24 09:26:52',322,'2024-02-24 09:41:12',1,7,2),(20783830,1117262,277,2,'2024-02-24 12:18:03',289,'2024-02-24 12:31:03',1,10,2),(20784646,1117262,44,2,'2024-02-24 14:42:56',9,'2024-02-24 14:55:07',1,4,2),(20788413,1056888,478,2,'2024-02-25 00:18:40',161,'2024-02-25 00:50:06',2,5,2),(20788720,7404,468,2,'2024-02-25 01:48:17',5,'2024-02-25 02:07:34',2,4,2),(20788814,1117667,120,2,'2024-02-25 02:11:50',54,'2024-02-25 02:23:47',1,5,2),(20789855,755905,478,2,'2024-02-25 10:09:21',435,'2024-02-25 10:24:05',1,4,2),(20790684,282698,379,2,'2024-02-25 12:56:47',379,'2024-02-25 13:17:54',1,2,2),(20790762,851072,307,2,'2024-02-25 13:11:04',307,'2024-02-25 14:03:24',2,6,2),(20791336,878869,329,2,'2024-02-25 14:45:44',158,'2024-02-25 15:15:25',2,3,2),(20792916,878869,94,2,'2024-02-25 17:50:40',534,'2024-02-25 18:22:02',1,3,2),(20796999,7404,116,2,'2024-02-26 12:59:55',242,'2024-02-26 13:09:04',2,5,2),(20798358,220681,348,2,'2024-02-26 15:10:31',375,'2024-02-26 15:19:18',2,5,2),(20800717,415713,516,2,'2024-02-26 17:24:19',181,'2024-02-26 17:48:30',1,2,2),(20800906,157730,44,2,'2024-02-26 17:35:30',189,'2024-02-26 17:54:59',2,1,2),(20801117,1118336,516,2,'2024-02-26 17:47:07',14,'2024-02-26 18:38:54',2,4,2),(20801872,946252,403,2,'2024-02-26 18:24:06',41,'2024-02-26 18:33:10',2,10,2),(20802103,810016,289,2,'2024-02-26 18:36:43',14,'2024-02-26 19:00:02',1,1,2),(20803295,946252,41,2,'2024-02-26 19:44:07',41,'2024-02-26 19:45:52',2,6,2),(20803378,18475,220,2,'2024-02-26 19:50:42',458,'2024-02-26 20:02:17',2,4,2),(20803460,157730,202,2,'2024-02-26 19:56:14',215,'2024-02-26 20:24:08',1,6,2),(20804364,18475,458,2,'2024-02-26 20:58:29',220,'2024-02-26 21:09:00',2,5,2),(20804403,7404,189,2,'2024-02-26 21:00:54',5,'2024-02-26 21:17:14',1,4,2),(20805754,1056888,436,2,'2024-02-27 00:16:52',161,'2024-02-27 00:41:47',2,10,2),(20810070,695691,335,2,'2024-02-27 09:58:44',335,'2024-02-27 10:32:36',2,2,2),(20810138,653260,144,2,'2024-02-27 10:05:13',121,'2024-02-27 10:16:34',1,6,2),(20810719,7404,5,2,'2024-02-27 10:50:34',36,'2024-02-27 11:14:55',2,6,2),(20812342,1020100,69,2,'2024-02-27 12:44:47',69,'2024-02-27 13:11:04',1,5,2),(20812573,1004430,177,2,'2024-02-27 13:01:52',177,'2024-02-27 13:57:46',2,10,2),(20813244,673248,206,2,'2024-02-27 13:44:27',215,'2024-02-27 14:07:50',1,4,2),(20815095,12767,158,2,'2024-02-27 15:49:59',387,'2024-02-27 16:08:53',2,4,2),(20815351,860672,29,2,'2024-02-27 16:04:00',96,'2024-02-27 16:36:18',2,4,2),(20815583,415713,517,2,'2024-02-27 16:15:51',277,'2024-02-27 16:25:52',2,3,2),(20816436,7404,27,2,'2024-02-27 16:57:35',5,'2024-02-27 17:13:53',2,9,2),(20818356,618128,403,2,'2024-02-27 18:21:48',73,'2024-02-27 18:54:02',2,7,2),(20818576,505717,122,2,'2024-02-27 18:31:24',202,'2024-02-27 18:50:34',2,6,2),(20819634,618128,6,2,'2024-02-27 19:23:33',424,'2024-02-27 19:58:00',1,9,2),(20819884,162663,484,2,'2024-02-27 19:37:53',426,'2024-02-27 19:49:27',1,4,2),(20820055,1076431,500,2,'2024-02-27 19:46:21',400,'2024-02-27 20:10:16',1,8,2),(20820208,1119004,12,2,'2024-02-27 19:54:21',128,'2024-02-27 20:48:28',2,7,2),(20820266,923683,375,2,'2024-02-27 19:57:37',478,'2024-02-27 20:56:48',1,6,2),(20820271,1004430,177,2,'2024-02-27 19:57:48',239,'2024-02-27 20:04:04',2,5,2),(20820391,915590,9,2,'2024-02-27 20:05:11',253,'2024-02-27 20:25:56',2,3,2),(20820868,505717,202,2,'2024-02-27 20:34:01',161,'2024-02-27 20:59:35',2,7,2),(20820879,1109012,480,2,'2024-02-27 20:34:56',480,'2024-02-27 21:35:17',1,5,2),(20820983,755905,435,2,'2024-02-27 20:41:24',187,'2024-02-27 20:48:29',1,9,2),(20821201,1112433,263,2,'2024-02-27 20:56:55',263,'2024-02-27 20:57:17',1,9,2),(20821210,1112433,263,2,'2024-02-27 20:57:39',367,'2024-02-27 21:12:01',2,10,2),(20822414,851072,263,2,'2024-02-27 23:03:37',479,'2024-02-27 23:28:18',2,9,2),(20822794,851072,254,2,'2024-02-28 00:01:15',204,'2024-02-28 00:15:58',1,1,2),(20823473,1035430,46,2,'2024-02-28 02:04:39',291,'2024-02-28 02:09:53',2,10,2),(20824848,74516,135,2,'2024-02-28 07:35:04',60,'2024-02-28 07:42:05',2,8,2),(20824873,318881,275,2,'2024-02-28 07:36:37',521,'2024-02-28 08:01:03',1,5,2),(20825483,858252,278,2,'2024-02-28 08:17:27',278,'2024-02-28 08:17:49',2,10,2),(20825498,858252,278,2,'2024-02-28 08:18:11',322,'2024-02-28 08:30:21',2,7,2),(20826341,7404,534,2,'2024-02-28 09:12:21',162,'2024-02-28 09:32:13',1,8,2),(20827392,7404,162,2,'2024-02-28 10:45:42',25,'2024-02-28 11:00:35',2,8,2),(20827747,923683,362,2,'2024-02-28 11:18:32',474,'2024-02-28 11:53:41',2,8,2),(20828095,915590,17,2,'2024-02-28 11:40:40',181,'2024-02-28 11:51:19',2,5,2),(20828346,1004430,177,2,'2024-02-28 12:03:10',242,'2024-02-28 12:11:06',2,6,2),(20828869,1004430,242,2,'2024-02-28 12:43:00',177,'2024-02-28 12:51:29',1,10,2),(20829254,581423,116,2,'2024-02-28 13:13:27',216,'2024-02-28 13:22:39',2,4,2),(20830232,1103289,468,2,'2024-02-28 14:16:41',163,'2024-02-28 14:25:30',1,3,2),(20830934,7404,5,2,'2024-02-28 15:05:56',213,'2024-02-28 15:43:03',1,1,2),(20831514,318881,521,2,'2024-02-28 15:41:46',275,'2024-02-28 16:05:13',2,8,2),(20832367,571134,35,2,'2024-02-28 16:32:03',14,'2024-02-28 17:01:14',2,5,2),(20833513,675215,179,2,'2024-02-28 17:28:51',179,'2024-02-28 17:29:13',1,2,2),(20833529,675215,179,2,'2024-02-28 17:29:36',152,'2024-02-28 18:04:12',1,2,2),(20833578,868349,222,2,'2024-02-28 17:32:38',5,'2024-02-28 17:36:05',1,7,2),(20833693,7404,99,2,'2024-02-28 17:38:58',14,'2024-02-28 17:51:18',1,4,2),(20834459,946252,403,2,'2024-02-28 18:15:08',41,'2024-02-28 18:23:17',2,4,2),(20834527,1076431,340,2,'2024-02-28 18:18:30',524,'2024-02-28 18:38:50',2,10,2),(20835865,695691,335,2,'2024-02-28 19:22:53',367,'2024-02-28 20:11:14',2,9,2),(20836004,618128,403,2,'2024-02-28 19:30:34',152,'2024-02-28 20:05:28',1,5,2),(20836019,1076431,340,2,'2024-02-28 19:31:12',400,'2024-02-28 20:03:12',1,1,2),(20836168,868349,449,2,'2024-02-28 19:39:02',473,'2024-02-28 19:57:09',2,9,2),(20836644,675215,150,2,'2024-02-28 20:03:48',179,'2024-02-28 20:31:34',2,3,2),(20836724,755905,435,2,'2024-02-28 20:07:51',355,'2024-02-28 20:23:54',1,2,2),(20836829,915590,9,2,'2024-02-28 20:13:43',186,'2024-02-28 20:38:43',2,2,2),(20836977,618128,152,2,'2024-02-28 20:22:27',424,'2024-02-28 21:11:08',2,8,2),(20837393,1119004,5,2,'2024-02-28 20:50:29',5,'2024-02-28 21:01:40',1,8,2),(20838968,653260,144,2,'2024-02-28 23:28:28',121,'2024-02-28 23:41:55',1,4,2),(20839257,1056888,436,2,'2024-02-29 00:14:22',161,'2024-02-29 00:37:44',1,8,2),(20841108,74516,135,2,'2024-02-29 07:20:11',60,'2024-02-29 07:27:35',2,3,2),(20841131,1004430,222,2,'2024-02-29 07:22:15',177,'2024-02-29 07:40:13',2,7,2),(20842926,1035430,291,2,'2024-02-29 09:18:00',117,'2024-02-29 09:23:20',2,5,2),(20844601,818062,277,2,'2024-02-29 11:41:38',379,'2024-02-29 11:57:48',2,8,2),(20846405,697099,168,2,'2024-02-29 13:40:14',22,'2024-02-29 14:04:35',1,3,2),(20846537,7404,5,2,'2024-02-29 13:47:45',99,'2024-02-29 13:59:12',1,6,2),(20847190,7404,99,2,'2024-02-29 14:31:07',5,'2024-02-29 14:41:59',1,9,2),(20849028,747541,200,2,'2024-02-29 16:20:34',466,'2024-02-29 16:34:29',1,10,2),(20849500,818062,416,2,'2024-02-29 16:45:57',340,'2024-02-29 17:02:39',1,3,2),(20850071,858252,187,2,'2024-02-29 17:12:21',278,'2024-02-29 17:22:36',1,6,2),(20851491,157730,25,2,'2024-02-29 18:15:33',515,'2024-02-29 19:21:13',2,2,2),(20851616,851072,302,2,'2024-02-29 18:21:14',302,'2024-02-29 18:46:45',2,10,2),(20852166,666040,132,2,'2024-02-29 18:45:52',117,'2024-02-29 18:59:20',2,10,2),(20853630,915590,9,2,'2024-02-29 20:05:36',9,'2024-02-29 20:06:11',2,7,2),(20853663,915590,9,2,'2024-02-29 20:07:38',253,'2024-02-29 20:24:05',1,5,2),(20854417,1058741,5,2,'2024-02-29 21:00:20',5,'2024-02-29 21:18:40',1,1,2),(20856102,1056888,436,3,'2024-03-01 00:12:27',161,'2024-03-01 00:33:37',2,5,3),(20856627,7404,91,3,'2024-03-01 01:48:47',5,'2024-03-01 02:10:16',2,7,3),(20857429,1035430,291,3,'2024-03-01 06:30:15',117,'2024-03-01 06:36:10',2,3,3),(20858100,74516,135,3,'2024-03-01 07:36:03',60,'2024-03-01 07:42:21',2,7,3),(20858661,755905,478,3,'2024-03-01 08:12:34',435,'2024-03-01 08:28:25',1,7,3),(20860042,923683,358,3,'2024-03-01 09:39:51',474,'2024-03-01 10:34:17',2,4,3),(20860194,755905,435,3,'2024-03-01 09:48:26',322,'2024-03-01 09:53:30',2,4,3),(20860971,1004430,177,3,'2024-03-01 10:53:56',242,'2024-03-01 11:02:21',1,8,3),(20861473,915590,253,3,'2024-03-01 11:27:44',181,'2024-03-01 11:42:49',2,10,3),(20861492,1004430,242,3,'2024-03-01 11:29:11',177,'2024-03-01 11:35:32',2,4,3),(20862140,1020100,69,3,'2024-03-01 12:16:40',175,'2024-03-01 12:58:19',2,6,3),(20862212,7404,5,3,'2024-03-01 12:20:50',99,'2024-03-01 12:30:59',1,3,3),(20863042,618128,403,3,'2024-03-01 13:17:03',433,'2024-03-01 13:32:30',1,4,3),(20863348,7404,99,3,'2024-03-01 13:37:59',5,'2024-03-01 13:50:11',2,5,3),(20863699,156938,26,3,'2024-03-01 14:02:02',32,'2024-03-01 14:11:02',1,5,3),(20864881,770318,275,3,'2024-03-01 15:23:51',230,'2024-03-01 16:14:32',2,6,3),(20865192,1112433,367,3,'2024-03-01 15:43:06',476,'2024-03-01 16:10:44',2,9,3),(20865902,157730,175,3,'2024-03-01 16:15:33',215,'2024-03-01 16:57:31',1,3,3),(20867480,653260,29,3,'2024-03-01 17:30:03',96,'2024-03-01 17:49:09',2,3,3),(20868181,666040,132,3,'2024-03-01 18:05:45',86,'2024-03-01 18:32:44',1,6,3),(20869773,915590,9,3,'2024-03-01 19:30:28',253,'2024-03-01 19:49:41',2,9,3),(20870312,1113896,116,3,'2024-03-01 20:00:58',74,'2024-03-01 20:25:10',1,9,3),(20870640,7404,14,3,'2024-03-01 20:23:27',428,'2024-03-01 20:45:02',2,8,3),(20872625,7404,247,3,'2024-03-01 23:48:19',14,'2024-03-02 00:07:25',2,5,3),(20872736,1056888,436,3,'2024-03-02 00:22:39',161,'2024-03-02 00:48:31',2,4,3),(20872853,912324,27,3,'2024-03-02 00:50:55',187,'2024-03-02 01:40:48',2,9,3),(20873523,1112433,167,3,'2024-03-02 04:21:37',449,'2024-03-02 04:50:46',1,2,3),(20873585,1112433,449,3,'2024-03-02 05:15:08',367,'2024-03-02 05:33:28',2,5,3),(20873840,571134,182,3,'2024-03-02 07:45:04',516,'2024-03-02 07:55:48',2,3,3),(20873842,1035430,291,3,'2024-03-02 07:45:26',117,'2024-03-02 07:45:28',2,7,3),(20874079,755905,478,3,'2024-03-02 08:46:36',435,'2024-03-02 09:04:25',1,9,3),(20874957,755905,435,3,'2024-03-02 12:29:56',355,'2024-03-02 12:47:14',2,2,3),(20875256,1112676,79,3,'2024-03-02 13:43:38',79,'2024-03-02 14:22:26',1,1,3),(20875814,989293,200,3,'2024-03-02 15:32:55',82,'2024-03-02 15:58:10',2,8,3),(20876352,1120967,8,3,'2024-03-02 16:44:28',8,'2024-03-02 17:11:14',1,7,3),(20876578,1112433,367,3,'2024-03-02 17:13:49',29,'2024-03-02 17:54:19',1,4,3),(20877688,776019,281,3,'2024-03-02 19:30:36',318,'2024-03-02 19:41:42',2,10,3),(20877734,989293,82,3,'2024-03-02 19:38:50',116,'2024-03-02 20:01:04',2,4,3),(20878271,1076431,416,3,'2024-03-02 20:58:12',400,'2024-03-02 21:23:08',1,2,3),(20878694,755905,478,3,'2024-03-02 22:40:11',322,'2024-03-02 22:52:08',1,10,3),(20879064,776019,318,3,'2024-03-03 00:18:46',281,'2024-03-03 00:33:32',1,7,3),(20879879,755905,482,3,'2024-03-03 06:19:06',322,'2024-03-03 06:40:59',2,8,3),(20881174,1112676,32,3,'2024-03-03 12:27:10',79,'2024-03-03 13:53:56',2,7,3),(20882235,1121489,515,3,'2024-03-03 14:45:26',490,'2024-03-03 15:16:46',2,4,3),(20883069,157730,215,3,'2024-03-03 16:06:20',202,'2024-03-03 16:26:02',1,5,3),(20883552,1113304,440,3,'2024-03-03 16:43:30',289,'2024-03-03 18:11:30',1,3,3),(20883752,1121655,538,3,'2024-03-03 16:59:09',289,'2024-03-03 17:21:58',1,9,3),(20883958,1121699,210,3,'2024-03-03 17:14:20',210,'2024-03-03 17:49:46',1,5,3),(20884366,1051197,515,3,'2024-03-03 17:43:36',515,'2024-03-03 17:44:17',1,4,3),(20884460,157730,202,3,'2024-03-03 17:50:52',5,'2024-03-03 18:04:39',2,10,3),(20884672,1076431,440,3,'2024-03-03 18:10:18',340,'2024-03-03 18:55:57',1,2,3),(20884754,1121489,490,3,'2024-03-03 18:16:23',5,'2024-03-03 18:40:51',1,2,3),(20886874,1121908,538,3,'2024-03-03 22:41:05',538,'2024-03-03 22:41:27',2,9,3),(20886880,1121908,538,3,'2024-03-03 22:42:34',14,'2024-03-03 23:33:53',2,10,3),(20887144,157730,489,3,'2024-03-04 00:00:11',215,'2024-03-04 00:24:35',1,7,3),(20887669,965549,6,3,'2024-03-04 01:57:32',433,'2024-03-04 02:12:13',2,3,3),(20889291,318881,323,3,'2024-03-04 07:44:44',521,'2024-03-04 08:04:23',2,4,3),(20892838,755905,478,3,'2024-03-04 11:46:37',435,'2024-03-04 12:09:22',1,10,3),(20893031,7404,5,3,'2024-03-04 12:03:51',5,'2024-03-04 12:33:46',1,10,3),(20893318,318881,521,3,'2024-03-04 12:25:01',275,'2024-03-04 12:51:58',1,9,3),(20893411,1122137,118,3,'2024-03-04 12:31:31',466,'2024-03-04 12:44:56',1,5,3),(20895083,1103289,76,3,'2024-03-04 14:16:51',163,'2024-03-04 14:25:13',2,9,3),(20895837,1067928,146,3,'2024-03-04 15:01:53',13,'2024-03-04 15:13:57',2,3,3),(20898348,760203,253,3,'2024-03-04 16:57:04',29,'2024-03-04 17:11:17',2,1,3),(20899734,760203,29,3,'2024-03-04 17:51:45',29,'2024-03-04 18:00:31',2,7,3),(20899909,1122369,213,3,'2024-03-04 17:58:54',96,'2024-03-04 18:18:41',2,5,3),(20899968,877812,200,3,'2024-03-04 18:01:26',12,'2024-03-04 18:11:20',2,9,3),(20900408,993574,491,3,'2024-03-04 18:16:46',175,'2024-03-04 19:04:41',2,9,3),(20900893,1122369,96,3,'2024-03-04 18:35:24',521,'2024-03-04 19:05:42',2,9,3),(20902059,233259,46,3,'2024-03-04 19:25:03',152,'2024-03-04 19:54:06',1,10,3),(20902255,646213,383,3,'2024-03-04 19:35:12',383,'2024-03-04 19:35:17',1,4,3),(20902458,760203,29,3,'2024-03-04 19:46:50',253,'2024-03-04 20:02:33',1,8,3),(20902515,94456,227,3,'2024-03-04 19:49:50',255,'2024-03-04 23:52:14',2,6,3),(20902904,915590,190,3,'2024-03-04 20:08:32',199,'2024-03-04 20:08:32',2,7,3),(20903116,233259,228,3,'2024-03-04 20:19:27',228,'2024-03-04 20:23:59',1,1,3),(20903642,1122369,121,3,'2024-03-04 20:52:42',234,'2024-03-04 22:02:09',1,7,3),(20905025,1122369,121,3,'2024-03-04 23:00:42',521,'2024-03-04 23:27:10',2,7,3),(20906136,1121928,65,3,'2024-03-05 01:51:57',65,'2024-03-05 02:24:12',2,6,3),(20909619,615874,418,3,'2024-03-05 09:19:30',70,'2024-03-05 09:31:34',1,2,3),(20911015,1122369,378,3,'2024-03-05 10:49:59',161,'2024-03-05 11:16:47',2,3,3),(20911680,915590,17,3,'2024-03-05 11:36:36',181,'2024-03-05 11:48:05',2,6,3),(20912529,1122137,118,3,'2024-03-05 12:28:49',466,'2024-03-05 12:54:27',2,4,3),(20915026,1121928,190,3,'2024-03-05 14:47:32',222,'2024-03-05 15:10:12',2,7,3),(20915203,1067928,146,3,'2024-03-05 14:56:41',163,'2024-03-05 15:10:19',2,7,3),(20917620,887501,353,3,'2024-03-05 16:46:12',353,'2024-03-05 17:52:08',1,6,3),(20917840,1122137,466,3,'2024-03-05 16:56:20',118,'2024-03-05 17:10:57',1,1,3),(20918559,1122369,311,3,'2024-03-05 17:20:49',165,'2024-03-05 18:02:31',1,1,3),(20918563,747541,200,3,'2024-03-05 17:20:57',54,'2024-03-05 17:37:39',1,9,3),(20919680,747541,54,3,'2024-03-05 18:02:37',200,'2024-03-05 18:18:00',2,4,3),(20921232,505717,122,3,'2024-03-05 19:00:22',202,'2024-03-05 19:14:24',2,6,3),(20921474,666040,168,3,'2024-03-05 19:09:36',93,'2024-03-05 19:22:56',1,1,3),(20922186,851072,307,3,'2024-03-05 19:44:00',41,'2024-03-05 20:05:25',2,7,3),(20922589,915590,9,3,'2024-03-05 20:05:43',253,'2024-03-05 20:27:34',1,5,3),(20923489,505717,202,3,'2024-03-05 20:59:39',122,'2024-03-05 21:18:24',1,4,3),(20923527,851072,92,3,'2024-03-05 21:03:08',199,'2024-03-05 21:19:26',1,3,3),(20924700,851072,199,3,'2024-03-05 23:10:26',302,'2024-03-05 23:52:42',1,10,3),(20925343,94456,227,3,'2024-03-06 00:55:11',56,'2024-03-06 01:11:11',2,9,3),(20927105,74516,135,3,'2024-03-06 07:30:32',60,'2024-03-06 07:37:08',2,6,3),(20927235,318881,275,3,'2024-03-06 07:37:41',521,'2024-03-06 07:59:22',1,7,3),(20927339,581423,190,3,'2024-03-06 07:43:49',116,'2024-03-06 07:51:28',1,8,3),(20927462,1035430,291,3,'2024-03-06 07:50:37',117,'2024-03-06 07:55:56',2,4,3),(20929134,1020100,96,3,'2024-03-06 09:24:52',69,'2024-03-06 09:39:26',1,1,3),(20929928,415713,85,3,'2024-03-06 10:21:50',512,'2024-03-06 11:10:41',2,1,3),(20930920,615874,426,3,'2024-03-06 11:36:14',268,'2024-03-06 11:52:09',1,8,3),(20931515,24091,135,3,'2024-03-06 12:13:42',174,'2024-03-06 12:22:49',2,6,3),(20931944,24091,174,3,'2024-03-06 12:41:59',135,'2024-03-06 12:51:23',1,9,3),(20934338,1123555,168,3,'2024-03-06 14:56:14',59,'2024-03-06 15:00:16',1,4,3),(20934703,1123555,59,3,'2024-03-06 15:15:26',152,'2024-03-06 15:29:46',2,9,3),(20935133,318881,387,3,'2024-03-06 15:40:54',537,'2024-03-06 16:03:33',1,3,3),(20935377,1123555,152,3,'2024-03-06 15:52:12',152,'2024-03-06 16:26:11',2,10,3),(20935535,653260,121,3,'2024-03-06 15:59:48',215,'2024-03-06 16:12:51',2,4,3),(20935718,1020100,165,3,'2024-03-06 16:07:23',50,'2024-03-06 16:24:55',1,9,3),(20936600,747541,5,3,'2024-03-06 16:47:21',5,'2024-03-06 16:47:56',2,2,3),(20936627,747541,5,3,'2024-03-06 16:48:30',200,'2024-03-06 17:11:38',2,1,3),(20937174,1123555,228,3,'2024-03-06 17:09:24',59,'2024-03-06 17:33:01',1,7,3),(20937264,760203,253,3,'2024-03-06 17:12:57',29,'2024-03-06 17:24:49',1,6,3),(20938465,94456,227,3,'2024-03-06 17:59:40',99,'2024-03-06 18:11:10',2,7,3),(20938900,946252,41,3,'2024-03-06 18:13:57',41,'2024-03-06 18:14:40',2,2,3),(20938939,946252,41,3,'2024-03-06 18:15:06',403,'2024-03-06 18:22:43',1,10,3),(20939104,851072,458,3,'2024-03-06 18:20:47',284,'2024-03-06 18:31:27',1,5,3),(20939511,760203,29,3,'2024-03-06 18:34:52',253,'2024-03-06 18:49:55',2,3,3),(20940394,233259,117,3,'2024-03-06 19:11:25',32,'2024-03-06 19:40:22',2,9,3),(20940469,140842,206,3,'2024-03-06 19:14:42',104,'2024-03-06 19:30:22',1,5,3),(20940863,1122369,537,3,'2024-03-06 19:33:50',206,'2024-03-06 19:57:47',2,7,3),(20941240,564952,166,3,'2024-03-06 19:51:45',379,'2024-03-06 20:14:04',2,8,3),(20941483,94456,121,3,'2024-03-06 20:03:50',17,'2024-03-06 20:03:52',2,3,3),(20941503,915590,9,3,'2024-03-06 20:04:42',253,'2024-03-06 20:23:55',1,6,3),(20942021,695691,335,3,'2024-03-06 20:32:11',281,'2024-03-06 20:32:13',1,4,3),(20942229,299264,499,3,'2024-03-06 20:47:41',322,'2024-03-06 20:47:41',2,5,3),(20942553,1058741,5,3,'2024-03-06 21:12:01',516,'2024-03-06 21:23:41',1,3,3),(20943070,1058741,222,3,'2024-03-06 21:54:28',5,'2024-03-06 22:01:29',1,2,3),(20943601,1122369,74,3,'2024-03-06 22:49:48',144,'2024-03-06 22:49:48',2,2,3),(20943961,1122369,144,3,'2024-03-06 23:34:19',70,'2024-03-06 23:53:17',1,10,3),(20943964,906385,187,3,'2024-03-06 23:34:23',277,'2024-03-06 23:44:55',1,4,3),(20944045,299264,322,3,'2024-03-06 23:41:27',499,'2024-03-07 00:29:47',2,4,3),(20944204,564952,260,3,'2024-03-06 23:57:48',260,'2024-03-06 23:58:10',2,9,3),(20944215,564952,260,3,'2024-03-06 23:58:50',166,'2024-03-07 00:29:31',1,10,3),(20945763,1035430,291,3,'2024-03-07 06:11:07',117,'2024-03-07 06:17:22',2,1,3),(20946531,74516,135,3,'2024-03-07 07:27:44',60,'2024-03-07 07:34:44',2,7,3),(20947913,156938,32,3,'2024-03-07 08:39:36',111,'2024-03-07 08:45:59',1,2,3),(20950409,915590,253,3,'2024-03-07 11:27:05',181,'2024-03-07 11:40:52',2,3,3),(20951420,673248,64,3,'2024-03-07 12:27:14',215,'2024-03-07 12:45:44',2,10,3),(20951710,140842,158,3,'2024-03-07 12:46:01',206,'2024-03-07 12:52:59',2,1,3),(20952876,868349,71,3,'2024-03-07 13:55:58',76,'2024-03-07 14:08:04',2,9,3),(20954549,415713,517,3,'2024-03-07 15:27:25',181,'2024-03-07 15:52:56',1,3,3),(20955469,1122369,82,3,'2024-03-07 16:07:47',530,'2024-03-07 16:20:13',1,1,3),(20955545,1053877,530,3,'2024-03-07 16:11:07',440,'2024-03-07 17:00:02',1,4,3),(20956256,1122369,261,3,'2024-03-07 16:44:23',206,'2024-03-07 17:06:30',1,2,3),(20956630,156938,26,3,'2024-03-07 17:00:41',444,'2024-03-07 17:10:15',1,5,3),(20956994,1122137,13,3,'2024-03-07 17:14:50',118,'2024-03-07 17:22:45',2,4,3),(20960368,233259,117,3,'2024-03-07 19:40:01',128,'2024-03-07 20:05:41',1,9,3),(20960573,615874,69,3,'2024-03-07 19:49:12',76,'2024-03-07 20:15:20',1,3,3),(20960831,915590,9,3,'2024-03-07 20:04:43',253,'2024-03-07 20:20:02',1,6,3),(20961098,864392,242,3,'2024-03-07 20:19:29',517,'2024-03-07 20:30:55',1,5,3),(20962128,1058741,5,3,'2024-03-07 21:31:37',222,'2024-03-07 21:36:51',1,7,3),(20962293,993574,491,3,'2024-03-07 21:47:17',273,'2024-03-07 21:52:20',1,3,3),(20962635,1058741,222,3,'2024-03-07 22:16:17',5,'2024-03-07 22:23:24',2,3,3),(20963659,1056888,436,3,'2024-03-08 00:14:11',161,'2024-03-08 00:39:27',1,4,3),(20963726,864392,515,3,'2024-03-08 00:24:46',144,'2024-03-08 00:54:18',1,5,3),(20965831,74516,135,3,'2024-03-08 07:31:53',60,'2024-03-08 07:38:51',1,1,3),(20966118,156938,130,3,'2024-03-08 07:46:30',353,'2024-03-08 07:54:12',2,2,3),(20967171,1122369,253,3,'2024-03-08 08:49:55',223,'2024-03-08 09:20:58',1,1,3),(20969336,915590,253,3,'2024-03-08 11:28:23',181,'2024-03-08 11:46:14',1,1,3),(20970335,1122369,521,3,'2024-03-08 12:31:01',144,'2024-03-08 13:01:34',2,10,3),(20971366,156938,26,3,'2024-03-08 13:40:50',444,'2024-03-08 13:51:20',2,1,3),(20974761,1122369,521,3,'2024-03-08 16:51:09',418,'2024-03-08 16:51:11',1,8,3),(20975947,1040909,93,3,'2024-03-08 17:41:46',86,'2024-03-08 18:05:56',1,3,3),(20976892,666040,191,3,'2024-03-08 18:38:00',93,'2024-03-08 19:07:31',2,6,3),(20977085,618128,403,3,'2024-03-08 18:50:28',152,'2024-03-08 19:29:53',1,1,3),(20977107,505717,122,3,'2024-03-08 18:52:01',64,'2024-03-08 19:09:59',2,7,3),(20977247,1122369,102,3,'2024-03-08 19:02:42',330,'2024-03-08 19:22:06',2,5,3),(20978139,915590,9,3,'2024-03-08 20:04:46',253,'2024-03-08 20:23:23',2,9,3),(20978220,140842,527,3,'2024-03-08 20:10:56',254,'2024-03-08 20:35:00',2,8,3),(20978313,571134,517,3,'2024-03-08 20:17:05',308,'2024-03-08 20:39:39',1,1,3),(20978404,618128,48,3,'2024-03-08 20:23:25',403,'2024-03-08 20:56:28',1,9,3),(20978754,1058741,5,3,'2024-03-08 20:53:48',5,'2024-03-08 21:16:38',1,4,3),(20978856,505717,64,3,'2024-03-08 21:04:26',54,'2024-03-08 21:15:41',1,6,3),(20979794,851072,92,3,'2024-03-09 00:48:49',21,'2024-03-09 01:04:17',2,1,3),(20982752,851072,302,3,'2024-03-09 14:01:50',307,'2024-03-09 14:09:07',2,10,3),(20984403,989293,69,3,'2024-03-09 17:27:15',69,'2024-03-09 17:27:43',1,10,3),(20984408,989293,69,3,'2024-03-09 17:27:58',69,'2024-03-09 17:28:26',1,4,3),(20984520,1005084,458,3,'2024-03-09 17:39:59',458,'2024-03-09 18:16:28',1,5,3),(20985160,1112433,263,3,'2024-03-09 18:43:16',284,'2024-03-09 19:08:29',2,10,3),(20985573,989293,194,3,'2024-03-09 19:24:32',83,'2024-03-09 19:44:38',1,3,3),(20987311,157730,215,3,'2024-03-10 00:04:53',111,'2024-03-10 00:49:33',2,1,3),(20989424,930118,200,3,'2024-03-10 11:08:32',200,'2024-03-10 13:26:17',1,2,3),(20989895,1126040,353,3,'2024-03-10 12:17:45',26,'2024-03-10 13:11:32',2,7,3),(20991699,1125996,175,3,'2024-03-10 16:07:02',175,'2024-03-10 16:32:03',1,4,3),(20992453,1125996,152,3,'2024-03-10 17:14:52',152,'2024-03-10 18:34:35',2,5,3),(20993146,1126439,7,3,'2024-03-10 18:17:42',111,'2024-03-10 19:05:08',2,1,3),(20993566,1065585,444,3,'2024-03-10 18:56:55',111,'2024-03-10 19:17:04',2,4,3),(20994109,1125996,152,3,'2024-03-10 19:48:11',152,'2024-03-10 20:18:41',2,9,3),(20996017,1005084,17,3,'2024-03-11 02:18:06',74,'2024-03-11 02:37:14',2,4,3),(20997592,675215,228,3,'2024-03-11 08:42:46',179,'2024-03-11 08:58:58',2,8,3),(20998835,673248,174,3,'2024-03-11 10:56:02',215,'2024-03-11 11:16:12',1,3,3),(20999379,1125972,444,3,'2024-03-11 11:49:18',117,'2024-03-11 12:16:30',2,4,3),(21000174,615874,124,3,'2024-03-11 12:51:34',216,'2024-03-11 13:01:27',2,9,3),(21000493,818062,489,3,'2024-03-11 13:10:34',489,'2024-03-11 13:10:56',1,1,3),(21000504,818062,489,3,'2024-03-11 13:11:08',340,'2024-03-11 13:22:40',1,2,3),(21001436,615874,216,3,'2024-03-11 14:27:55',124,'2024-03-11 14:41:28',1,7,3),(21003081,505717,417,3,'2024-03-11 21:09:33',417,'2024-03-11 21:09:55',1,10,3),(21003088,505717,417,3,'2024-03-11 21:10:08',417,'2024-03-11 21:10:30',1,1,3),(21003090,505717,64,3,'2024-03-11 21:10:42',54,'2024-03-11 21:25:41',1,8,3),(21004991,915590,253,3,'2024-03-12 11:34:12',181,'2024-03-12 11:49:59',1,8,3),(21005239,673248,166,3,'2024-03-12 12:08:27',215,'2024-03-12 12:27:48',2,9,3),(21008481,94456,212,3,'2024-03-12 18:10:59',440,'2024-03-12 18:21:47',2,4,3),(21009919,915590,9,3,'2024-03-12 20:04:41',253,'2024-03-12 20:25:08',2,3,3),(21011513,743093,213,3,'2024-03-13 01:29:28',175,'2024-03-13 02:32:17',1,3,3),(21011532,851072,204,3,'2024-03-13 01:36:05',307,'2024-03-13 01:59:08',2,9,3),(21012805,915590,253,3,'2024-03-13 11:33:31',253,'2024-03-13 11:35:43',2,8,3),(21012827,915590,253,3,'2024-03-13 11:36:20',186,'2024-03-13 11:42:43',2,1,3),(21013017,1125972,175,3,'2024-03-13 12:12:17',153,'2024-03-13 12:37:16',2,10,3),(21015876,156938,26,3,'2024-03-13 17:24:57',444,'2024-03-13 17:36:01',1,10,3),(21016088,709019,497,3,'2024-03-13 17:38:27',362,'2024-03-13 17:50:07',1,6,3),(21016994,915590,9,3,'2024-03-13 20:07:16',253,'2024-03-13 20:24:27',2,3,3),(21017247,1079388,13,3,'2024-03-13 20:50:09',17,'2024-03-13 21:04:01',2,5,3),(21019656,915590,253,3,'2024-03-14 11:33:09',181,'2024-03-14 11:52:21',2,8,3),(21019920,1051817,374,3,'2024-03-14 12:19:19',407,'2024-03-14 12:24:27',1,3,3),(21021160,1079388,163,3,'2024-03-14 14:54:55',163,'2024-03-14 14:55:17',2,6,3),(21021170,1079388,163,3,'2024-03-14 14:55:36',17,'2024-03-14 15:03:06',1,9,3),(21022419,94456,99,3,'2024-03-14 16:29:11',56,'2024-03-14 16:41:07',1,3,3),(21023615,989293,116,3,'2024-03-14 17:33:46',144,'2024-03-14 17:39:52',2,10,3),(21025238,673248,182,3,'2024-03-14 18:58:54',182,'2024-03-14 18:59:59',2,10,3),(21025263,673248,182,3,'2024-03-14 19:00:40',215,'2024-03-14 19:08:42',2,5,3),(21025925,18475,220,3,'2024-03-14 19:44:58',280,'2024-03-14 19:59:37',1,5,3),(21026197,915590,9,3,'2024-03-14 20:05:49',120,'2024-03-14 20:32:09',1,4,3),(21026752,94456,440,3,'2024-03-14 20:46:03',227,'2024-03-14 21:05:34',1,4,3),(21026813,18475,458,3,'2024-03-14 20:51:58',220,'2024-03-14 21:03:31',1,9,3),(21028062,965549,281,3,'2024-03-14 23:24:54',281,'2024-03-14 23:27:28',1,4,3),(21028172,965549,281,3,'2024-03-14 23:44:14',530,'2024-03-15 00:11:44',2,5,3),(21029172,989293,144,3,'2024-03-15 03:34:18',116,'2024-03-15 03:34:20',2,10,3),(21030829,114078,181,3,'2024-03-15 08:46:46',9,'2024-03-15 08:53:05',2,6,3),(21032842,759704,259,3,'2024-03-15 11:43:34',364,'2024-03-15 11:54:35',2,8,3),(21038000,965549,281,3,'2024-03-15 16:55:19',262,'2024-03-15 17:12:35',2,5,3),(21038914,965549,262,3,'2024-03-15 17:34:22',247,'2024-03-15 18:00:17',2,7,3),(21039343,760203,253,3,'2024-03-15 17:55:14',29,'2024-03-15 18:11:08',2,4,3),(21040779,965549,104,3,'2024-03-15 19:04:55',58,'2024-03-15 19:36:04',2,4,3),(21040875,1124894,269,3,'2024-03-15 19:10:12',468,'2024-03-15 20:06:44',2,6,3),(21041341,760203,29,3,'2024-03-15 19:39:29',253,'2024-03-15 20:15:31',2,3,3),(21041718,965549,58,3,'2024-03-15 20:03:25',515,'2024-03-15 20:25:30',2,6,3),(21041742,915590,9,3,'2024-03-15 20:05:04',253,'2024-03-15 20:05:04',2,1,3),(21041878,989293,116,3,'2024-03-15 20:12:53',144,'2024-03-15 20:20:25',1,5,3),(21042872,831388,73,3,'2024-03-15 21:41:09',111,'2024-03-15 21:58:47',2,2,3),(21043223,94456,194,3,'2024-03-15 22:17:12',227,'2024-03-15 22:27:45',1,1,3),(21044465,743093,213,3,'2024-03-16 01:52:57',175,'2024-03-16 02:56:07',2,9,3),(21044688,615874,426,3,'2024-03-16 03:06:57',268,'2024-03-16 03:24:41',2,7,3),(21044804,989293,144,3,'2024-03-16 03:39:01',116,'2024-03-16 03:44:50',1,4,3),(21045378,1035430,291,3,'2024-03-16 08:49:54',117,'2024-03-16 08:55:08',1,4,3),(21045859,851072,307,3,'2024-03-16 10:49:35',21,'2024-03-16 11:31:45',1,6,3),(21046454,851072,21,3,'2024-03-16 12:33:43',307,'2024-03-16 12:59:06',2,3,3),(21046735,865885,111,3,'2024-03-16 13:21:04',518,'2024-03-16 14:41:23',1,7,3),(21047072,646213,68,3,'2024-03-16 14:15:51',268,'2024-03-16 16:00:10',1,6,3),(21048521,989293,116,3,'2024-03-16 17:13:00',82,'2024-03-16 17:29:54',2,8,3),(21049455,697099,43,3,'2024-03-16 18:56:04',22,'2024-03-16 19:06:37',2,4,3),(21049907,1076431,434,3,'2024-03-16 19:56:44',247,'2024-03-16 20:33:18',1,1,3),(21050899,770318,358,3,'2024-03-16 23:45:17',275,'2024-03-16 23:50:49',1,6,3),(21056143,299264,248,3,'2024-03-17 18:07:22',322,'2024-03-17 18:23:35',1,9,3),(21057619,299264,322,3,'2024-03-17 20:40:04',248,'2024-03-17 20:55:36',2,6,3),(21057627,564952,359,3,'2024-03-17 20:42:57',235,'2024-03-17 20:59:35',1,7,3),(21058042,989293,102,3,'2024-03-17 21:59:30',204,'2024-03-17 22:37:29',1,2,3),(21058981,743093,213,3,'2024-03-18 01:44:58',175,'2024-03-18 02:21:29',2,2,3),(21060521,318881,275,3,'2024-03-18 07:45:11',521,'2024-03-18 08:09:27',1,4,3),(21060727,631240,182,3,'2024-03-18 07:58:33',14,'2024-03-18 08:26:45',1,6,3),(21061809,156938,273,3,'2024-03-18 09:04:40',254,'2024-03-18 09:12:46',1,8,3),(21062000,1106224,175,3,'2024-03-18 09:17:01',3,'2024-03-18 09:32:00',2,7,3),(21062252,156938,444,3,'2024-03-18 09:38:59',26,'2024-03-18 09:47:03',1,8,3),(21062964,673248,33,3,'2024-03-18 10:41:13',215,'2024-03-18 10:55:26',2,8,3),(21063133,891522,60,3,'2024-03-18 10:54:51',191,'2024-03-18 11:11:52',2,2,3),(21063515,915590,253,3,'2024-03-18 11:25:19',181,'2024-03-18 11:43:35',1,6,3),(21064411,318881,521,3,'2024-03-18 12:25:21',275,'2024-03-18 12:49:49',2,6,3),(21065145,818062,489,3,'2024-03-18 13:09:53',489,'2024-03-18 13:10:15',1,9,3),(21065156,818062,489,3,'2024-03-18 13:10:28',489,'2024-03-18 13:10:49',1,6,3),(21066265,156938,26,3,'2024-03-18 14:26:58',132,'2024-03-18 14:37:19',2,3,3),(21067440,695691,367,3,'2024-03-18 15:47:00',367,'2024-03-18 16:21:06',1,10,3),(21068426,946928,197,3,'2024-03-18 16:33:32',494,'2024-03-18 16:50:53',2,8,3),(21068810,818062,538,3,'2024-03-18 16:50:32',340,'2024-03-18 17:02:36',2,6,3),(21068885,1122137,466,3,'2024-03-18 16:54:25',118,'2024-03-18 17:12:33',1,10,3),(21069826,1051817,407,3,'2024-03-18 17:33:45',374,'2024-03-18 17:39:29',2,3,3),(21070499,760203,253,3,'2024-03-18 18:02:35',29,'2024-03-18 18:15:50',1,9,3),(21071553,864392,193,3,'2024-03-18 18:43:35',144,'2024-03-18 18:51:46',2,5,3),(21072141,1065585,262,3,'2024-03-18 19:27:03',387,'2024-03-18 19:41:36',2,4,3),(21072891,1090559,440,3,'2024-03-18 22:06:21',418,'2024-03-18 22:28:54',1,4,3),(21077694,1124894,532,3,'2024-03-19 10:22:17',511,'2024-03-19 10:54:28',1,4,3),(21078767,915590,17,3,'2024-03-19 11:45:14',181,'2024-03-19 11:53:22',1,3,3),(21079320,1051817,374,3,'2024-03-19 12:21:52',407,'2024-03-19 12:27:58',1,3,3),(21081382,353310,340,3,'2024-03-19 14:24:37',426,'2024-03-19 14:34:08',1,1,3),(21081777,1025615,475,3,'2024-03-19 14:51:30',475,'2024-03-19 15:21:46',1,9,3),(21083014,759704,156,3,'2024-03-19 16:04:48',277,'2024-03-19 16:18:14',2,10,3),(21084255,946252,403,3,'2024-03-19 17:02:38',41,'2024-03-19 17:11:53',2,3,3),(21086967,336651,87,3,'2024-03-19 18:48:44',161,'2024-03-19 19:06:46',2,10,3),(21087216,1124894,269,3,'2024-03-19 19:02:02',497,'2024-03-19 19:30:42',1,6,3),(21087551,679929,70,3,'2024-03-19 19:18:46',99,'2024-03-19 19:46:01',1,7,3),(21088026,697099,146,3,'2024-03-19 19:50:03',22,'2024-03-19 20:31:30',1,9,3),(21088257,915590,9,3,'2024-03-19 20:06:16',199,'2024-03-19 20:26:47',1,10,3),(21092167,18475,41,3,'2024-03-20 14:34:28',220,'2024-03-20 14:47:04',2,5,3),(21092375,915590,9,3,'2024-03-20 14:55:13',253,'2024-03-20 15:16:01',2,6,3),(21096199,1035430,291,3,'2024-03-21 06:44:00',117,'2024-03-21 06:44:02',2,8,3),(21097399,858252,278,3,'2024-03-21 08:21:36',322,'2024-03-21 08:21:38',1,8,3),(21098368,1106224,280,3,'2024-03-21 09:18:50',280,'2024-03-21 09:19:11',1,1,3),(21098419,1106224,280,3,'2024-03-21 09:22:42',280,'2024-03-21 09:23:04',1,2,3),(21098429,1106224,280,3,'2024-03-21 09:23:26',280,'2024-03-21 09:23:51',2,7,3),(21098435,1106224,280,3,'2024-03-21 09:23:56',280,'2024-03-21 09:24:18',1,8,3),(21098439,1106224,280,3,'2024-03-21 09:24:22',280,'2024-03-21 09:24:44',1,7,3),(21101086,755905,478,3,'2024-03-21 12:28:02',489,'2024-03-21 12:47:02',2,10,3),(21101857,18475,175,3,'2024-03-21 13:10:42',220,'2024-03-21 13:32:27',2,4,3),(21102476,679929,258,3,'2024-03-21 13:45:42',355,'2024-03-21 13:51:53',1,10,3),(21104458,233259,175,3,'2024-03-21 15:42:10',46,'2024-03-21 15:58:33',1,7,3),(21105346,946252,403,3,'2024-03-21 16:24:37',41,'2024-03-21 16:35:14',2,1,3),(21106054,1122137,466,3,'2024-03-21 16:57:10',118,'2024-03-21 17:14:35',1,10,3),(21106957,1040909,8,3,'2024-03-21 17:31:58',86,'2024-03-21 17:51:35',1,9,3),(21108326,666040,71,3,'2024-03-21 18:24:56',71,'2024-03-21 18:28:34',1,4,3),(21108691,946252,424,3,'2024-03-21 18:38:11',403,'2024-03-21 18:43:47',1,5,3),(21109031,695691,335,3,'2024-03-21 18:54:07',335,'2024-03-21 19:36:55',2,2,3),(21109619,1124894,229,3,'2024-03-21 19:24:36',212,'2024-03-21 19:45:19',2,1,3),(21109786,18475,220,3,'2024-03-21 19:35:56',458,'2024-03-21 19:46:19',2,1,3),(21110255,915590,9,3,'2024-03-21 20:06:34',253,'2024-03-21 20:27:02',1,2,3),(21110626,233259,46,3,'2024-03-21 20:31:53',152,'2024-03-21 20:55:15',1,1,3),(21110874,18475,458,3,'2024-03-21 20:49:04',220,'2024-03-21 20:59:52',2,6,3),(21112654,1112676,32,3,'2024-03-22 00:32:09',32,'2024-03-22 00:46:03',1,5,3),(21112954,1112676,32,3,'2024-03-22 01:35:03',32,'2024-03-22 01:49:15',1,6,3),(21113906,1112676,32,3,'2024-03-22 06:54:52',79,'2024-03-22 07:27:39',1,9,3),(21114270,74516,135,3,'2024-03-22 07:27:47',60,'2024-03-22 07:34:42',1,7,3),(21114903,1112676,79,3,'2024-03-22 08:05:59',79,'2024-03-22 09:13:55',1,9,3),(21116433,1112676,79,3,'2024-03-22 09:53:14',117,'2024-03-22 10:11:28',2,10,3),(21117179,1112676,79,3,'2024-03-22 10:47:50',79,'2024-03-22 11:00:04',1,9,3),(21117368,923683,358,3,'2024-03-22 11:03:05',474,'2024-03-22 11:39:59',2,3,3),(21117392,618128,403,3,'2024-03-22 11:04:39',424,'2024-03-22 11:10:19',1,5,3),(21117889,915590,17,3,'2024-03-22 11:41:05',181,'2024-03-22 11:51:28',2,3,3),(21118351,1112676,79,3,'2024-03-22 12:10:36',79,'2024-03-22 12:33:11',2,9,3),(21118413,1051817,374,3,'2024-03-22 12:15:25',407,'2024-03-22 12:20:51',2,7,3),(21119359,1112433,281,3,'2024-03-22 13:14:01',367,'2024-03-22 13:27:01',2,9,3),(21119441,1112676,79,3,'2024-03-22 13:19:42',79,'2024-03-22 14:21:46',1,9,3),(21120640,747541,361,3,'2024-03-22 14:35:18',379,'2024-03-22 15:24:35',1,4,3),(21121085,1131173,124,3,'2024-03-22 15:05:47',124,'2024-03-22 15:06:09',1,7,3),(21121092,1131173,124,3,'2024-03-22 15:06:13',124,'2024-03-22 15:06:35',1,1,3),(21121109,1131173,124,3,'2024-03-22 15:06:59',124,'2024-03-22 18:05:48',1,7,3),(21123129,760203,253,3,'2024-03-22 16:55:15',29,'2024-03-22 17:09:13',2,4,3),(21123212,747541,379,3,'2024-03-22 16:59:46',14,'2024-03-22 17:40:11',2,9,3),(21123869,946252,403,3,'2024-03-22 17:25:26',41,'2024-03-22 17:35:57',2,4,3),(21124025,1040909,86,3,'2024-03-22 17:31:48',8,'2024-03-22 17:47:42',2,3,3),(21124322,679929,230,3,'2024-03-22 17:45:03',526,'2024-03-22 18:05:22',2,6,3),(21124407,1065585,262,3,'2024-03-22 17:48:34',387,'2024-03-22 17:56:19',1,5,3),(21124424,166754,193,3,'2024-03-22 17:48:59',89,'2024-03-22 18:00:36',1,9,3),(21125059,10596,135,3,'2024-03-22 18:18:01',33,'2024-03-22 18:31:02',1,3,3),(21125321,760203,29,3,'2024-03-22 18:30:02',253,'2024-03-22 18:46:44',1,1,3),(21125472,1076431,500,3,'2024-03-22 18:36:54',500,'2024-03-22 18:37:16',1,5,3),(21125490,1076431,500,3,'2024-03-22 18:37:41',400,'2024-03-22 18:58:39',2,4,3),(21126124,1124894,269,3,'2024-03-22 19:10:20',468,'2024-03-22 19:51:44',1,9,3),(21126201,1040909,8,3,'2024-03-22 19:14:30',86,'2024-03-22 19:42:48',2,6,3),(21126205,946252,41,3,'2024-03-22 19:14:39',403,'2024-03-22 19:34:45',1,8,3),(21126402,18475,220,3,'2024-03-22 19:26:02',280,'2024-03-22 19:40:19',2,4,3),(21126973,915590,9,3,'2024-03-22 20:05:15',253,'2024-03-22 20:25:21',1,5,3),(21127473,679929,526,3,'2024-03-22 20:45:27',323,'2024-03-22 21:03:28',2,8,3),(21127508,18475,458,3,'2024-03-22 20:47:56',220,'2024-03-22 21:00:07',1,3,3),(21127698,1076431,323,3,'2024-03-22 21:03:56',268,'2024-03-22 21:19:05',2,8,3),(21131884,1130162,210,3,'2024-03-23 13:01:11',210,'2024-03-23 13:01:32',1,1,3),(21131889,1130162,210,3,'2024-03-23 13:01:47',242,'2024-03-23 13:20:12',2,1,3),(21132075,1076431,340,3,'2024-03-23 13:22:22',418,'2024-03-23 13:52:37',2,2,3),(21132765,1035430,291,3,'2024-03-23 14:45:50',117,'2024-03-23 14:50:44',1,4,3),(21132975,862550,85,3,'2024-03-23 15:09:32',379,'2024-03-23 15:42:25',1,7,3),(21133108,1131765,175,3,'2024-03-23 15:24:22',149,'2024-03-23 15:35:18',2,9,3),(21133868,818062,104,3,'2024-03-23 16:35:39',386,'2024-03-23 17:00:46',1,7,3),(21134636,1076431,208,3,'2024-03-23 17:41:46',400,'2024-03-23 18:06:18',2,1,3),(21134771,673248,56,3,'2024-03-23 17:54:57',102,'2024-03-23 18:09:16',1,5,3),(21134803,631240,182,3,'2024-03-23 17:58:45',517,'2024-03-23 18:25:37',2,3,3),(21135790,1072204,9,3,'2024-03-23 19:32:39',181,'2024-03-23 19:43:34',2,6,3),(21136093,808594,66,3,'2024-03-23 20:18:00',515,'2024-03-23 20:36:34',2,9,3),(21136239,157730,5,3,'2024-03-23 20:37:44',215,'2024-03-23 20:45:14',1,6,3),(21136569,157730,215,3,'2024-03-23 21:50:38',213,'2024-03-23 22:08:30',1,10,3),(21136818,747541,200,3,'2024-03-23 23:00:02',165,'2024-03-23 23:07:05',2,7,3),(21138021,157730,535,3,'2024-03-24 04:22:02',70,'2024-03-24 04:50:03',2,4,3),(21138211,989293,144,3,'2024-03-24 06:20:27',116,'2024-03-24 06:27:29',2,9,3),(21138417,1055138,69,3,'2024-03-24 08:08:07',43,'2024-03-24 08:18:34',1,4,3),(21138694,729522,86,3,'2024-03-24 09:50:47',403,'2024-03-24 10:09:28',2,3,3),(21139215,729522,403,3,'2024-03-24 11:29:03',86,'2024-03-24 11:50:41',1,9,3),(21143396,989293,116,3,'2024-03-24 18:34:30',45,'2024-03-24 18:52:19',1,1,3),(21144545,114078,9,3,'2024-03-24 20:53:41',9,'2024-03-24 20:54:02',1,4,3),(21145000,1035430,117,3,'2024-03-24 22:52:47',183,'2024-03-24 23:04:36',2,5,3),(21145702,697099,174,3,'2024-03-25 01:49:02',8,'2024-03-25 01:56:25',2,1,3),(21147019,318881,275,3,'2024-03-25 07:42:12',521,'2024-03-25 08:04:19',1,3,3),(21148004,675215,228,3,'2024-03-25 08:42:17',153,'2024-03-25 08:52:39',2,2,3),(21148043,915590,253,3,'2024-03-25 08:45:04',186,'2024-03-25 08:50:35',2,2,3),(21149258,1040909,86,3,'2024-03-25 10:16:54',8,'2024-03-25 10:31:17',2,9,3),(21149858,1130162,166,3,'2024-03-25 11:09:26',50,'2024-03-25 11:26:57',1,1,3),(21149973,915590,186,3,'2024-03-25 11:20:00',181,'2024-03-25 11:41:38',1,2,3),(21150412,1040909,8,3,'2024-03-25 11:57:39',86,'2024-03-25 12:14:05',1,10,3),(21150706,318881,521,3,'2024-03-25 12:20:05',478,'2024-03-25 12:38:35',2,2,3),(21150832,1122137,118,3,'2024-03-25 12:29:16',163,'2024-03-25 12:35:18',1,10,3),(21151039,1124894,269,3,'2024-03-25 12:42:54',104,'2024-03-25 12:55:21',2,10,3),(21151350,318881,478,3,'2024-03-25 13:05:43',275,'2024-03-25 13:15:35',2,5,3),(21151687,1124894,104,3,'2024-03-25 13:26:25',104,'2024-03-25 13:26:46',2,10,3),(21151711,1124894,104,3,'2024-03-25 13:27:49',104,'2024-03-25 13:28:10',2,8,3),(21153547,989293,58,3,'2024-03-25 15:17:31',58,'2024-03-25 15:17:52',1,7,3),(21153558,989293,58,3,'2024-03-25 15:18:04',58,'2024-03-25 15:18:47',1,9,3),(21153605,887501,69,3,'2024-03-25 15:20:57',144,'2024-03-25 15:25:22',1,9,3),(21154406,618128,403,3,'2024-03-25 16:03:16',477,'2024-03-25 16:12:44',2,9,3),(21154669,887501,144,3,'2024-03-25 16:12:34',69,'2024-03-25 16:16:10',1,2,3),(21155113,1130162,35,3,'2024-03-25 16:32:07',111,'2024-03-25 16:53:04',1,6,3),(21156074,1122137,13,3,'2024-03-25 17:11:55',13,'2024-03-25 17:12:20',2,9,3),(21156085,1122137,13,3,'2024-03-25 17:12:34',13,'2024-03-25 17:12:55',2,7,3),(21156099,1122137,13,3,'2024-03-25 17:13:01',118,'2024-03-25 17:19:01',1,2,3),(21156274,1130162,79,3,'2024-03-25 17:19:14',228,'2024-03-25 17:29:17',1,2,3),(21156804,864392,175,3,'2024-03-25 17:42:39',144,'2024-03-25 18:10:50',1,7,3),(21157002,1130162,46,3,'2024-03-25 17:53:26',35,'2024-03-25 18:19:55',1,2,3),(21157981,1065585,515,3,'2024-03-25 18:32:48',515,'2024-03-25 18:58:34',2,10,3),(21158884,18475,220,3,'2024-03-25 19:16:35',458,'2024-03-25 19:26:22',1,2,3),(21158907,760203,186,3,'2024-03-25 19:18:00',253,'2024-03-25 19:23:26',2,4,3),(21159692,915590,9,3,'2024-03-25 20:06:59',253,'2024-03-25 20:26:12',1,1,3),(21160034,18475,458,3,'2024-03-25 20:30:07',220,'2024-03-25 20:41:43',2,8,3),(21160150,336651,87,3,'2024-03-25 20:40:04',99,'2024-03-25 21:00:21',2,6,3),(21160448,505717,64,3,'2024-03-25 21:05:28',54,'2024-03-25 21:17:27',1,1,3),(21160921,851072,432,3,'2024-03-25 21:49:57',204,'2024-03-25 22:07:26',1,3,3),(21162018,851072,204,3,'2024-03-26 00:14:31',425,'2024-03-26 00:40:20',1,3,3),(21163621,581423,190,3,'2024-03-26 07:28:32',116,'2024-03-26 07:34:35',2,10,3),(21163776,755905,355,3,'2024-03-26 07:38:53',489,'2024-03-26 07:53:26',1,2,3),(21164599,755905,435,3,'2024-03-26 08:28:19',426,'2024-03-26 08:43:43',1,7,3),(21166417,1124894,532,3,'2024-03-26 10:16:07',511,'2024-03-26 10:46:00',1,1,3),(21167395,915590,253,3,'2024-03-26 11:23:34',181,'2024-03-26 11:41:14',2,8,3),(21168289,1122137,118,3,'2024-03-26 12:27:29',13,'2024-03-26 12:34:51',1,9,3),(21169326,1133541,5,3,'2024-03-26 13:27:48',5,'2024-03-26 13:55:59',2,8,3),(21172338,946252,403,3,'2024-03-26 16:16:52',403,'2024-03-26 16:17:30',1,6,3),(21172384,946252,403,3,'2024-03-26 16:18:25',41,'2024-03-26 16:26:56',1,3,3),(21175381,946252,41,3,'2024-03-26 18:24:37',403,'2024-03-26 18:31:09',2,1,3),(21176498,18475,220,3,'2024-03-26 19:20:32',458,'2024-03-26 19:31:03',2,10,3),(21177306,915590,190,3,'2024-03-26 20:12:14',253,'2024-03-26 20:29:59',1,8,3),(21177604,18475,458,3,'2024-03-26 20:34:38',220,'2024-03-26 20:44:41',1,8,3),(21177785,505717,202,3,'2024-03-26 20:49:26',54,'2024-03-26 21:13:04',1,7,3),(21177818,1124894,104,3,'2024-03-26 20:52:16',253,'2024-03-26 21:27:14',1,4,3),(21178401,851072,432,3,'2024-03-26 21:44:45',80,'2024-03-26 21:55:31',1,4,3),(21178616,851072,223,3,'2024-03-26 22:12:20',220,'2024-03-26 22:29:57',2,6,3),(21180784,1035430,291,3,'2024-03-27 07:13:13',117,'2024-03-27 07:18:51',1,8,3),(21181933,965549,4,3,'2024-03-27 08:36:32',433,'2024-03-27 09:00:40',1,5,3),(21183824,915590,253,3,'2024-03-27 11:04:03',181,'2024-03-27 11:18:08',1,7,3),(21184429,851072,302,3,'2024-03-27 11:55:24',302,'2024-03-27 12:40:33',1,6,3),(21187862,1134256,158,3,'2024-03-27 15:26:49',158,'2024-03-27 16:58:46',2,5,3),(21188222,1088550,261,3,'2024-03-27 15:47:09',194,'2024-03-27 16:09:39',1,3,3),(21190449,864392,14,3,'2024-03-27 17:32:23',517,'2024-03-27 17:33:56',1,8,3),(21190895,618128,403,3,'2024-03-27 17:53:30',152,'2024-03-27 18:27:08',2,8,3),(21191472,140842,206,3,'2024-03-27 18:16:48',229,'2024-03-27 18:28:18',2,7,3),(21191624,1131173,124,3,'2024-03-27 18:24:14',124,'2024-03-27 18:48:35',2,8,3),(21192178,1040909,8,3,'2024-03-27 18:50:15',86,'2024-03-27 19:10:30',2,8,3),(21192206,755905,435,3,'2024-03-27 18:52:00',322,'2024-03-27 18:58:52',1,8,3),(21192428,1124894,269,3,'2024-03-27 19:04:28',468,'2024-03-27 19:40:57',1,9,3),(21192782,695691,281,3,'2024-03-27 19:24:27',281,'2024-03-27 19:29:36',1,5,3),(21192930,915590,9,3,'2024-03-27 19:35:04',253,'2024-03-27 19:53:24',2,3,3),(21193283,618128,79,3,'2024-03-27 19:57:25',403,'2024-03-27 20:37:06',1,8,3),(21194446,871802,507,3,'2024-03-27 21:26:27',507,'2024-03-27 21:52:06',2,1,3),(21195794,1038185,76,3,'2024-03-28 00:28:33',144,'2024-03-28 00:39:10',2,9,3),(21195957,1038185,144,3,'2024-03-28 00:58:55',8,'2024-03-28 01:13:36',2,10,3),(21196576,1038185,171,3,'2024-03-28 03:55:14',144,'2024-03-28 04:00:03',2,9,3),(21199322,353310,426,3,'2024-03-28 12:21:51',340,'2024-03-28 12:29:37',2,6,3),(21200335,965549,433,3,'2024-03-28 14:05:48',59,'2024-03-28 14:18:40',2,4,3),(21201082,631240,182,3,'2024-03-28 15:13:55',5,'2024-03-28 15:30:40',2,8,3),(21201740,1088550,29,3,'2024-03-28 16:04:33',194,'2024-03-28 16:15:14',1,1,3),(21203610,631240,5,3,'2024-03-28 17:58:44',182,'2024-03-28 18:15:51',1,8,3),(21204113,747541,216,3,'2024-03-28 18:30:40',216,'2024-03-28 18:41:02',1,7,3),(21204792,747541,96,3,'2024-03-28 19:14:15',118,'2024-03-28 19:27:27',2,1,3),(21205402,1135197,228,3,'2024-03-28 19:58:30',228,'2024-03-28 19:58:52',2,9,3),(21205410,1135197,228,3,'2024-03-28 19:59:26',164,'2024-03-28 20:14:03',2,1,3),(21205842,1135211,384,3,'2024-03-28 20:40:00',289,'2024-03-28 21:01:40',1,1,3),(21206421,965549,49,3,'2024-03-28 21:55:42',433,'2024-03-28 22:22:21',1,10,3),(21206540,1065585,71,3,'2024-03-28 22:10:39',71,'2024-03-28 22:24:38',2,1,3),(21206900,1088550,492,3,'2024-03-28 22:57:20',29,'2024-03-28 23:11:01',2,3,3),(21207851,747541,118,3,'2024-03-29 02:51:57',200,'2024-03-29 03:13:17',2,4,3),(21210047,1135546,175,3,'2024-03-29 12:49:16',284,'2024-03-29 13:38:47',1,1,3),(21210066,1135197,164,3,'2024-03-29 12:51:30',128,'2024-03-29 13:27:51',2,10,3),(21210824,1135546,284,3,'2024-03-29 14:37:27',175,'2024-03-29 15:11:06',1,2,3),(21210870,1135197,45,3,'2024-03-29 14:43:02',166,'2024-03-29 14:43:02',2,10,3),(21211192,94456,99,3,'2024-03-29 15:14:44',227,'2024-03-29 15:27:50',2,6,3),(21211330,1135761,210,3,'2024-03-29 15:29:02',5,'2024-03-29 16:23:39',2,6,3),(21211853,1135824,188,3,'2024-03-29 16:13:52',183,'2024-03-29 16:24:09',2,8,3),(21212203,1135824,183,3,'2024-03-29 16:41:29',242,'2024-03-29 17:58:55',2,3,3),(21212549,560833,6,3,'2024-03-29 17:05:54',79,'2024-03-29 18:15:49',2,1,3),(21214349,94456,269,3,'2024-03-29 19:26:31',17,'2024-03-29 19:54:15',2,4,3),(21214371,1135824,242,3,'2024-03-29 19:28:51',5,'2024-03-29 19:51:42',1,5,3),(21214505,560833,79,3,'2024-03-29 19:43:02',6,'2024-03-29 20:11:14',2,4,3),(21214818,1135197,166,3,'2024-03-29 20:24:16',164,'2024-03-29 21:07:44',1,6,3),(21215504,747541,200,3,'2024-03-29 22:12:40',71,'2024-03-29 22:51:23',2,4,3),(21215757,747541,45,3,'2024-03-29 23:09:43',200,'2024-03-29 23:45:09',1,5,3),(21216382,743093,213,3,'2024-03-30 01:46:37',175,'2024-03-30 02:26:54',1,1,3),(21219485,1135197,164,3,'2024-03-30 14:20:09',179,'2024-03-30 14:53:03',2,8,3),(21221533,755905,501,3,'2024-03-30 17:40:23',340,'2024-03-30 17:46:01',2,4,3),(21221787,1135761,64,3,'2024-03-30 18:04:13',117,'2024-03-30 18:39:36',1,1,3),(21222726,618128,41,3,'2024-03-30 19:35:29',403,'2024-03-30 19:54:57',1,9,3),(21222878,1136325,5,3,'2024-03-30 19:52:54',156,'2024-03-30 20:50:42',2,4,3),(21222946,1135197,32,3,'2024-03-30 20:03:40',164,'2024-03-30 20:24:57',2,6,3),(21223391,1136325,515,3,'2024-03-30 21:26:45',5,'2024-03-30 22:05:28',1,1,3),(21224162,1135197,128,3,'2024-03-31 01:14:29',164,'2024-03-31 01:24:40',1,8,3),(21227050,1137586,152,3,'2024-03-31 14:55:38',152,'2024-03-31 15:52:47',2,6,3),(21227842,1137586,152,3,'2024-03-31 16:55:47',152,'2024-03-31 16:56:07',1,9,3),(21227850,1137586,152,3,'2024-03-31 16:56:37',152,'2024-03-31 17:48:20',1,4,3),(21228866,1079388,515,3,'2024-03-31 18:54:19',515,'2024-03-31 18:54:40',1,2,3),(21228875,1079388,515,3,'2024-03-31 18:55:04',5,'2024-03-31 19:24:59',2,4,3),(21229171,1135197,228,3,'2024-03-31 19:44:28',79,'2024-03-31 19:57:53',2,9,3),(21229684,1135197,79,3,'2024-03-31 21:44:44',79,'2024-03-31 21:45:09',2,2,3),(21229685,1135197,79,3,'2024-03-31 21:45:32',79,'2024-03-31 21:45:57',1,6,3),(21229688,1135197,79,3,'2024-03-31 21:46:22',71,'2024-03-31 22:15:54',1,6,3),(21230061,1133745,468,3,'2024-03-31 23:40:44',468,'2024-04-01 02:03:38',1,6,3),(21230168,1135197,7,4,'2024-04-01 00:07:06',164,'2024-04-01 00:25:08',2,3,4),(21230689,1076431,206,4,'2024-04-01 03:08:28',400,'2024-04-01 03:31:05',1,5,4),(21231024,1137999,71,4,'2024-04-01 07:29:39',27,'2024-04-01 07:53:58',1,1,4),(21232259,1133745,468,4,'2024-04-01 12:48:26',468,'2024-04-01 13:12:52',1,7,4),(21233128,1032638,515,4,'2024-04-01 14:39:40',515,'2024-04-01 14:42:50',1,1,4),(21233938,1032638,242,4,'2024-04-01 16:04:26',130,'2024-04-01 16:35:41',1,4,4),(21234228,157730,215,4,'2024-04-01 16:31:45',202,'2024-04-01 16:57:30',1,4,4),(21235037,1032638,536,4,'2024-04-01 17:43:27',79,'2024-04-01 18:35:40',1,6,4),(21235938,1138566,202,4,'2024-04-01 19:02:55',202,'2024-04-01 19:39:37',2,9,4),(21236104,1032638,79,4,'2024-04-01 19:19:42',130,'2024-04-01 19:40:16',2,10,4),(21236263,1138593,202,4,'2024-04-01 19:39:43',242,'2024-04-01 20:03:52',2,5,4),(21236530,1138593,242,4,'2024-04-01 20:23:23',202,'2024-04-01 21:35:31',2,9,4),(21236839,1076431,487,4,'2024-04-01 21:18:04',340,'2024-04-01 21:31:13',2,2,4),(21236897,851072,536,4,'2024-04-01 21:32:36',46,'2024-04-01 22:09:25',2,10,4),(21237542,851072,46,4,'2024-04-02 00:30:50',41,'2024-04-02 00:30:50',2,4,4),(21237775,851072,21,4,'2024-04-02 01:35:41',307,'2024-04-02 01:51:11',1,5,4),(21238848,318881,275,4,'2024-04-02 10:18:29',478,'2024-04-02 10:27:13',2,9,4),(21239409,318881,478,4,'2024-04-02 12:06:12',275,'2024-04-02 12:13:42',1,4,4),(21242089,862550,5,4,'2024-04-02 16:45:48',50,'2024-04-02 17:34:31',1,5,4),(21243383,877812,58,4,'2024-04-02 18:25:04',70,'2024-04-02 18:48:09',1,4,4),(21243757,1076431,340,4,'2024-04-02 18:57:22',400,'2024-04-02 19:29:28',2,3,4),(21243766,862550,50,4,'2024-04-02 18:57:51',222,'2024-04-02 19:14:44',1,9,4),(21243798,1124894,417,4,'2024-04-02 19:00:14',253,'2024-04-02 20:11:07',2,4,4),(21244229,1133745,83,4,'2024-04-02 19:47:51',468,'2024-04-02 23:53:27',2,7,4),(21246584,915590,253,4,'2024-04-03 11:15:14',181,'2024-04-03 11:29:31',1,5,4),(21246864,965549,4,4,'2024-04-03 12:44:39',433,'2024-04-03 13:09:38',2,7,4),(21251477,618128,41,4,'2024-04-03 18:21:47',403,'2024-04-03 18:30:36',2,7,4),(21251825,755905,435,4,'2024-04-03 18:40:52',478,'2024-04-03 19:06:11',1,3,4),(21252019,653260,121,4,'2024-04-03 18:52:47',65,'2024-04-03 19:03:11',2,9,4),(21252215,18475,220,4,'2024-04-03 19:06:11',458,'2024-04-03 19:17:50',2,3,4),(21252670,871802,327,4,'2024-04-03 19:37:58',327,'2024-04-03 20:36:18',1,1,4),(21252930,673248,206,4,'2024-04-03 19:57:08',102,'2024-04-03 20:05:36',2,3,4),(21253045,915590,9,4,'2024-04-03 20:04:23',253,'2024-04-03 20:25:18',1,5,4),(21253050,1131173,124,4,'2024-04-03 20:04:58',440,'2024-04-03 20:19:09',2,6,4),(21253243,18475,458,4,'2024-04-03 20:19:54',220,'2024-04-03 20:29:49',2,2,4),(21254953,1133745,71,4,'2024-04-04 00:13:24',468,'2024-04-04 02:04:57',1,9,4),(21258634,729522,86,4,'2024-04-04 09:47:46',253,'2024-04-04 09:57:39',2,8,4),(21258946,792149,432,4,'2024-04-04 10:06:02',387,'2024-04-04 10:31:38',1,9,4),(21259297,729522,253,4,'2024-04-04 10:34:13',86,'2024-04-04 10:46:41',2,5,4),(21260266,915590,253,4,'2024-04-04 11:52:33',181,'2024-04-04 12:06:21',1,1,4),(21260750,755905,355,4,'2024-04-04 12:26:38',489,'2024-04-04 12:41:45',2,4,4),(21264112,729522,86,4,'2024-04-04 15:36:46',181,'2024-04-04 15:56:21',2,10,4),(21264231,759704,156,4,'2024-04-04 15:44:04',277,'2024-04-04 15:58:31',2,3,4),(21265355,1122137,466,4,'2024-04-04 16:37:42',118,'2024-04-04 16:51:54',1,7,4),(21265822,1135211,269,4,'2024-04-04 17:00:50',54,'2024-04-04 17:30:28',2,10,4),(21266372,1133745,83,4,'2024-04-04 17:22:21',38,'2024-04-04 17:43:23',2,5,4),(21267221,653260,121,4,'2024-04-04 17:57:14',65,'2024-04-04 18:08:35',1,9,4),(21267965,760203,199,4,'2024-04-04 18:24:10',253,'2024-04-04 18:28:57',1,4,4),(21268756,653260,65,4,'2024-04-04 18:57:40',121,'2024-04-04 19:10:00',2,4,4),(21269055,864392,175,4,'2024-04-04 19:12:54',144,'2024-04-04 19:30:16',1,4,4),(21269296,1135211,96,4,'2024-04-04 19:27:28',269,'2024-04-04 20:00:21',1,10,4),(21269341,94456,440,4,'2024-04-04 19:30:39',440,'2024-04-04 19:32:01',2,5,4),(21269902,871802,327,4,'2024-04-04 20:09:39',302,'2024-04-04 20:35:13',2,4,4),(21269919,915590,9,4,'2024-04-04 20:10:40',253,'2024-04-04 20:28:04',1,9,4),(21269962,851072,307,4,'2024-04-04 20:13:30',307,'2024-04-04 20:19:38',2,5,4),(21269989,233259,46,4,'2024-04-04 20:15:22',152,'2024-04-04 20:44:35',2,4,4),(21270519,871802,302,4,'2024-04-04 20:54:01',327,'2024-04-04 21:22:26',1,2,4),(21270661,695691,189,4,'2024-04-04 21:07:00',43,'2024-04-04 21:27:46',2,4,4),(21270709,233259,79,4,'2024-04-04 21:10:27',46,'2024-04-04 21:35:45',2,1,4),(21271977,1133745,71,4,'2024-04-04 23:54:49',468,'2024-04-05 00:09:31',2,10,4),(21272424,729522,181,4,'2024-04-05 01:32:16',86,'2024-04-05 01:52:11',1,9,4),(21272467,743093,213,4,'2024-04-05 01:52:45',175,'2024-04-05 01:52:47',1,9,4),(21272479,989293,144,4,'2024-04-05 01:55:06',116,'2024-04-05 02:02:07',2,9,4),(21273647,74516,135,4,'2024-04-05 07:29:18',60,'2024-04-05 07:36:43',2,5,4),(21275006,864392,144,4,'2024-04-05 08:59:27',468,'2024-04-05 09:05:54',2,10,4),(21275219,1106224,175,4,'2024-04-05 09:14:06',3,'2024-04-05 09:28:14',1,9,4),(21277286,915590,17,4,'2024-04-05 11:44:20',181,'2024-04-05 11:51:40',1,2,4),(21280749,1025615,475,4,'2024-04-05 15:22:37',475,'2024-04-05 15:52:20',2,1,4),(21280853,1100181,378,4,'2024-04-05 15:28:26',374,'2024-04-05 17:15:08',1,4,4),(21281209,1133745,45,4,'2024-04-05 15:46:58',71,'2024-04-05 17:18:09',2,4,4),(21282089,946252,403,4,'2024-04-05 16:33:57',41,'2024-04-05 16:45:02',1,10,4),(21282935,156938,353,4,'2024-04-05 17:13:46',35,'2024-04-05 17:19:48',1,5,4),(21283277,747541,89,4,'2024-04-05 17:28:07',515,'2024-04-05 17:38:13',2,3,4),(21284559,140842,418,4,'2024-04-05 18:23:09',418,'2024-04-05 18:23:31',2,4,4),(21284571,140842,418,4,'2024-04-05 18:23:37',418,'2024-04-05 18:23:58',1,1,4),(21284582,140842,418,4,'2024-04-05 18:24:12',229,'2024-04-05 18:33:07',2,6,4),(21284637,353310,236,4,'2024-04-05 18:26:52',501,'2024-04-05 18:36:43',2,3,4),(21284824,666040,32,4,'2024-04-05 18:35:11',93,'2024-04-05 19:00:01',1,5,4),(21284872,729522,146,4,'2024-04-05 18:36:50',181,'2024-04-05 18:51:19',2,9,4),(21284981,946252,41,4,'2024-04-05 18:42:39',424,'2024-04-05 18:57:52',1,3,4),(21285252,747541,210,4,'2024-04-05 18:56:10',200,'2024-04-05 19:16:28',1,6,4),(21285816,915590,9,4,'2024-04-05 19:27:05',253,'2024-04-05 19:42:24',2,7,4),(21286050,851072,270,4,'2024-04-05 19:45:32',29,'2024-04-05 20:19:55',1,1,4),(21287538,695691,189,4,'2024-04-05 22:00:08',43,'2024-04-05 22:11:20',1,1,4),(21288321,1140611,265,4,'2024-04-05 23:36:16',265,'2024-04-05 23:53:05',2,4,4),(21288372,1133745,144,4,'2024-04-05 23:43:03',144,'2024-04-05 23:43:25',2,7,4),(21288388,1133745,144,4,'2024-04-05 23:44:21',144,'2024-04-05 23:44:43',2,7,4),(21288947,1112433,167,4,'2024-04-06 01:48:27',367,'2024-04-06 02:29:35',2,4,4),(21289192,729522,181,4,'2024-04-06 02:44:43',86,'2024-04-06 03:02:43',2,1,4),(21291499,851072,220,4,'2024-04-06 12:37:46',302,'2024-04-06 12:54:43',2,8,4),(21292442,1133541,289,4,'2024-04-06 14:31:44',289,'2024-04-06 14:34:07',1,4,4),(21292462,1133541,289,4,'2024-04-06 14:34:55',289,'2024-04-06 14:37:49',2,3,4),(21292492,1133541,289,4,'2024-04-06 14:38:04',376,'2024-04-06 16:35:12',2,7,4),(21293708,729522,219,4,'2024-04-06 16:41:57',219,'2024-04-06 16:42:19',1,6,4),(21293715,729522,219,4,'2024-04-06 16:42:23',219,'2024-04-06 16:42:45',2,9,4),(21294519,877812,193,4,'2024-04-06 18:02:51',181,'2024-04-06 18:07:23',1,6,4),(21294896,1131173,124,4,'2024-04-06 18:41:24',124,'2024-04-06 20:04:23',1,5,4),(21296660,776019,318,4,'2024-04-07 00:04:12',281,'2024-04-07 00:19:39',1,6,4),(21297454,729522,181,4,'2024-04-07 03:37:58',86,'2024-04-07 04:08:10',2,4,4),(21297541,1113896,156,4,'2024-04-07 04:19:26',364,'2024-04-07 04:36:28',2,2,4),(21298120,755905,478,4,'2024-04-07 08:58:24',501,'2024-04-07 09:13:44',1,1,4),(21298556,571134,182,4,'2024-04-07 10:42:12',516,'2024-04-07 10:52:19',1,9,4),(21298785,1141311,210,4,'2024-04-07 11:17:26',210,'2024-04-07 11:56:49',1,10,4),(21300759,1131173,124,4,'2024-04-07 15:41:20',166,'2024-04-07 15:57:40',2,2,4),(21301141,1141524,482,4,'2024-04-07 16:13:17',431,'2024-04-07 16:57:54',2,3,4),(21301145,571134,516,4,'2024-04-07 16:13:49',182,'2024-04-07 16:24:36',2,6,4),(21301291,818062,104,4,'2024-04-07 16:23:31',104,'2024-04-07 16:23:56',1,6,4),(21301302,818062,104,4,'2024-04-07 16:24:00',478,'2024-04-07 16:37:44',2,2,4),(21301329,1135211,5,4,'2024-04-07 16:25:40',269,'2024-04-07 17:00:34',1,4,4),(21301452,729522,86,4,'2024-04-07 16:36:13',181,'2024-04-07 16:55:01',2,10,4),(21301800,1076431,247,4,'2024-04-07 17:03:55',236,'2024-04-07 17:31:05',1,3,4),(21302286,1065585,387,4,'2024-04-07 17:38:03',262,'2024-04-07 17:45:12',1,8,4),(21302695,1141774,384,4,'2024-04-07 18:10:00',489,'2024-04-07 19:04:36',2,9,4),(21302950,1141524,431,4,'2024-04-07 18:28:39',245,'2024-04-07 19:15:30',1,1,4),(21303258,1076431,340,4,'2024-04-07 18:52:22',202,'2024-04-07 19:42:52',1,1,4),(21303407,1141861,516,4,'2024-04-07 19:05:03',516,'2024-04-07 19:05:25',2,1,4),(21303416,1141861,516,4,'2024-04-07 19:05:47',516,'2024-04-07 22:56:44',1,3,4),(21303910,1133745,468,4,'2024-04-07 19:52:26',468,'2024-04-07 22:03:04',1,5,4),(21304339,1141774,524,4,'2024-04-07 20:56:16',524,'2024-04-07 20:56:37',2,3,4),(21304345,1141774,524,4,'2024-04-07 20:57:42',384,'2024-04-07 20:57:42',2,9,4),(21306896,74516,135,4,'2024-04-08 07:35:01',60,'2024-04-08 07:41:59',2,6,4),(21306979,318881,275,4,'2024-04-08 07:39:37',521,'2024-04-08 08:00:53',2,3,4),(21307769,1133745,8,4,'2024-04-08 08:29:34',183,'2024-04-08 08:42:53',1,1,4),(21308326,1133745,183,4,'2024-04-08 09:00:15',8,'2024-04-08 09:08:24',1,9,4),(21308412,915590,432,4,'2024-04-08 09:06:54',253,'2024-04-08 09:16:55',2,10,4),(21308680,1106224,175,4,'2024-04-08 09:27:57',57,'2024-04-08 09:38:27',1,4,4),(21309763,1065585,368,4,'2024-04-08 10:55:25',387,'2024-04-08 11:05:45',1,10,4),(21309906,1133745,8,4,'2024-04-08 11:08:07',468,'2024-04-08 11:15:53',1,7,4),(21310462,989293,116,4,'2024-04-08 11:52:30',131,'2024-04-08 12:07:00',1,10,4),(21310511,156938,26,4,'2024-04-08 11:55:39',135,'2024-04-08 12:13:22',2,9,4),(21310567,915590,186,4,'2024-04-08 11:59:29',181,'2024-04-08 12:15:25',2,6,4),(21311097,318881,521,4,'2024-04-08 12:32:21',275,'2024-04-08 12:58:44',1,2,4),(21311386,156938,135,4,'2024-04-08 12:54:06',130,'2024-04-08 13:02:31',2,1,4),(21311474,755905,435,4,'2024-04-08 12:59:40',322,'2024-04-08 13:04:39',2,2,4),(21313821,1133745,468,4,'2024-04-08 15:13:40',183,'2024-04-08 15:27:59',1,7,4),(21313924,1124570,132,4,'2024-04-08 15:18:54',45,'2024-04-08 15:28:31',2,1,4),(21314510,1124570,71,4,'2024-04-08 15:47:37',132,'2024-04-08 15:54:41',1,6,4),(21316230,1122137,13,4,'2024-04-08 17:02:47',13,'2024-04-08 17:03:09',1,1,4),(21316252,1122137,13,4,'2024-04-08 17:03:21',13,'2024-04-08 17:03:43',1,3,4),(21316268,1122137,13,4,'2024-04-08 17:03:50',118,'2024-04-08 17:11:18',1,9,4),(21316928,114078,66,4,'2024-04-08 17:26:19',66,'2024-04-08 17:26:40',2,6,4),(21316980,114078,66,4,'2024-04-08 17:28:36',66,'2024-04-08 17:28:57',1,2,4),(21317035,979114,150,4,'2024-04-08 17:31:05',59,'2024-04-08 18:07:48',2,5,4),(21317169,860672,220,4,'2024-04-08 17:36:53',8,'2024-04-08 18:15:43',2,3,4),(21317418,157730,175,4,'2024-04-08 17:47:50',215,'2024-04-08 18:36:46',1,7,4),(21319274,1124894,269,4,'2024-04-08 19:04:03',212,'2024-04-08 19:29:53',1,8,4),(21321592,979114,59,4,'2024-04-08 21:34:03',150,'2024-04-08 21:51:16',2,9,4),(21321840,631240,516,4,'2024-04-08 22:01:39',182,'2024-04-08 22:30:01',2,4,4),(21325296,755905,478,4,'2024-04-09 08:17:47',379,'2024-04-09 08:30:33',2,8,4),(21325783,755905,260,4,'2024-04-09 08:46:40',322,'2024-04-09 08:58:40',1,10,4),(21325872,1133745,183,4,'2024-04-09 08:51:33',165,'2024-04-09 09:11:34',2,10,4),(21327646,1124570,132,4,'2024-04-09 10:50:47',353,'2024-04-09 12:40:17',1,2,4),(21328371,915590,17,4,'2024-04-09 11:37:00',181,'2024-04-09 11:46:19',2,5,4),(21328622,1040909,8,4,'2024-04-09 11:53:53',86,'2024-04-09 12:07:01',1,1,4),(21329310,1122137,118,4,'2024-04-09 12:31:58',13,'2024-04-09 12:38:46',2,4,4),(21332753,729522,86,4,'2024-04-09 15:35:14',181,'2024-04-09 15:51:14',2,9,4),(21332868,1133745,183,4,'2024-04-09 15:40:26',468,'2024-04-09 16:21:14',1,8,4),(21333132,679929,230,4,'2024-04-09 15:54:57',440,'2024-04-09 16:17:15',1,7,4),(21333957,1142312,316,4,'2024-04-09 16:35:16',161,'2024-04-09 17:08:28',2,4,4),(21334206,675215,128,4,'2024-04-09 16:48:55',228,'2024-04-09 16:56:16',2,2,4),(21334491,1122137,13,4,'2024-04-09 17:02:03',118,'2024-04-09 17:10:30',1,5,4),(21335806,675215,228,4,'2024-04-09 17:58:35',153,'2024-04-09 18:07:43',2,7,4),(21336437,864392,156,4,'2024-04-09 18:20:44',516,'2024-04-09 18:26:45',2,1,4),(21337093,679929,215,4,'2024-04-09 18:49:24',323,'2024-04-09 19:20:06',2,9,4),(21338118,755905,435,4,'2024-04-09 19:45:53',355,'2024-04-09 20:01:46',1,3,4),(21338383,915590,9,4,'2024-04-09 20:05:29',9,'2024-04-09 20:05:59',1,6,4),(21338397,915590,9,4,'2024-04-09 20:06:30',253,'2024-04-09 20:24:15',1,7,4),(21339280,1058741,5,4,'2024-04-09 21:14:39',516,'2024-04-09 21:25:18',1,10,4),(21339731,1058741,222,4,'2024-04-09 22:03:02',5,'2024-04-09 22:10:17',1,6,4),(21340250,1133745,468,4,'2024-04-09 22:59:38',468,'2024-04-10 00:35:32',2,9,4),(21340879,729522,66,4,'2024-04-10 00:34:36',86,'2024-04-10 00:54:07',1,8,4),(21342331,755905,478,4,'2024-04-10 07:39:39',435,'2024-04-10 07:57:43',1,10,4),(21342394,318881,275,4,'2024-04-10 07:43:48',521,'2024-04-10 08:10:59',1,7,4),(21342403,1035430,291,4,'2024-04-10 07:44:18',291,'2024-04-10 07:44:40',2,5,4),(21342413,1035430,291,4,'2024-04-10 07:45:01',117,'2024-04-10 07:50:59',1,5,4),(21343994,675215,3,4,'2024-04-10 09:40:08',228,'2024-04-10 09:45:09',2,2,4),(21344890,675215,228,4,'2024-04-10 11:10:14',179,'2024-04-10 11:26:36',2,8,4),(21345590,1133745,468,4,'2024-04-10 12:01:43',8,'2024-04-10 12:12:45',2,1,4),(21347398,1143177,66,4,'2024-04-10 13:38:59',466,'2024-04-10 13:53:30',2,10,4),(21347479,114078,66,4,'2024-04-10 13:43:08',9,'2024-04-10 13:51:18',1,2,4),(21348564,679929,230,4,'2024-04-10 14:45:15',167,'2024-04-10 15:09:48',1,4,4),(21348697,965549,4,4,'2024-04-10 14:52:43',433,'2024-04-10 15:21:27',1,6,4),(21349602,318881,521,4,'2024-04-10 15:40:11',537,'2024-04-10 15:58:58',2,4,4),(21349714,1133745,8,4,'2024-04-10 15:45:20',468,'2024-04-10 17:37:58',2,4,4),(21349791,114078,9,4,'2024-04-10 15:48:54',56,'2024-04-10 16:07:17',1,1,4),(21350682,755905,289,4,'2024-04-10 16:34:27',435,'2024-04-10 16:43:47',1,2,4),(21351735,1135546,175,4,'2024-04-10 17:20:05',403,'2024-04-10 17:50:08',2,5,4),(21352695,864392,242,4,'2024-04-10 18:03:08',516,'2024-04-10 18:12:23',2,3,4),(21352767,1135546,403,4,'2024-04-10 18:05:30',175,'2024-04-10 18:48:22',2,3,4),(21354313,747541,116,4,'2024-04-10 19:24:45',144,'2024-04-10 19:32:19',1,4,4),(21354664,233259,46,4,'2024-04-10 19:50:02',152,'2024-04-10 20:20:49',2,6,4),(21354903,915590,9,4,'2024-04-10 20:05:55',253,'2024-04-10 20:25:08',1,10,4),(21355443,747541,144,4,'2024-04-10 20:47:55',200,'2024-04-10 20:59:05',2,3,4),(21355798,233259,111,4,'2024-04-10 21:19:12',46,'2024-04-10 21:34:33',2,1,4),(21356881,1133745,71,4,'2024-04-10 23:33:16',468,'2024-04-11 01:48:10',1,7,4),(21357934,1004430,453,4,'2024-04-11 04:57:42',517,'2024-04-11 05:41:33',1,8,4),(21359355,1113896,82,4,'2024-04-11 07:45:35',155,'2024-04-11 08:14:55',2,5,4),(21359469,1142312,54,4,'2024-04-11 07:50:16',316,'2024-04-11 08:13:32',2,6,4),(21362388,1076431,247,4,'2024-04-11 10:41:30',68,'2024-04-11 11:08:23',1,9,4),(21362747,923683,278,4,'2024-04-11 11:05:04',474,'2024-04-11 11:39:15',2,7,4),(21363187,915590,17,4,'2024-04-11 11:31:41',181,'2024-04-11 11:41:24',1,4,4),(21363372,618128,403,4,'2024-04-11 11:44:12',424,'2024-04-11 11:50:14',1,2,4),(21364527,1143797,70,4,'2024-04-11 12:50:18',131,'2024-04-11 13:20:01',2,7,4),(21366053,979114,152,4,'2024-04-11 14:05:24',152,'2024-04-11 14:41:49',2,4,4),(21367080,887501,54,4,'2024-04-11 14:58:52',124,'2024-04-11 15:08:58',2,3,4),(21367151,868349,449,4,'2024-04-11 15:02:09',473,'2024-04-11 15:25:20',1,7,4),(21367530,755905,355,4,'2024-04-11 15:18:44',501,'2024-04-11 15:31:39',2,4,4),(21367688,989293,65,4,'2024-04-11 15:26:30',213,'2024-04-11 15:50:20',2,2,4),(21368001,729522,74,4,'2024-04-11 15:41:21',66,'2024-04-11 15:57:40',2,9,4),(21368102,946252,41,4,'2024-04-11 15:45:57',403,'2024-04-11 15:56:00',1,7,4),(21368146,1004430,5,4,'2024-04-11 15:47:50',5,'2024-04-11 16:31:04',2,4,4),(21368275,887501,124,4,'2024-04-11 15:54:11',54,'2024-04-11 16:08:30',2,1,4),(21370360,1076431,486,4,'2024-04-11 17:16:39',486,'2024-04-11 17:17:07',1,7,4),(21371062,755905,435,4,'2024-04-11 17:43:29',322,'2024-04-11 17:49:43',1,7,4),(21371396,618128,41,4,'2024-04-11 17:54:59',403,'2024-04-11 18:04:05',2,9,4),(21371947,967944,99,4,'2024-04-11 18:15:07',322,'2024-04-11 18:59:42',2,10,4),(21372097,140842,527,4,'2024-04-11 18:20:23',403,'2024-04-11 19:45:45',1,9,4),(21372413,1143797,165,4,'2024-04-11 18:32:02',96,'2024-04-11 18:38:53',1,7,4),(21372692,864392,242,4,'2024-04-11 18:42:32',516,'2024-04-11 18:52:42',1,2,4),(21372795,18475,220,4,'2024-04-11 18:46:42',220,'2024-04-11 18:48:20',1,5,4),(21372860,18475,220,4,'2024-04-11 18:49:47',458,'2024-04-11 19:00:15',1,10,4),(21373661,1004430,222,4,'2024-04-11 19:25:47',453,'2024-04-11 20:22:33',2,6,4),(21374466,18475,458,4,'2024-04-11 20:10:51',220,'2024-04-11 20:19:48',2,9,4),(21374477,666040,117,4,'2024-04-11 20:11:33',93,'2024-04-11 20:21:39',2,2,4),(21375087,915590,66,4,'2024-04-11 20:55:30',199,'2024-04-11 21:12:38',2,10,4),(21375502,1112433,378,4,'2024-04-11 21:33:02',367,'2024-04-11 22:21:38',2,6,4),(21375509,871802,507,4,'2024-04-11 21:34:04',507,'2024-04-11 21:59:57',2,8,4),(21375602,915590,253,4,'2024-04-11 21:44:21',186,'2024-04-11 21:44:23',2,7,4),(21377271,915590,186,4,'2024-04-12 01:28:16',253,'2024-04-12 01:34:11',1,6,4),(21377330,729522,181,4,'2024-04-12 01:40:28',86,'2024-04-12 01:59:10',1,6,4),(21378568,74516,135,4,'2024-04-12 07:28:14',60,'2024-04-12 07:34:45',2,1,4),(21381452,1144493,210,4,'2024-04-12 10:48:57',177,'2024-04-12 11:12:04',2,2,4),(21381858,915590,253,4,'2024-04-12 11:21:05',181,'2024-04-12 11:34:40',2,5,4),(21383127,755905,435,4,'2024-04-12 12:37:43',435,'2024-04-12 12:38:48',2,9,4),(21384192,1112433,335,4,'2024-04-12 13:37:14',367,'2024-04-12 13:45:05',1,1,4),(21388481,1079388,91,4,'2024-04-12 17:41:29',171,'2024-04-12 17:53:52',1,2,4),(21388629,868349,460,4,'2024-04-12 17:51:25',473,'2024-04-12 18:06:37',1,3,4),(21390076,1143177,66,4,'2024-04-12 19:40:36',82,'2024-04-12 20:07:35',2,1,4),(21390417,915590,9,4,'2024-04-12 20:13:23',17,'2024-04-12 20:13:25',1,2,4),(21394352,979114,150,4,'2024-04-13 21:57:35',150,'2024-04-13 22:34:45',2,1,4),(21394764,729522,181,4,'2024-04-14 01:08:40',86,'2024-04-14 01:29:02',1,10,4),(21395501,755905,435,4,'2024-04-14 12:45:10',355,'2024-04-14 13:00:26',2,3,4),(21396378,1133745,468,4,'2024-04-14 17:12:44',468,'2024-04-14 17:36:21',1,3,4),(21398766,915590,253,4,'2024-04-15 11:14:53',181,'2024-04-15 11:33:32',1,6,4),(21400601,1035430,291,4,'2024-04-15 14:53:30',117,'2024-04-15 14:58:36',2,2,4),(21400891,1020100,71,4,'2024-04-15 15:16:45',69,'2024-04-15 15:36:55',1,1,4),(21401700,675215,128,4,'2024-04-15 16:23:57',228,'2024-04-15 16:30:26',2,3,4),(21402387,1133745,468,4,'2024-04-15 18:10:28',45,'2024-04-15 18:27:28',2,7,4),(21402722,18475,220,4,'2024-04-15 18:41:28',220,'2024-04-15 18:41:58',2,9,4),(21402743,18475,220,4,'2024-04-15 18:43:09',458,'2024-04-15 18:52:54',2,7,4),(21403458,915590,9,4,'2024-04-15 20:06:24',253,'2024-04-15 20:06:26',2,8,4),(21404233,1133745,468,4,'2024-04-15 22:08:41',468,'2024-04-15 23:59:24',2,2,4),(21407296,1106224,175,4,'2024-04-16 09:22:30',57,'2024-04-16 09:35:03',2,2,4),(21407574,729522,86,4,'2024-04-16 09:51:24',253,'2024-04-16 09:59:58',2,7,4),(21408350,729522,253,4,'2024-04-16 11:04:49',86,'2024-04-16 11:16:20',1,1,4),(21409236,755905,478,4,'2024-04-16 12:15:16',435,'2024-04-16 12:33:50',2,9,4),(21412527,755905,340,4,'2024-04-16 16:24:01',355,'2024-04-16 16:42:17',2,2,4),(21415242,864392,156,4,'2024-04-16 19:01:10',516,'2024-04-16 19:07:01',2,10,4),(21415373,1133745,468,4,'2024-04-16 19:18:01',45,'2024-04-16 19:40:14',2,8,4),(21420247,1106224,175,4,'2024-04-17 09:36:33',57,'2024-04-17 09:47:23',1,5,4),(21420499,965549,152,4,'2024-04-17 09:56:35',111,'2024-04-17 10:10:15',1,7,4),(21420913,965549,111,4,'2024-04-17 10:32:08',4,'2024-04-17 10:55:30',2,3,4),(21421743,965549,128,4,'2024-04-17 11:43:09',126,'2024-04-17 12:03:58',1,9,4),(21423803,1145659,71,4,'2024-04-17 14:01:24',71,'2024-04-17 14:01:45',2,6,4),(21423809,1145659,71,4,'2024-04-17 14:02:02',71,'2024-04-17 14:02:23',1,9,4),(21423823,1145659,71,4,'2024-04-17 14:02:52',71,'2024-04-17 14:03:14',1,5,4),(21423829,1145659,111,4,'2024-04-17 14:03:27',79,'2024-04-17 14:30:48',2,1,4),(21424550,1025615,475,4,'2024-04-17 14:53:43',457,'2024-04-17 15:03:16',2,1,4),(21424640,114078,66,4,'2024-04-17 15:01:32',9,'2024-04-17 15:11:50',2,5,4),(21425165,1025615,457,4,'2024-04-17 15:31:18',475,'2024-04-17 15:48:24',2,8,4),(21425260,318881,521,4,'2024-04-17 15:35:59',537,'2024-04-17 15:52:00',2,5,4),(21427824,965549,126,4,'2024-04-17 17:43:51',126,'2024-04-17 17:47:38',1,8,4),(21428379,864392,156,4,'2024-04-17 18:06:56',516,'2024-04-17 18:13:41',1,4,4),(21430526,915590,9,4,'2024-04-17 20:09:29',253,'2024-04-17 20:28:20',1,9,4),(21431052,915590,253,4,'2024-04-17 20:46:33',186,'2024-04-17 20:54:46',2,8,4),(21432033,864392,200,4,'2024-04-17 22:27:56',144,'2024-04-17 22:35:11',2,8,4),(21434195,74516,135,4,'2024-04-18 07:23:13',60,'2024-04-18 07:29:49',2,2,4),(21434958,114078,66,4,'2024-04-18 08:21:08',9,'2024-04-18 08:29:17',2,5,4),(21436215,1106224,175,4,'2024-04-18 09:44:32',57,'2024-04-18 09:57:35',2,6,4),(21436562,560833,73,4,'2024-04-18 10:10:17',6,'2024-04-18 12:31:57',2,5,4),(21436790,1145701,490,4,'2024-04-18 10:29:17',490,'2024-04-18 10:55:14',1,3,4),(21436892,1065585,368,4,'2024-04-18 10:37:08',368,'2024-04-18 10:37:29',1,6,4),(21436902,1065585,368,4,'2024-04-18 10:37:58',368,'2024-04-18 10:38:23',2,1,4),(21436908,1065585,368,4,'2024-04-18 10:38:30',368,'2024-04-18 10:38:51',2,9,4),(21436918,1065585,368,4,'2024-04-18 10:39:17',368,'2024-04-18 10:39:39',1,7,4),(21436930,1065585,368,4,'2024-04-18 10:40:05',368,'2024-04-18 10:40:26',1,8,4),(21436941,1065585,368,4,'2024-04-18 10:40:58',368,'2024-04-18 10:41:20',1,9,4),(21436949,1065585,368,4,'2024-04-18 10:41:26',387,'2024-04-18 10:53:34',1,3,4),(21437687,915590,17,4,'2024-04-18 11:35:36',216,'2024-04-18 11:48:52',2,9,4),(21438979,280113,420,4,'2024-04-18 12:59:54',202,'2024-04-18 13:40:03',2,3,4),(21439561,729522,86,4,'2024-04-18 13:32:39',74,'2024-04-18 13:55:28',2,1,4),(21439718,336651,428,4,'2024-04-18 13:40:06',235,'2024-04-18 13:51:07',1,7,4),(21443538,1122137,13,4,'2024-04-18 17:11:06',118,'2024-04-18 17:19:21',1,5,4),(21444838,864392,242,4,'2024-04-18 18:05:09',517,'2024-04-18 18:18:58',2,8,4),(21445946,923683,474,4,'2024-04-18 18:54:11',5,'2024-04-18 20:16:05',2,6,4),(21446095,18475,220,4,'2024-04-18 19:03:28',458,'2024-04-18 19:13:03',1,1,4),(21446974,915590,9,4,'2024-04-18 20:05:49',253,'2024-04-18 20:27:43',2,9,4),(21447689,1058741,5,4,'2024-04-18 21:07:12',516,'2024-04-18 21:18:05',1,9,4),(21450709,74516,135,4,'2024-04-19 07:21:21',60,'2024-04-19 07:28:02',2,6,4),(21454047,915590,17,4,'2024-04-19 11:27:01',181,'2024-04-19 11:39:21',2,2,4),(21456614,12767,101,4,'2024-04-19 14:09:03',69,'2024-04-19 14:41:32',1,4,4),(21457365,12767,69,4,'2024-04-19 14:56:37',101,'2024-04-19 15:29:52',2,10,4),(21458709,770318,275,4,'2024-04-19 16:07:10',487,'2024-04-19 16:14:00',1,9,4),(21459099,1133745,8,4,'2024-04-19 16:28:13',45,'2024-04-19 16:57:34',1,4,4),(21459128,946252,403,4,'2024-04-19 16:29:21',41,'2024-04-19 16:39:10',2,5,4),(21459141,808594,420,4,'2024-04-19 16:30:04',260,'2024-04-19 16:38:59',2,5,4),(21459680,808594,260,4,'2024-04-19 16:58:11',420,'2024-04-19 17:06:56',2,10,4),(21459936,1122137,13,4,'2024-04-19 17:08:51',118,'2024-04-19 17:14:55',1,7,4),(21461898,666040,59,4,'2024-04-19 18:40:07',93,'2024-04-19 18:59:21',1,6,4),(21463022,571134,308,4,'2024-04-19 19:47:54',14,'2024-04-19 20:00:57',2,5,4),(21463128,1011501,68,4,'2024-04-19 19:55:12',486,'2024-04-19 20:07:28',2,2,4),(21465129,864392,121,4,'2024-04-19 23:30:57',144,'2024-04-19 23:40:03',1,6,4),(21466498,915590,253,4,'2024-04-20 09:08:28',64,'2024-04-20 09:26:37',2,9,4),(21469185,1146557,269,4,'2024-04-20 15:59:53',384,'2024-04-20 16:13:39',1,5,4),(21470059,1133745,468,4,'2024-04-20 17:29:21',8,'2024-04-20 17:39:00',1,1,4),(21470336,1136325,5,4,'2024-04-20 17:54:14',289,'2024-04-20 18:30:00',1,1,4),(21470965,1146557,524,4,'2024-04-20 19:02:39',248,'2024-04-20 19:32:41',1,3,4),(21471408,923683,358,4,'2024-04-20 20:11:28',518,'2024-04-20 20:34:10',2,6,4),(21471547,1136325,289,4,'2024-04-20 20:36:02',5,'2024-04-20 21:06:31',1,4,4),(21472750,1133745,8,4,'2024-04-21 01:44:06',468,'2024-04-21 01:44:06',1,9,4),(21472850,923683,17,4,'2024-04-21 02:07:19',358,'2024-04-21 02:45:44',1,2,4),(21476252,1147672,3,4,'2024-04-21 16:49:18',128,'2024-04-21 17:40:40',2,3,4),(21476438,677472,536,4,'2024-04-21 17:22:00',69,'2024-04-21 17:22:00',2,2,4),(21479555,915590,17,4,'2024-04-22 11:38:10',181,'2024-04-22 11:48:19',1,3,4),(21479959,1122137,118,4,'2024-04-22 12:26:09',118,'2024-04-22 12:26:55',2,2,4),(21479979,1122137,118,4,'2024-04-22 12:27:25',13,'2024-04-22 12:34:42',1,8,4),(21482624,1133745,8,4,'2024-04-22 15:50:43',468,'2024-04-22 16:39:11',1,4,4),(21483661,679929,29,4,'2024-04-22 16:52:30',537,'2024-04-22 17:20:25',1,3,4),(21483830,352898,186,4,'2024-04-22 17:02:42',219,'2024-04-22 18:12:31',1,6,4),(21484011,157730,175,4,'2024-04-22 17:10:50',215,'2024-04-22 18:18:07',1,6,4),(21484152,755905,322,4,'2024-04-22 17:17:14',435,'2024-04-22 17:24:11',1,4,4),(21484753,705928,434,4,'2024-04-22 17:50:16',340,'2024-04-22 17:51:49',2,4,4),(21484943,864392,242,4,'2024-04-22 18:00:15',516,'2024-04-22 18:09:30',2,4,4),(21485095,1133745,8,4,'2024-04-22 18:06:49',45,'2024-04-22 18:06:49',2,2,4),(21485440,1147995,492,4,'2024-04-22 18:24:13',492,'2024-04-22 19:18:14',1,5,4),(21486397,1143177,66,4,'2024-04-22 19:29:52',82,'2024-04-22 19:47:17',2,7,4),(21486469,755905,435,4,'2024-04-22 19:34:47',355,'2024-04-22 19:56:06',1,8,4),(21486844,915590,9,4,'2024-04-22 20:04:51',253,'2024-04-22 20:24:52',2,5,4),(21487540,808594,420,4,'2024-04-22 21:12:03',420,'2024-04-22 21:12:13',1,5,4),(21487548,808594,420,4,'2024-04-22 21:12:41',260,'2024-04-22 21:22:04',1,3,4),(21489776,74516,135,4,'2024-04-23 07:25:38',60,'2024-04-23 07:32:14',2,1,4),(21491592,679929,258,4,'2024-04-23 09:46:21',379,'2024-04-23 09:58:01',2,5,4),(21491652,923683,229,4,'2024-04-23 09:52:13',229,'2024-04-23 09:52:34',1,5,4),(21491662,923683,229,4,'2024-04-23 09:52:45',474,'2024-04-23 10:31:15',1,1,4),(21492510,755905,355,4,'2024-04-23 11:03:29',435,'2024-04-23 11:18:58',1,3,4),(21492644,915590,253,4,'2024-04-23 11:17:48',181,'2024-04-23 11:17:50',1,5,4),(21494553,709019,165,4,'2024-04-23 13:18:43',75,'2024-04-23 13:41:19',1,2,4),(21496607,94456,227,4,'2024-04-23 15:19:09',99,'2024-04-23 15:31:29',2,1,4),(21497766,4143,253,4,'2024-04-23 16:16:31',223,'2024-04-23 16:37:10',2,1,4),(21498781,946252,403,4,'2024-04-23 17:04:20',41,'2024-04-23 17:14:22',2,10,4),(21498872,755905,501,4,'2024-04-23 17:07:54',355,'2024-04-23 17:23:56',2,10,4),(21500000,851072,302,4,'2024-04-23 17:56:44',432,'2024-04-23 18:32:54',1,10,4),(21500206,864392,156,4,'2024-04-23 18:05:34',516,'2024-04-23 18:12:40',2,9,4),(21502558,915590,9,4,'2024-04-23 20:04:58',253,'2024-04-23 20:23:09',2,1,4),(21503067,877812,200,4,'2024-04-23 20:43:04',536,'2024-04-23 20:56:03',2,8,4),(21503424,993574,491,4,'2024-04-23 21:17:33',491,'2024-04-24 01:34:18',2,7,4),(21503448,1058741,5,4,'2024-04-23 21:19:31',516,'2024-04-23 21:28:45',1,1,4),(21503468,915590,253,4,'2024-04-23 21:22:28',186,'2024-04-23 21:28:41',1,6,4),(21505804,318881,275,4,'2024-04-24 07:28:50',521,'2024-04-24 07:54:22',2,3,4),(21506363,1106224,175,4,'2024-04-24 08:16:23',175,'2024-04-24 08:17:36',2,5,4),(21507676,923683,358,4,'2024-04-24 10:11:27',474,'2024-04-24 11:20:46',2,3,4),(21508258,280113,239,4,'2024-04-24 11:02:47',420,'2024-04-24 11:20:10',1,4,4),(21508637,915590,17,4,'2024-04-24 11:39:30',181,'2024-04-24 11:50:28',2,4,4),(21509094,755905,478,4,'2024-04-24 12:17:59',322,'2024-04-24 12:29:29',1,10,4),(21512435,318881,521,4,'2024-04-24 15:51:34',275,'2024-04-24 16:17:29',2,3,4),(21512590,705928,435,4,'2024-04-24 16:01:20',435,'2024-04-24 16:01:47',2,3,4),(21512604,1133745,183,4,'2024-04-24 16:02:00',183,'2024-04-24 16:03:49',2,7,4),(21512617,705928,435,4,'2024-04-24 16:02:51',187,'2024-04-24 16:09:52',1,9,4),(21512649,1133745,183,4,'2024-04-24 16:05:10',8,'2024-04-24 17:26:16',1,10,4),(21513129,946252,403,4,'2024-04-24 16:35:07',403,'2024-04-24 16:36:28',1,8,4),(21513164,946252,403,4,'2024-04-24 16:36:55',41,'2024-04-24 16:45:35',1,1,4),(21513320,1148824,5,4,'2024-04-24 16:44:03',5,'2024-04-24 16:46:15',2,7,4),(21513420,1148824,5,4,'2024-04-24 16:48:58',5,'2024-04-24 16:54:56',1,6,4),(21513841,1148824,5,4,'2024-04-24 17:10:29',177,'2024-04-24 17:27:12',1,5,4),(21514371,1147995,162,4,'2024-04-24 17:37:13',5,'2024-04-24 20:08:29',2,8,4),(21514458,1076431,340,4,'2024-04-24 17:41:05',400,'2024-04-24 18:08:59',2,7,4),(21514486,1148824,177,4,'2024-04-24 17:42:27',5,'2024-04-24 18:10:13',2,10,4),(21515425,946252,41,4,'2024-04-24 18:26:53',403,'2024-04-24 18:34:49',2,9,4),(21515996,864392,242,4,'2024-04-24 18:54:19',516,'2024-04-24 19:03:58',1,3,4),(21517136,915590,9,4,'2024-04-24 20:17:16',253,'2024-04-24 20:35:45',2,2,4),(21517398,233259,117,4,'2024-04-24 20:39:37',8,'2024-04-24 21:07:31',2,4,4),(21517711,923683,241,4,'2024-04-24 21:14:02',241,'2024-04-24 21:14:24',2,4,4),(21517725,923683,241,4,'2024-04-24 21:15:25',358,'2024-04-24 21:52:05',2,5,4),(21517882,1133501,273,4,'2024-04-24 21:30:14',284,'2024-04-24 21:51:51',2,1,4),(21518165,233259,8,4,'2024-04-24 22:03:00',46,'2024-04-24 22:03:02',2,10,4),(21518809,1035430,253,4,'2024-04-25 00:01:49',183,'2024-04-25 00:17:09',1,2,4),(21520730,1148617,435,4,'2024-04-25 10:16:29',289,'2024-04-25 10:28:21',2,3,4),(21521071,1065585,368,4,'2024-04-25 10:50:00',368,'2024-04-25 10:50:21',1,7,4),(21521085,1065585,368,4,'2024-04-25 10:51:20',368,'2024-04-25 10:51:41',2,2,4),(21521087,1065585,368,4,'2024-04-25 10:51:50',368,'2024-04-25 10:52:12',2,5,4),(21521093,1065585,368,4,'2024-04-25 10:52:20',387,'2024-04-25 11:03:28',1,1,4),(21521309,915590,253,4,'2024-04-25 11:17:33',181,'2024-04-25 11:34:09',1,1,4),(21521905,755905,355,4,'2024-04-25 12:43:38',322,'2024-04-25 12:43:40',2,8,4),(21523993,808594,259,4,'2024-04-25 16:20:33',14,'2024-04-25 16:39:37',1,7,4),(21524148,12767,158,4,'2024-04-25 16:30:18',387,'2024-04-25 16:49:07',1,2,4),(21524758,1122137,466,4,'2024-04-25 17:05:30',118,'2024-04-25 17:15:15',1,6,4),(21525020,965549,4,4,'2024-04-25 17:21:05',433,'2024-04-25 17:50:44',2,9,4),(21525312,1133745,83,4,'2024-04-25 17:42:03',45,'2024-04-25 19:05:56',1,10,4),(21525750,864392,156,4,'2024-04-25 18:12:58',516,'2024-04-25 18:12:58',1,5,4),(21526505,915590,190,4,'2024-04-25 20:09:51',253,'2024-04-25 20:28:46',2,6,4),(21527196,729522,181,4,'2024-04-25 23:46:10',86,'2024-04-26 00:06:00',1,6,4),(21528173,1035430,291,4,'2024-04-26 07:02:09',117,'2024-04-26 07:08:00',1,2,4),(21528295,755905,322,4,'2024-04-26 07:24:07',435,'2024-04-26 07:29:19',2,7,4),(21529476,233259,36,4,'2024-04-26 11:09:16',36,'2024-04-26 11:11:17',2,5,4),(21529645,915590,17,4,'2024-04-26 11:38:20',181,'2024-04-26 11:47:30',2,4,4),(21530245,1148617,435,4,'2024-04-26 12:53:59',289,'2024-04-26 13:05:07',1,7,4),(21531701,1148617,64,4,'2024-04-26 16:05:25',216,'2024-04-26 16:16:37',2,2,4),(21533684,666040,32,4,'2024-04-26 18:29:26',93,'2024-04-26 18:50:33',1,2,4),(21533901,1148617,156,4,'2024-04-26 18:46:52',116,'2024-04-26 19:02:31',2,10,4),(21534699,915590,9,4,'2024-04-26 20:08:34',253,'2024-04-26 20:28:03',2,4,4),(21534992,851072,118,4,'2024-04-26 20:42:32',118,'2024-04-26 20:48:48',1,7,4),(21537365,755905,478,4,'2024-04-27 09:40:05',524,'2024-04-27 09:54:08',2,2,4),(21537606,755905,524,4,'2024-04-27 10:58:42',478,'2024-04-27 11:11:34',1,5,4),(21538781,1104765,104,4,'2024-04-27 15:47:37',418,'2024-04-27 16:07:19',1,5,4),(21538815,1050860,369,4,'2024-04-27 15:52:37',370,'2024-04-27 17:50:19',1,1,4),(21539265,1005084,458,4,'2024-04-27 17:01:08',458,'2024-04-27 17:30:48',2,1,4),(21539283,1104765,418,4,'2024-04-27 17:04:39',418,'2024-04-27 17:15:35',2,6,4),(21539483,1104765,418,4,'2024-04-27 17:32:39',104,'2024-04-27 18:17:05',1,8,4),(21539959,1076431,400,4,'2024-04-27 18:59:54',340,'2024-04-27 19:24:49',2,5,4),(21539981,1136325,175,4,'2024-04-27 19:04:34',172,'2024-04-27 19:34:45',1,7,4),(21540175,1136325,6,4,'2024-04-27 20:02:09',79,'2024-04-27 20:22:29',2,8,4),(21540384,851072,407,4,'2024-04-27 21:20:42',366,'2024-04-27 21:38:04',2,5,4),(21540485,851072,366,4,'2024-04-27 22:06:33',307,'2024-04-27 22:59:02',2,3,4),(21540754,877812,216,4,'2024-04-28 00:04:21',200,'2024-04-28 00:08:21',2,5,4),(21543431,1149845,128,4,'2024-04-28 15:46:31',98,'2024-04-28 16:14:15',1,3,4),(21544572,1025615,475,4,'2024-04-28 17:54:40',474,'2024-04-28 18:06:20',2,10,4),(21546210,697099,181,4,'2024-04-29 02:52:45',22,'2024-04-29 03:36:52',1,8,4),(21549510,915590,161,4,'2024-04-29 11:34:47',181,'2024-04-29 11:44:48',2,7,4),(21549616,755905,524,4,'2024-04-29 11:42:25',435,'2024-04-29 11:50:43',2,4,4),(21552357,1079388,216,4,'2024-04-29 15:07:26',216,'2024-04-29 15:07:48',2,8,4),(21552368,1079388,216,4,'2024-04-29 15:08:09',17,'2024-04-29 15:18:22',2,9,4),(21554474,1122137,466,4,'2024-04-29 17:06:01',118,'2024-04-29 17:21:13',1,3,4),(21555373,864392,242,4,'2024-04-29 17:48:48',242,'2024-04-29 17:49:14',1,1,4),(21555388,864392,242,4,'2024-04-29 17:49:36',516,'2024-04-29 17:58:25',1,7,4),(21555457,306187,4,4,'2024-04-29 17:52:33',76,'2024-04-29 18:07:53',1,8,4),(21556096,1071196,261,4,'2024-04-29 18:19:42',80,'2024-04-29 18:34:20',1,5,4),(21556903,1124894,269,4,'2024-04-29 19:03:33',468,'2024-04-29 19:48:07',2,8,4),(21557435,1133501,273,4,'2024-04-29 19:47:02',318,'2024-04-29 20:01:47',1,4,4),(21557508,871802,507,4,'2024-04-29 19:53:13',507,'2024-04-29 19:53:33',2,7,4),(21557517,871802,507,4,'2024-04-29 19:54:01',507,'2024-04-29 20:48:23',2,3,4),(21557698,1122137,466,4,'2024-04-29 20:11:21',466,'2024-04-29 20:43:15',1,10,4),(21557861,915590,122,4,'2024-04-29 20:24:46',253,'2024-04-29 20:37:43',1,9,4),(21558238,923683,385,4,'2024-04-29 21:02:04',426,'2024-04-29 21:47:12',2,10,4),(21558370,1133501,318,4,'2024-04-29 21:16:21',284,'2024-04-29 21:48:46',2,4,4),(21561063,858252,278,4,'2024-04-30 08:30:43',322,'2024-04-30 08:43:18',1,3,4),(21561691,915590,253,4,'2024-04-30 10:40:23',181,'2024-04-30 11:00:54',2,9,4),(21562383,755905,435,4,'2024-04-30 12:47:37',322,'2024-04-30 12:54:12',2,7,4),(21562748,755905,322,4,'2024-04-30 13:30:35',355,'2024-04-30 13:40:03',2,3,4),(21563738,220681,348,4,'2024-04-30 15:09:08',375,'2024-04-30 15:22:01',1,6,4),(21564006,1122137,118,4,'2024-04-30 15:30:42',186,'2024-04-30 15:36:00',2,1,4),(21565241,858252,187,4,'2024-04-30 16:55:53',278,'2024-04-30 17:09:44',2,10,4),(21565889,755905,322,4,'2024-04-30 17:31:56',435,'2024-04-30 17:36:31',1,8,4),(21566339,864392,242,4,'2024-04-30 18:00:18',516,'2024-04-30 18:08:50',1,7,4),(21567398,1124894,269,4,'2024-04-30 19:07:45',253,'2024-04-30 19:51:27',1,2,4),(21567762,915590,190,4,'2024-04-30 19:39:44',253,'2024-04-30 19:58:02',2,1,4),(21567892,1133501,273,4,'2024-04-30 19:52:06',284,'2024-04-30 20:14:55',2,6,4),(21568631,1148617,156,4,'2024-04-30 21:03:08',64,'2024-04-30 21:18:30',2,4,4),(21568749,1058741,5,4,'2024-04-30 21:15:53',516,'2024-04-30 21:24:40',2,6,4),(21569931,679929,355,5,'2024-05-01 00:38:03',323,'2024-05-01 00:45:03',2,4,5),(21571635,1150893,38,5,'2024-05-01 11:59:35',38,'2024-05-01 11:59:56',1,1,5),(21571664,1150893,38,5,'2024-05-01 12:03:43',38,'2024-05-01 14:49:58',2,2,5),(21571805,989293,121,5,'2024-05-01 12:39:52',54,'2024-05-01 12:45:34',2,4,5),(21572289,1117170,7,5,'2024-05-01 14:41:37',8,'2024-05-01 14:55:05',2,4,5),(21573125,851072,14,5,'2024-05-01 17:20:30',490,'2024-05-01 18:18:24',1,8,5),(21573874,851072,490,5,'2024-05-01 20:11:57',289,'2024-05-01 21:09:57',2,1,5),(21576213,755905,478,5,'2024-05-02 09:06:35',435,'2024-05-02 09:24:05',2,6,5),(21578018,915590,17,5,'2024-05-02 11:44:14',181,'2024-05-02 11:53:31',1,5,5),(21580099,826082,132,5,'2024-05-02 13:50:08',132,'2024-05-02 14:04:58',1,4,5),(21580966,1065585,387,5,'2024-05-02 14:51:31',74,'2024-05-02 15:12:49',2,9,5),(21581605,94456,227,5,'2024-05-02 15:33:42',99,'2024-05-02 15:47:45',2,1,5),(21582848,826082,63,5,'2024-05-02 16:38:14',202,'2024-05-02 16:52:47',2,2,5),(21582898,94456,99,5,'2024-05-02 16:40:21',227,'2024-05-02 16:53:07',1,1,5),(21583463,1122137,13,5,'2024-05-02 17:06:53',13,'2024-05-02 17:07:15',1,4,5),(21583475,1122137,13,5,'2024-05-02 17:07:27',186,'2024-05-02 17:07:29',1,7,5),(21583708,1059617,131,5,'2024-05-02 17:16:05',131,'2024-05-02 17:16:27',1,2,5),(21583726,1059617,131,5,'2024-05-02 17:16:57',131,'2024-05-02 17:18:14',1,5,5),(21585163,666040,7,5,'2024-05-02 18:25:02',183,'2024-05-02 18:35:32',2,5,5),(21585823,1124894,269,5,'2024-05-02 19:07:17',158,'2024-05-02 19:25:31',2,2,5),(21586158,826082,202,5,'2024-05-02 19:37:29',130,'2024-05-02 19:47:28',1,6,5),(21586639,915590,25,5,'2024-05-02 20:20:03',253,'2024-05-02 20:34:06',2,2,5),(21587249,864392,517,5,'2024-05-02 21:35:16',56,'2024-05-02 21:44:24',2,6,5),(21589230,12767,161,5,'2024-05-03 07:13:23',69,'2024-05-03 07:32:42',1,9,5),(21589303,74516,135,5,'2024-05-03 07:20:57',60,'2024-05-03 07:29:31',2,4,5),(21589591,12767,69,5,'2024-05-03 07:48:07',213,'2024-05-03 08:20:13',2,8,5),(21590217,12767,387,5,'2024-05-03 08:42:54',158,'2024-05-03 09:00:50',1,5,5),(21593388,1020100,69,5,'2024-05-03 12:41:33',96,'2024-05-03 12:52:21',2,1,5),(21593461,1065585,335,5,'2024-05-03 12:45:22',330,'2024-05-03 13:03:10',1,3,5),(21593886,1136325,6,5,'2024-05-03 13:10:56',79,'2024-05-03 13:39:31',2,9,5),(21594678,1136325,111,5,'2024-05-03 14:02:02',175,'2024-05-03 14:34:47',2,9,5),(21596430,946252,403,5,'2024-05-03 15:56:38',41,'2024-05-03 16:06:05',2,10,5),(21599400,946252,41,5,'2024-05-03 18:41:58',403,'2024-05-03 18:52:49',1,7,5),(21600154,666040,93,5,'2024-05-03 19:43:13',93,'2024-05-03 20:08:45',2,1,5),(21600242,1133501,273,5,'2024-05-03 19:52:01',491,'2024-05-03 19:58:35',1,7,5),(21600385,915590,9,5,'2024-05-03 20:05:45',253,'2024-05-03 20:26:29',1,7,5),(21603880,747541,22,5,'2024-05-04 14:40:27',22,'2024-05-04 14:40:49',2,6,5),(21603886,747541,22,5,'2024-05-04 14:41:22',22,'2024-05-04 14:41:43',2,10,5),(21603890,747541,50,5,'2024-05-04 14:43:05',200,'2024-05-04 15:50:01',2,1,5),(21605740,1152266,5,5,'2024-05-04 20:08:54',515,'2024-05-04 20:47:29',2,7,5),(21611476,1065585,387,5,'2024-05-06 08:41:59',368,'2024-05-06 08:52:11',2,4,5),(21612227,915590,253,5,'2024-05-06 09:54:47',186,'2024-05-06 10:01:55',2,9,5),(21613241,915590,186,5,'2024-05-06 11:21:26',181,'2024-05-06 11:36:37',2,3,5),(21614818,965549,132,5,'2024-05-06 13:33:04',433,'2024-05-06 13:53:51',1,1,5),(21616844,747541,200,5,'2024-05-06 15:48:18',200,'2024-05-06 16:40:19',1,2,5),(21618097,1122137,466,5,'2024-05-06 17:03:10',118,'2024-05-06 17:13:49',1,7,5),(21619708,864392,242,5,'2024-05-06 18:18:24',516,'2024-05-06 18:26:36',1,8,5),(21620443,233259,117,5,'2024-05-06 19:05:21',46,'2024-05-06 19:36:46',2,8,5),(21620983,1133501,273,5,'2024-05-06 19:57:47',284,'2024-05-06 20:18:20',1,5,5),(21621103,915590,9,5,'2024-05-06 20:09:26',253,'2024-05-06 20:27:19',1,8,5),(21621307,12767,54,5,'2024-05-06 20:32:41',101,'2024-05-06 20:48:33',1,3,5),(21626424,915590,253,5,'2024-05-07 11:24:24',181,'2024-05-07 11:39:18',2,10,5),(21626978,1148617,435,5,'2024-05-07 12:06:22',426,'2024-05-07 12:16:03',1,6,5),(21627284,1122137,118,5,'2024-05-07 12:28:55',13,'2024-05-07 12:37:06',1,8,5),(21627644,1035430,59,5,'2024-05-07 12:52:06',32,'2024-05-07 13:01:05',1,1,5),(21627768,1133501,530,5,'2024-05-07 13:00:22',273,'2024-05-07 13:11:34',1,10,5),(21631283,4143,491,5,'2024-05-07 16:35:56',213,'2024-05-07 16:55:47',1,4,5),(21631541,826082,63,5,'2024-05-07 16:52:02',202,'2024-05-07 17:29:50',2,8,5),(21631828,1122137,466,5,'2024-05-07 17:06:44',118,'2024-05-07 17:16:22',1,2,5),(21632719,864392,242,5,'2024-05-07 17:53:25',516,'2024-05-07 18:02:49',1,3,5),(21633431,1121908,449,5,'2024-05-07 18:28:49',330,'2024-05-07 18:47:53',2,10,5),(21634104,1121908,330,5,'2024-05-07 19:10:38',299,'2024-05-07 19:37:08',1,7,5),(21634293,826082,202,5,'2024-05-07 19:25:23',130,'2024-05-07 19:35:44',1,1,5),(21634755,915590,9,5,'2024-05-07 20:08:47',253,'2024-05-07 20:29:37',2,8,5),(21634783,1133501,273,5,'2024-05-07 20:10:14',284,'2024-05-07 20:29:22',1,6,5),(21635130,871802,507,5,'2024-05-07 20:41:28',327,'2024-05-07 21:19:48',2,6,5),(21638001,318881,275,5,'2024-05-08 07:42:16',521,'2024-05-08 08:06:11',1,3,5),(21640648,915590,17,5,'2024-05-08 11:02:59',181,'2024-05-08 11:12:57',1,3,5),(21644172,965549,537,5,'2024-05-08 15:32:11',58,'2024-05-08 15:51:42',1,9,5),(21644926,1020100,165,5,'2024-05-08 16:14:40',50,'2024-05-08 16:29:39',2,5,5),(21645000,1021907,130,5,'2024-05-08 16:18:29',130,'2024-05-08 16:48:41',1,1,5),(21645780,965549,3,5,'2024-05-08 16:56:36',6,'2024-05-08 17:09:22',2,9,5),(21646859,989293,33,5,'2024-05-08 17:49:58',468,'2024-05-08 17:58:26',1,4,5),(21648189,864392,242,5,'2024-05-08 19:02:33',516,'2024-05-08 19:11:01',1,7,5),(21648408,299264,453,5,'2024-05-08 19:18:59',254,'2024-05-08 20:04:16',2,3,5),(21649078,915590,200,5,'2024-05-08 20:22:14',253,'2024-05-08 20:42:04',1,1,5),(21649571,299264,254,5,'2024-05-08 21:18:32',453,'2024-05-08 21:53:02',1,6,5),(21650412,695691,318,5,'2024-05-09 00:05:41',367,'2024-05-09 00:25:32',1,3,5),(21650536,1153830,342,5,'2024-05-09 00:29:37',493,'2024-05-09 00:50:13',1,2,5),(21650559,864392,215,5,'2024-05-09 00:32:52',517,'2024-05-09 00:39:37',1,2,5),(21654300,1146557,121,5,'2024-05-09 11:19:45',248,'2024-05-09 11:57:01',1,6,5),(21654375,915590,161,5,'2024-05-09 11:27:19',25,'2024-05-09 11:42:21',2,8,5),(21657310,12767,50,5,'2024-05-09 14:39:06',50,'2024-05-09 14:39:28',1,8,5),(21657317,12767,50,5,'2024-05-09 14:39:40',50,'2024-05-09 14:40:02',1,7,5),(21657327,12767,387,5,'2024-05-09 14:40:16',158,'2024-05-09 14:57:03',1,5,5),(21657441,162663,484,5,'2024-05-09 14:46:31',361,'2024-05-09 15:03:53',2,9,5),(21660440,864392,156,5,'2024-05-09 17:15:19',516,'2024-05-09 17:20:27',2,2,5),(21663345,915590,193,5,'2024-05-09 19:37:45',162,'2024-05-09 19:50:04',1,4,5),(21663676,808594,13,5,'2024-05-09 20:02:23',8,'2024-05-09 20:13:47',1,8,5),(21664031,1035430,183,5,'2024-05-09 20:28:07',27,'2024-05-09 20:40:26',1,5,5),(21664860,979114,150,5,'2024-05-09 21:44:45',152,'2024-05-09 22:09:31',1,4,5),(21666086,1035430,122,5,'2024-05-10 01:27:11',183,'2024-05-10 01:55:56',1,3,5),(21668542,1148617,289,5,'2024-05-10 09:35:40',489,'2024-05-10 09:44:17',1,6,5),(21670286,915590,54,5,'2024-05-10 11:40:05',181,'2024-05-10 11:48:18',1,3,5),(21671479,1148617,435,5,'2024-05-10 12:53:51',289,'2024-05-10 13:05:59',2,7,5),(21673836,946252,403,5,'2024-05-10 15:22:55',41,'2024-05-10 15:31:10',2,2,5),(21676290,1136325,175,5,'2024-05-10 17:36:06',175,'2024-05-10 17:36:06',2,10,5),(21676328,1136325,175,5,'2024-05-10 17:37:25',172,'2024-05-10 17:49:18',2,4,5),(21678335,946252,41,5,'2024-05-10 19:49:50',403,'2024-05-10 19:59:40',1,6,5),(21678355,1133501,273,5,'2024-05-10 19:51:40',261,'2024-05-10 20:02:42',1,2,5),(21678632,915590,200,5,'2024-05-10 20:16:34',253,'2024-05-10 20:34:28',1,9,5),(21679266,877812,216,5,'2024-05-10 21:33:12',193,'2024-05-10 21:37:52',2,6,5),(21680112,1155507,515,5,'2024-05-11 00:13:01',210,'2024-05-11 00:57:12',2,10,5),(21684644,1152266,202,5,'2024-05-11 19:27:00',202,'2024-05-11 19:38:04',1,3,5),(21684914,1152266,166,5,'2024-05-11 20:51:12',202,'2024-05-11 21:18:50',2,6,5),(21684976,989293,131,5,'2024-05-11 21:11:12',144,'2024-05-11 21:20:30',2,2,5),(21691247,1065585,368,5,'2024-05-13 10:52:43',387,'2024-05-13 11:02:57',2,3,5),(21691400,915590,253,5,'2024-05-13 11:11:57',54,'2024-05-13 11:11:59',1,8,5),(21692228,318881,252,5,'2024-05-13 12:31:01',252,'2024-05-13 12:31:22',2,7,5),(21692264,318881,387,5,'2024-05-13 12:32:59',275,'2024-05-13 12:57:07',2,2,5),(21693200,965549,4,5,'2024-05-13 13:44:07',126,'2024-05-13 14:06:45',2,5,5),(21694839,1156102,219,5,'2024-05-13 15:53:22',93,'2024-05-13 16:21:05',1,1,5),(21696519,1051817,407,5,'2024-05-13 17:31:21',374,'2024-05-13 17:36:12',1,8,5),(21696814,157730,175,5,'2024-05-13 17:48:26',60,'2024-05-13 18:27:19',2,3,5),(21697098,864392,242,5,'2024-05-13 18:04:18',516,'2024-05-13 18:13:35',2,5,5),(21698336,851072,183,5,'2024-05-13 19:34:37',477,'2024-05-13 19:57:10',2,3,5),(21701427,673248,418,5,'2024-05-14 07:50:55',527,'2024-05-14 07:56:07',1,10,5),(21702941,1106224,168,5,'2024-05-14 09:55:46',57,'2024-05-14 10:02:36',1,4,5),(21705570,1156102,91,5,'2024-05-14 13:15:06',175,'2024-05-14 13:31:53',2,7,5),(21707733,946252,403,5,'2024-05-14 15:47:26',41,'2024-05-14 15:54:41',2,1,5),(21709323,820699,75,5,'2024-05-14 17:19:29',144,'2024-05-14 17:32:52',1,2,5),(21710254,864392,242,5,'2024-05-14 18:07:51',516,'2024-05-14 18:17:31',2,2,5),(21710706,820699,163,5,'2024-05-14 18:31:17',75,'2024-05-14 18:37:42',2,2,5),(21710863,851072,227,5,'2024-05-14 18:40:02',204,'2024-05-14 18:52:53',1,6,5),(21711327,851072,204,5,'2024-05-14 19:13:08',425,'2024-05-14 19:51:41',2,10,5),(21711824,679929,515,5,'2024-05-14 20:00:46',323,'2024-05-14 20:22:10',1,3,5),(21711883,915590,9,5,'2024-05-14 20:05:42',253,'2024-05-14 20:23:55',1,8,5),(21715175,946252,403,5,'2024-05-15 08:12:25',477,'2024-05-15 08:17:47',1,7,5),(21716155,1106224,175,5,'2024-05-15 09:35:39',57,'2024-05-15 09:48:12',2,2,5),(21718145,965549,4,5,'2024-05-15 12:55:09',433,'2024-05-15 13:19:58',1,7,5),(21718650,1156102,93,5,'2024-05-15 13:30:40',131,'2024-05-15 13:54:15',2,1,5),(21718945,1156636,515,5,'2024-05-15 13:51:00',515,'2024-05-15 13:51:21',2,9,5),(21718958,1156636,515,5,'2024-05-15 13:51:47',515,'2024-05-15 14:11:35',2,8,5),(21719917,94456,204,5,'2024-05-15 14:58:11',204,'2024-05-15 15:27:18',2,8,5),(21720295,1156710,373,5,'2024-05-15 15:23:56',104,'2024-05-15 16:05:10',2,5,5),(21722079,1112433,453,5,'2024-05-15 17:04:04',148,'2024-05-15 17:16:02',1,5,5),(21722452,1148617,216,5,'2024-05-15 17:22:02',216,'2024-05-15 17:24:18',1,7,5),(21723025,864392,242,5,'2024-05-15 17:49:31',193,'2024-05-15 18:02:05',2,5,5),(21723731,864392,9,5,'2024-05-15 18:24:45',517,'2024-05-15 18:38:32',1,3,5),(21723895,946252,41,5,'2024-05-15 18:31:25',403,'2024-05-15 18:41:59',2,8,5),(21724043,880658,12,5,'2024-05-15 18:38:09',156,'2024-05-15 19:17:08',1,6,5),(21724127,1011501,486,5,'2024-05-15 18:42:48',68,'2024-05-15 18:56:40',1,9,5),(21724841,880658,515,5,'2024-05-15 19:36:40',22,'2024-05-15 20:08:15',1,7,5),(21725270,915590,190,5,'2024-05-15 20:12:11',162,'2024-05-15 20:32:07',2,7,5),(21725576,1058741,5,5,'2024-05-15 20:43:37',516,'2024-05-15 20:52:43',2,3,5),(21725941,1058741,222,5,'2024-05-15 21:23:56',5,'2024-05-15 21:30:12',2,3,5),(21726733,673248,433,5,'2024-05-15 23:27:18',527,'2024-05-16 00:13:31',1,4,5),(21728029,1148617,289,5,'2024-05-16 07:09:30',489,'2024-05-16 07:18:52',2,1,5),(21728231,74516,135,5,'2024-05-16 07:33:17',60,'2024-05-16 07:40:19',1,1,5),(21728954,946252,403,5,'2024-05-16 08:29:47',477,'2024-05-16 08:35:51',2,8,5),(21729767,1100181,368,5,'2024-05-16 09:21:22',449,'2024-05-16 10:31:22',1,3,5),(21730289,1106224,291,5,'2024-05-16 09:57:47',57,'2024-05-16 10:05:06',1,6,5),(21730377,1148617,435,5,'2024-05-16 10:04:37',289,'2024-05-16 10:16:20',1,8,5),(21730791,1065585,368,5,'2024-05-16 10:32:59',330,'2024-05-16 10:41:01',2,9,5),(21732297,1122137,118,5,'2024-05-16 12:30:39',13,'2024-05-16 12:38:22',1,2,5),(21734025,1141524,190,5,'2024-05-16 14:04:40',96,'2024-05-16 14:26:09',2,7,5),(21736308,946252,41,5,'2024-05-16 16:33:31',403,'2024-05-16 16:42:53',2,4,5),(21736514,862550,517,5,'2024-05-16 16:45:04',14,'2024-05-16 17:41:28',1,5,5),(21738185,915590,200,5,'2024-05-16 18:07:12',6,'2024-05-16 18:44:23',2,4,5),(21738274,864392,156,5,'2024-05-16 18:10:09',516,'2024-05-16 18:19:10',1,7,5),(21738356,1141524,96,5,'2024-05-16 18:13:36',255,'2024-05-16 18:42:24',2,8,5),(21738624,912583,137,5,'2024-05-16 18:25:04',444,'2024-05-16 18:31:10',2,3,5),(21739190,18475,220,5,'2024-05-16 18:57:34',458,'2024-05-16 19:06:45',2,7,5),(21740456,12767,54,5,'2024-05-16 20:57:40',101,'2024-05-16 21:15:04',1,5,5),(21742498,1142312,66,5,'2024-05-17 06:41:25',54,'2024-05-17 06:50:05',2,4,5),(21742797,74516,135,5,'2024-05-17 07:23:56',60,'2024-05-17 07:31:19',2,1,5),(21744500,1106224,175,5,'2024-05-17 09:41:50',57,'2024-05-17 09:54:30',1,10,5),(21746045,915590,492,5,'2024-05-17 11:28:50',181,'2024-05-17 11:40:39',2,9,5),(21746357,1157254,79,5,'2024-05-17 11:49:07',79,'2024-05-17 12:28:38',1,3,5),(21746966,1122137,118,5,'2024-05-17 12:31:30',253,'2024-05-17 12:47:58',2,1,5),(21748280,1088550,29,5,'2024-05-17 13:56:42',194,'2024-05-17 14:08:43',2,3,5),(21748388,1021907,2,5,'2024-05-17 14:05:19',111,'2024-05-17 14:27:06',2,10,5),(21748981,1021907,353,5,'2024-05-17 14:46:05',353,'2024-05-17 15:28:58',2,3,5),(21749494,703593,152,5,'2024-05-17 15:18:53',152,'2024-05-17 17:35:24',2,1,5),(21749569,864392,71,5,'2024-05-17 15:24:06',144,'2024-05-17 15:38:47',2,2,5),(21749604,94456,227,5,'2024-05-17 15:27:22',56,'2024-05-17 15:45:50',1,10,5),(21750106,1021907,353,5,'2024-05-17 15:59:40',130,'2024-05-17 16:17:01',1,8,5),(21751332,1148824,13,5,'2024-05-17 17:08:10',530,'2024-05-17 17:40:50',1,1,5),(21751768,1051817,407,5,'2024-05-17 17:32:22',374,'2024-05-17 17:39:01',2,8,5),(21752483,703593,152,5,'2024-05-17 18:13:38',152,'2024-05-17 18:14:00',1,4,5),(21752507,703593,152,5,'2024-05-17 18:14:27',196,'2024-05-17 18:55:52',2,8,5),(21752700,912583,137,5,'2024-05-17 18:25:24',32,'2024-05-17 18:35:59',1,7,5),(21753152,18475,220,5,'2024-05-17 18:55:59',458,'2024-05-17 19:04:17',1,7,5),(21753890,915590,200,5,'2024-05-17 20:09:41',253,'2024-05-17 20:27:51',1,9,5),(21754303,1031743,12,5,'2024-05-17 20:59:36',12,'2024-05-17 20:59:56',1,6,5),(21754307,1031743,12,5,'2024-05-17 21:00:30',12,'2024-05-17 22:18:17',2,1,5),(21755484,877812,166,5,'2024-05-18 01:12:26',166,'2024-05-18 01:12:48',1,9,5),(21755488,877812,166,5,'2024-05-18 01:13:15',193,'2024-05-18 01:22:41',2,5,5),(21756581,1050860,267,5,'2024-05-18 11:04:11',267,'2024-05-18 11:23:24',2,7,5),(21757409,1156636,515,5,'2024-05-18 14:31:09',22,'2024-05-18 16:06:47',1,9,5),(21758275,989293,116,5,'2024-05-18 17:07:13',82,'2024-05-18 17:26:44',2,9,5),(21758399,1156636,22,5,'2024-05-18 17:30:21',128,'2024-05-18 18:01:31',1,3,5),(21758798,1136325,14,5,'2024-05-18 18:46:12',260,'2024-05-18 19:12:55',1,10,5),(21759086,299264,322,5,'2024-05-18 20:05:02',96,'2024-05-18 21:04:23',1,5,5),(21759254,1136325,245,5,'2024-05-18 20:44:26',289,'2024-05-18 21:01:41',1,2,5),(21763069,1152266,2,5,'2024-05-19 18:51:17',242,'2024-05-19 19:21:48',2,3,5),(21764827,74516,135,5,'2024-05-20 07:37:41',60,'2024-05-20 07:43:51',2,4,5),(21765338,946252,403,5,'2024-05-20 08:23:35',477,'2024-05-20 08:29:49',2,1,5),(21765831,94456,227,5,'2024-05-20 08:59:42',206,'2024-05-20 09:24:10',2,4,5),(21767486,915590,186,5,'2024-05-20 11:17:30',181,'2024-05-20 11:35:06',2,1,5),(21768241,318881,521,5,'2024-05-20 12:27:38',275,'2024-05-20 12:55:40',1,10,5),(21768255,1122137,118,5,'2024-05-20 12:29:03',13,'2024-05-20 12:35:14',1,10,5),(21769444,166754,124,5,'2024-05-20 13:54:21',9,'2024-05-20 13:59:28',1,10,5),(21770470,166754,9,5,'2024-05-20 15:07:47',156,'2024-05-20 15:14:39',1,9,5),(21771506,94456,440,5,'2024-05-20 16:14:18',70,'2024-05-20 16:23:12',1,5,5),(21772045,94456,212,5,'2024-05-20 16:45:08',227,'2024-05-20 16:55:34',1,2,5),(21773911,864392,242,5,'2024-05-20 18:13:01',517,'2024-05-20 18:23:08',1,1,5),(21774206,946252,41,5,'2024-05-20 18:27:55',403,'2024-05-20 18:36:41',2,4,5),(21775612,915590,9,5,'2024-05-20 20:05:17',253,'2024-05-20 20:22:57',2,6,5),(21775997,871802,507,5,'2024-05-20 20:41:06',507,'2024-05-20 21:43:06',2,5,5),(21778507,1158497,263,5,'2024-05-21 07:19:25',254,'2024-05-21 11:09:51',1,1,5),(21778871,74516,135,5,'2024-05-21 07:47:27',128,'2024-05-21 07:58:01',2,9,5),(21780522,1106224,291,5,'2024-05-21 09:34:17',57,'2024-05-21 09:41:53',2,6,5),(21782134,915590,253,5,'2024-05-21 11:26:14',181,'2024-05-21 11:40:30',1,10,5),(21783040,94456,74,5,'2024-05-21 12:20:58',534,'2024-05-21 12:42:01',1,7,5),(21783147,1122137,118,5,'2024-05-21 12:30:21',13,'2024-05-21 12:38:32',1,7,5),(21786371,946252,70,5,'2024-05-21 16:06:32',25,'2024-05-21 16:14:05',1,6,5),(21787923,864392,252,5,'2024-05-21 17:23:53',33,'2024-05-21 17:55:22',1,6,5),(21788333,18475,220,5,'2024-05-21 17:44:37',41,'2024-05-21 17:57:47',2,9,5),(21788500,1133745,6,5,'2024-05-21 17:53:26',6,'2024-05-21 18:26:18',2,6,5),(21789017,912583,137,5,'2024-05-21 18:16:39',32,'2024-05-21 18:24:18',2,2,5),(21789682,1158497,512,5,'2024-05-21 18:51:33',488,'2024-05-21 19:09:43',2,2,5),(21790625,915590,9,5,'2024-05-21 20:05:49',9,'2024-05-21 20:06:22',1,4,5),(21790643,915590,9,5,'2024-05-21 20:06:47',253,'2024-05-21 20:26:43',2,7,5),(21790677,1158533,69,5,'2024-05-21 20:08:41',69,'2024-05-21 20:10:48',2,10,5),(21791034,1158497,488,5,'2024-05-21 20:39:37',235,'2024-05-21 20:50:10',2,10,5),(21794037,581423,190,5,'2024-05-22 08:02:18',116,'2024-05-22 08:11:16',1,10,5),(21794326,946252,403,5,'2024-05-22 08:25:40',477,'2024-05-22 08:30:46',1,2,5),(21795189,1106224,291,5,'2024-05-22 09:31:54',57,'2024-05-22 09:37:54',1,6,5),(21796332,915590,253,5,'2024-05-22 11:12:02',181,'2024-05-22 11:28:07',2,2,5),(21797899,820699,432,5,'2024-05-22 13:21:06',253,'2024-05-22 13:34:14',2,7,5),(21798913,820699,253,5,'2024-05-22 14:30:44',87,'2024-05-22 14:39:41',1,4,5),(21800077,318881,521,5,'2024-05-22 15:45:45',537,'2024-05-22 16:03:28',1,5,5),(21801879,1145173,4,5,'2024-05-22 17:18:53',2,'2024-05-22 17:39:35',2,1,5),(21802214,1159053,66,5,'2024-05-22 17:34:25',56,'2024-05-22 17:34:25',2,8,5),(21802442,946252,41,5,'2024-05-22 17:45:28',403,'2024-05-22 17:52:55',1,5,5),(21802472,864392,156,5,'2024-05-22 17:47:08',516,'2024-05-22 17:53:16',2,2,5),(21803145,306187,60,5,'2024-05-22 18:19:18',167,'2024-05-22 18:56:17',2,8,5),(21804659,915590,9,5,'2024-05-22 20:06:18',199,'2024-05-22 20:27:18',2,4,5),(21808473,946252,403,5,'2024-05-23 08:32:45',477,'2024-05-23 08:39:14',2,5,5),(21808778,673248,229,5,'2024-05-23 08:49:31',502,'2024-05-23 09:17:07',1,1,5),(21809590,1106224,168,5,'2024-05-23 09:45:23',57,'2024-05-23 09:53:47',2,8,5),(21811168,1065585,335,5,'2024-05-23 11:45:37',387,'2024-05-23 11:58:43',1,3,5),(21813646,760203,253,5,'2024-05-23 14:58:45',219,'2024-05-23 15:09:28',2,2,5),(21813910,1159053,516,5,'2024-05-23 15:17:32',289,'2024-05-23 15:46:01',1,10,5),(21814861,946252,41,5,'2024-05-23 16:20:46',41,'2024-05-23 16:21:04',1,1,5),(21814879,946252,41,5,'2024-05-23 16:21:31',424,'2024-05-23 16:25:45',1,8,5),(21815467,1133745,302,5,'2024-05-23 16:54:33',302,'2024-05-23 17:13:11',2,5,5),(21816149,1145173,4,5,'2024-05-23 17:27:58',130,'2024-05-23 17:57:45',1,2,5),(21817151,912583,137,5,'2024-05-23 18:23:02',444,'2024-05-23 18:29:51',1,3,5),(21817672,864392,242,5,'2024-05-23 18:54:33',516,'2024-05-23 19:03:18',1,3,5),(21818196,306187,414,5,'2024-05-23 19:38:34',273,'2024-05-23 19:43:25',2,4,5),(21818682,915590,131,5,'2024-05-23 20:27:59',75,'2024-05-23 20:36:15',1,10,5),(21822610,1106224,175,5,'2024-05-24 09:38:48',57,'2024-05-24 09:51:31',1,5,5),(21823379,923683,358,5,'2024-05-24 10:35:17',474,'2024-05-24 11:23:14',1,8,5),(21823412,1065585,368,5,'2024-05-24 10:37:49',387,'2024-05-24 10:47:19',2,3,5),(21823950,915590,253,5,'2024-05-24 11:17:13',181,'2024-05-24 11:35:24',1,4,5),(21824638,4143,54,5,'2024-05-24 12:13:14',50,'2024-05-24 12:29:58',1,1,5),(21825294,18475,183,5,'2024-05-24 13:02:51',254,'2024-05-24 13:27:46',1,10,5),(21828077,946252,41,5,'2024-05-24 16:18:00',403,'2024-05-24 16:24:49',2,10,5),(21829007,1145173,4,5,'2024-05-24 17:08:52',130,'2024-05-24 17:25:43',2,2,5),(21829327,747541,200,5,'2024-05-24 17:24:57',466,'2024-05-24 17:45:24',1,5,5),(21830162,912583,137,5,'2024-05-24 18:13:43',32,'2024-05-24 18:23:45',2,1,5),(21831392,915590,9,5,'2024-05-24 20:05:00',253,'2024-05-24 20:21:18',1,1,5),(21832336,653260,121,5,'2024-05-24 22:39:18',121,'2024-05-24 23:40:06',2,7,5),(21835683,1158497,255,5,'2024-05-26 14:33:01',263,'2024-05-26 14:38:44',1,5,5),(21839357,1106224,175,5,'2024-05-27 09:34:24',57,'2024-05-27 09:45:46',2,3,5),(21839972,1065585,368,5,'2024-05-27 10:41:18',387,'2024-05-27 10:49:39',1,1,5),(21840198,353310,322,5,'2024-05-27 11:01:20',236,'2024-05-27 11:07:44',1,8,5),(21840308,915590,253,5,'2024-05-27 11:07:46',181,'2024-05-27 11:24:26',2,8,5),(21844398,1122137,13,5,'2024-05-27 17:12:35',118,'2024-05-27 17:18:37',1,9,5),(21845402,864392,242,5,'2024-05-27 18:12:19',516,'2024-05-27 18:20:56',1,4,5),(21846467,915590,9,5,'2024-05-27 19:41:53',253,'2024-05-27 19:59:09',2,3,5),(21849033,673248,102,5,'2024-05-28 07:49:35',527,'2024-05-28 07:55:35',1,5,5),(21849474,581423,190,5,'2024-05-28 08:27:44',116,'2024-05-28 08:37:14',1,4,5),(21849502,946252,403,5,'2024-05-28 08:30:22',477,'2024-05-28 08:35:40',1,8,5),(21850347,1106224,168,5,'2024-05-28 09:33:00',168,'2024-05-28 09:33:27',2,7,5),(21850356,1106224,168,5,'2024-05-28 09:33:40',57,'2024-05-28 09:40:03',1,2,5),(21851624,915590,253,5,'2024-05-28 11:22:17',181,'2024-05-28 11:38:57',2,10,5),(21852479,1122137,118,5,'2024-05-28 12:26:42',13,'2024-05-28 12:34:41',2,2,5),(21853608,18475,220,5,'2024-05-28 13:45:53',254,'2024-05-28 14:00:41',2,9,5),(21854048,18475,254,5,'2024-05-28 14:16:15',220,'2024-05-28 14:28:18',2,7,5),(21857113,1160409,43,5,'2024-05-28 17:13:38',379,'2024-05-28 17:46:11',2,2,5),(21858702,912583,137,5,'2024-05-28 18:27:15',32,'2024-05-28 18:35:01',1,3,5),(21859910,581423,116,5,'2024-05-28 19:59:16',190,'2024-05-28 20:05:21',2,5,5),(21859994,915590,9,5,'2024-05-28 20:07:17',253,'2024-05-28 20:26:03',1,4,5),(21860365,989293,216,5,'2024-05-28 20:41:25',121,'2024-05-28 20:58:44',2,8,5),(21860722,571134,516,5,'2024-05-28 21:24:41',182,'2024-05-28 21:36:07',1,8,5),(21862898,74516,135,5,'2024-05-29 07:23:13',4,'2024-05-29 07:32:01',1,4,5),(21863732,946252,403,5,'2024-05-29 08:32:32',41,'2024-05-29 08:44:34',1,5,5),(21864507,1106224,291,5,'2024-05-29 09:36:14',57,'2024-05-29 09:43:51',1,2,5),(21865360,18475,73,5,'2024-05-29 10:53:17',220,'2024-05-29 11:18:09',1,1,5),(21865886,915590,186,5,'2024-05-29 11:35:56',181,'2024-05-29 11:49:56',1,9,5),(21866003,18475,220,5,'2024-05-29 11:46:29',254,'2024-05-29 12:04:05',2,3,5),(21866580,1122137,118,5,'2024-05-29 12:28:43',163,'2024-05-29 12:37:13',2,8,5),(21867151,1156102,91,5,'2024-05-29 13:09:30',131,'2024-05-29 13:22:22',1,3,5),(21867465,729378,281,5,'2024-05-29 13:30:19',426,'2024-05-29 14:33:06',2,4,5),(21868656,877812,291,5,'2024-05-29 14:57:45',135,'2024-05-29 15:10:38',2,1,5),(21870220,965549,4,5,'2024-05-29 16:30:19',126,'2024-05-29 16:55:16',1,9,5),(21872107,864392,156,5,'2024-05-29 18:04:35',516,'2024-05-29 18:10:48',1,2,5),(21873904,915590,9,5,'2024-05-29 20:05:41',6,'2024-05-29 20:51:21',2,3,5),(21875636,851072,432,5,'2024-05-29 23:58:21',307,'2024-05-30 00:18:41',1,10,5),(21877696,946252,403,5,'2024-05-30 08:29:41',477,'2024-05-30 08:29:43',2,9,5),(21879849,1158533,175,5,'2024-05-30 11:22:16',69,'2024-05-30 11:51:18',2,10,5),(21879951,915590,186,5,'2024-05-30 11:29:18',181,'2024-05-30 11:44:15',1,4,5),(21884720,233259,117,5,'2024-05-30 16:40:12',79,'2024-05-30 16:56:54',2,9,5),(21886314,946252,70,5,'2024-05-30 17:55:17',25,'2024-05-30 18:01:45',1,10,5),(21886385,864392,242,5,'2024-05-30 17:58:26',517,'2024-05-30 18:13:42',2,6,5),(21887575,233259,79,5,'2024-05-30 18:51:03',46,'2024-05-30 19:04:00',1,9,5),(21888640,915590,9,5,'2024-05-30 20:07:25',253,'2024-05-30 20:29:36',2,9,5),(21890268,944982,275,5,'2024-05-30 23:11:05',182,'2024-05-30 23:29:22',1,10,5),(21890631,770318,212,5,'2024-05-31 00:21:44',254,'2024-05-31 00:43:20',1,2,5),(21891155,1161152,70,5,'2024-05-31 03:32:59',161,'2024-05-31 03:50:09',1,5,5),(21891279,862550,5,5,'2024-05-31 05:20:28',5,'2024-05-31 05:20:50',2,7,5),(21891281,862550,5,5,'2024-05-31 05:21:05',85,'2024-05-31 05:34:00',1,10,5),(21891936,74516,135,5,'2024-05-31 07:36:34',60,'2024-05-31 07:43:18',2,3,5),(21892435,581423,190,5,'2024-05-31 08:13:14',116,'2024-05-31 08:19:49',2,7,5),(21892472,353310,426,5,'2024-05-31 08:16:33',278,'2024-05-31 08:25:16',1,2,5),(21892603,946252,403,5,'2024-05-31 08:30:05',477,'2024-05-31 08:35:40',2,2,5),(21893311,353310,278,5,'2024-05-31 09:24:34',426,'2024-05-31 09:32:00',2,4,5),(21893717,1106224,149,5,'2024-05-31 09:55:35',57,'2024-05-31 10:01:06',2,10,5),(21895147,915590,253,5,'2024-05-31 11:34:19',181,'2024-05-31 11:51:14',2,4,5),(21896103,1020100,69,5,'2024-05-31 12:37:03',466,'2024-05-31 12:51:23',2,7,5),(21900626,653260,121,5,'2024-05-31 17:03:48',65,'2024-05-31 17:15:25',1,2,5),(21900760,1161307,155,5,'2024-05-31 17:09:21',424,'2024-05-31 17:22:23',2,2,5),(21904397,915590,162,5,'2024-05-31 20:52:04',253,'2024-05-31 21:02:03',2,7,5),(21905126,915590,253,5,'2024-05-31 22:40:24',93,'2024-05-31 22:53:06',2,8,5),(21907590,1004430,455,6,'2024-06-01 13:40:37',457,'2024-06-01 14:11:58',2,1,6),(21908055,1004430,457,6,'2024-06-01 15:04:55',455,'2024-06-01 15:28:23',2,5,6),(21908110,703593,196,6,'2024-06-01 15:14:08',3,'2024-06-01 15:53:48',2,1,6),(21909221,703593,3,6,'2024-06-01 17:39:06',3,'2024-06-01 18:30:12',2,4,6),(21909314,1161798,444,6,'2024-06-01 17:51:53',79,'2024-06-01 18:44:52',2,4,6),(21911666,1158497,235,6,'2024-06-02 09:51:55',176,'2024-06-02 10:05:54',2,10,6),(21913053,1161152,449,6,'2024-06-02 18:11:53',335,'2024-06-02 18:41:22',2,4,6),(21914973,74516,135,6,'2024-06-03 07:23:16',60,'2024-06-03 07:32:53',2,10,6),(21916299,820699,521,6,'2024-06-03 09:20:40',492,'2024-06-03 09:53:10',2,7,6),(21916498,1106224,175,6,'2024-06-03 09:40:12',175,'2024-06-03 09:42:20',2,10,6),(21916619,1106224,168,6,'2024-06-03 09:52:54',57,'2024-06-03 10:00:36',2,6,6),(21917234,1065585,368,6,'2024-06-03 10:47:47',330,'2024-06-03 11:02:36',2,3,6),(21917291,820699,492,6,'2024-06-03 10:52:08',144,'2024-06-03 11:04:49',1,5,6),(21917562,1145773,472,6,'2024-06-03 11:12:03',383,'2024-06-03 11:45:18',2,2,6),(21917720,915590,253,6,'2024-06-03 11:25:04',181,'2024-06-03 11:43:31',1,10,6),(21918792,887501,54,6,'2024-06-03 12:45:18',193,'2024-06-03 12:45:20',2,2,6),(21918923,318881,493,6,'2024-06-03 12:53:15',102,'2024-06-03 13:00:36',2,10,6),(21919319,1161307,424,6,'2024-06-03 13:13:51',424,'2024-06-03 13:14:13',1,3,6),(21919337,1161307,424,6,'2024-06-03 13:14:43',155,'2024-06-03 13:29:16',1,6,6),(21919758,318881,102,6,'2024-06-03 13:42:11',275,'2024-06-03 13:59:55',2,6,6),(21920924,946252,455,6,'2024-06-03 15:05:54',237,'2024-06-03 15:15:07',2,9,6),(21920992,233259,22,6,'2024-06-03 15:10:03',46,'2024-06-03 15:34:10',1,6,6),(21921511,820699,144,6,'2024-06-03 15:44:41',492,'2024-06-03 15:59:09',1,1,6),(21923462,820699,492,6,'2024-06-03 17:28:46',521,'2024-06-03 18:02:16',1,2,6),(21923587,965549,524,6,'2024-06-03 17:35:27',268,'2024-06-03 17:50:14',1,6,6),(21923597,1051817,407,6,'2024-06-03 17:36:00',374,'2024-06-03 17:42:02',1,3,6),(21923644,1145173,128,6,'2024-06-03 17:37:55',519,'2024-06-03 17:59:40',2,9,6),(21924051,864392,242,6,'2024-06-03 17:59:00',242,'2024-06-03 17:59:36',2,3,6),(21924071,864392,242,6,'2024-06-03 18:00:03',516,'2024-06-03 18:09:07',1,10,6),(21924105,1161307,155,6,'2024-06-03 18:01:39',424,'2024-06-03 18:13:35',1,1,6),(21925918,581423,116,6,'2024-06-03 19:59:34',190,'2024-06-03 20:05:52',2,8,6),(21926060,915590,190,6,'2024-06-03 20:13:01',253,'2024-06-03 20:31:33',1,6,6),(21926425,673248,269,6,'2024-06-03 20:50:34',102,'2024-06-03 21:01:01',1,8,6),(21927839,971045,527,6,'2024-06-04 02:19:51',527,'2024-06-04 02:30:45',2,10,6),(21928645,581423,190,6,'2024-06-04 07:34:06',116,'2024-06-04 07:41:03',2,6,6),(21928659,74516,135,6,'2024-06-04 07:35:09',60,'2024-06-04 07:44:10',1,5,6),(21928781,156938,130,6,'2024-06-04 07:45:34',353,'2024-06-04 07:55:17',2,3,6),(21929934,1106224,175,6,'2024-06-04 09:18:59',57,'2024-06-04 09:31:40',1,4,6),(21931669,915590,253,6,'2024-06-04 11:25:13',253,'2024-06-04 11:25:40',1,7,6),(21931682,915590,253,6,'2024-06-04 11:26:19',181,'2024-06-04 11:41:36',2,10,6),(21932443,1122137,118,6,'2024-06-04 12:28:30',466,'2024-06-04 12:43:20',2,6,6),(21932712,1161307,424,6,'2024-06-04 12:45:20',155,'2024-06-04 12:55:47',2,9,6),(21933223,965549,4,6,'2024-06-04 13:17:18',433,'2024-06-04 13:43:38',2,4,6),(21934422,156938,353,6,'2024-06-04 14:37:42',130,'2024-06-04 14:46:50',1,1,6),(21934589,1162504,455,6,'2024-06-04 14:51:52',455,'2024-06-04 15:07:12',1,3,6),(21935342,946252,403,6,'2024-06-04 15:42:12',41,'2024-06-04 15:50:35',1,3,6),(21935504,1162504,61,6,'2024-06-04 15:50:53',385,'2024-06-04 16:15:13',2,7,6),(21935998,653260,121,6,'2024-06-04 16:14:13',65,'2024-06-04 16:26:34',1,3,6),(21936860,653260,65,6,'2024-06-04 17:03:50',121,'2024-06-04 17:15:00',1,1,6),(21937343,1145173,128,6,'2024-06-04 17:27:27',130,'2024-06-04 17:48:22',2,9,6),(21938077,1161307,155,6,'2024-06-04 18:01:32',424,'2024-06-04 18:14:57',2,9,6),(21938228,864392,242,6,'2024-06-04 18:06:54',516,'2024-06-04 18:15:19',2,10,6),(21939981,915590,9,6,'2024-06-04 20:04:48',9,'2024-06-04 20:05:10',2,1,6),(21939993,915590,9,6,'2024-06-04 20:05:43',253,'2024-06-04 20:24:49',1,2,6),(21940139,571134,516,6,'2024-06-04 20:16:45',516,'2024-06-04 20:17:07',1,9,6),(21940147,571134,516,6,'2024-06-04 20:17:37',182,'2024-06-04 20:29:00',2,7,6),(21940834,1145773,358,6,'2024-06-04 21:29:02',383,'2024-06-04 21:45:54',1,2,6),(21941217,1058741,222,6,'2024-06-04 22:19:42',5,'2024-06-04 22:39:15',2,1,6),(21941439,1133745,83,6,'2024-06-04 22:52:05',468,'2024-06-05 01:13:56',2,4,6),(21941727,1162656,14,6,'2024-06-05 00:05:50',516,'2024-06-05 00:10:41',2,5,6),(21942036,1162656,517,6,'2024-06-05 01:38:22',14,'2024-06-05 01:45:31',1,9,6),(21943257,946252,403,6,'2024-06-05 08:23:29',477,'2024-06-05 08:30:45',1,2,6),(21943828,1106224,175,6,'2024-06-05 09:16:57',57,'2024-06-05 09:29:58',2,4,6),(21944904,915590,253,6,'2024-06-05 10:50:16',66,'2024-06-05 11:03:03',1,3,6),(21945393,18475,254,6,'2024-06-05 11:32:20',199,'2024-06-05 11:46:45',1,2,6),(21947743,353310,426,6,'2024-06-05 14:12:50',236,'2024-06-05 14:18:25',2,10,6),(21947821,1040909,8,6,'2024-06-05 14:18:14',86,'2024-06-05 14:32:00',1,7,6),(21948215,965549,64,6,'2024-06-05 14:49:11',46,'2024-06-05 15:16:37',2,2,6),(21948551,1058741,50,6,'2024-06-05 15:13:19',5,'2024-06-05 15:32:56',2,1,6),(21950439,946252,41,6,'2024-06-05 16:49:15',403,'2024-06-05 16:56:15',1,4,6),(21951341,1051817,407,6,'2024-06-05 17:32:51',374,'2024-06-05 17:37:39',1,1,6),(21952028,1145173,128,6,'2024-06-05 18:07:03',130,'2024-06-05 18:29:21',2,3,6),(21952107,864392,242,6,'2024-06-05 18:10:34',516,'2024-06-05 18:18:53',2,6,6),(21953778,871802,507,6,'2024-06-05 19:57:20',507,'2024-06-05 20:23:01',2,6,6),(21953905,915590,9,6,'2024-06-05 20:08:14',9,'2024-06-05 20:08:47',1,2,6),(21953920,915590,9,6,'2024-06-05 20:09:36',253,'2024-06-05 20:09:38',1,5,6),(21954853,1040909,86,6,'2024-06-05 21:52:18',188,'2024-06-05 22:05:31',1,5,6),(21954931,306187,199,6,'2024-06-05 22:04:23',167,'2024-06-05 22:24:15',1,6,6),(21957786,946252,403,6,'2024-06-06 08:35:45',477,'2024-06-06 08:40:59',2,2,6),(21958961,1106224,175,6,'2024-06-06 09:52:10',57,'2024-06-06 10:02:13',2,2,6),(21961133,1122137,118,6,'2024-06-06 12:31:40',466,'2024-06-06 12:42:03',2,2,6),(21964891,946252,41,6,'2024-06-06 16:29:54',403,'2024-06-06 16:39:47',2,4,6),(21964931,1065585,368,6,'2024-06-06 16:32:03',387,'2024-06-06 16:49:10',2,4,6),(21966329,862550,208,6,'2024-06-06 17:40:24',440,'2024-06-06 17:53:31',1,5,6),(21967048,1145173,128,6,'2024-06-06 18:11:57',4,'2024-06-06 18:11:57',2,8,6),(21967173,1145173,4,6,'2024-06-06 18:16:42',2,'2024-06-06 18:36:37',2,9,6),(21967621,697099,8,6,'2024-06-06 18:38:41',8,'2024-06-06 19:38:35',2,1,6),(21970248,1133745,468,6,'2024-06-06 22:48:52',175,'2024-06-07 09:35:26',2,8,6),(21971122,64704,522,6,'2024-06-07 01:59:18',70,'2024-06-07 02:07:21',2,10,6),(21972577,581423,190,6,'2024-06-07 08:00:25',116,'2024-06-07 08:07:14',1,5,6),(21973156,946252,403,6,'2024-06-07 08:39:58',477,'2024-06-07 08:46:07',1,6,6),(21973845,1106224,175,6,'2024-06-07 09:32:14',57,'2024-06-07 09:44:23',1,5,6),(21975316,280113,189,6,'2024-06-07 11:18:46',420,'2024-06-07 12:03:54',1,4,6),(21980019,318881,102,6,'2024-06-07 16:03:58',323,'2024-06-07 16:22:01',1,3,6),(21980184,755905,435,6,'2024-06-07 16:12:09',500,'2024-06-07 16:19:12',2,5,6),(21980426,1040909,86,6,'2024-06-07 16:25:12',8,'2024-06-07 16:44:11',2,8,6),(21981025,94456,254,6,'2024-06-07 16:56:03',227,'2024-06-07 17:08:42',1,8,6),(21983346,946252,41,6,'2024-06-07 18:51:07',403,'2024-06-07 18:59:33',2,1,6),(21984078,1076431,400,6,'2024-06-07 19:47:18',278,'2024-06-07 20:12:05',1,8,6),(21984288,697099,22,6,'2024-06-07 20:04:11',22,'2024-06-07 20:04:32',1,1,6),(21984295,697099,22,6,'2024-06-07 20:05:06',9,'2024-06-07 20:27:15',2,6,6),(21984318,915590,9,6,'2024-06-07 20:06:32',9,'2024-06-07 20:07:47',1,8,6),(21984362,915590,9,6,'2024-06-07 20:08:55',253,'2024-06-07 20:28:32',1,5,6),(21984749,697099,9,6,'2024-06-07 20:44:10',33,'2024-06-07 20:59:40',1,1,6),(21985230,851072,41,6,'2024-06-07 21:42:25',199,'2024-06-07 22:02:24',1,1,6),(21987544,1145773,257,6,'2024-06-08 11:28:56',358,'2024-06-08 11:43:54',1,5,6),(21989043,1121908,449,6,'2024-06-08 15:49:45',449,'2024-06-08 15:50:07',2,7,6),(21989051,1121908,449,6,'2024-06-08 15:50:37',499,'2024-06-08 16:04:19',1,8,6),(21990181,915590,253,6,'2024-06-08 18:16:53',24,'2024-06-08 18:33:16',1,9,6),(21990670,877812,200,6,'2024-06-08 19:49:36',536,'2024-06-08 20:03:19',2,2,6),(21990766,864392,516,6,'2024-06-08 20:09:49',56,'2024-06-08 20:22:30',2,2,6),(21992601,571134,182,6,'2024-06-09 10:44:35',516,'2024-06-09 10:54:09',2,2,6),(21992770,1158497,255,6,'2024-06-09 11:21:01',263,'2024-06-09 11:28:05',1,9,6),(21993430,878869,99,6,'2024-06-09 13:20:49',46,'2024-06-09 14:36:20',1,3,6),(21993770,560833,6,6,'2024-06-09 14:14:49',179,'2024-06-09 14:28:33',2,3,6),(21994343,1153830,29,6,'2024-06-09 15:23:37',29,'2024-06-09 15:49:15',1,2,6),(21994672,1076431,512,6,'2024-06-09 15:57:56',206,'2024-06-09 16:23:54',2,1,6),(21995937,1076431,206,6,'2024-06-09 17:53:29',206,'2024-06-09 17:53:51',2,1,6),(21995943,1076431,206,6,'2024-06-09 17:54:14',278,'2024-06-09 18:16:33',1,8,6),(21996137,560833,179,6,'2024-06-09 18:20:28',6,'2024-06-09 18:31:22',2,1,6),(21996827,1145773,235,6,'2024-06-09 20:24:10',383,'2024-06-09 20:51:37',2,7,6),(21998860,318881,323,6,'2024-06-10 07:48:32',521,'2024-06-10 08:10:54',2,6,6),(21999349,946252,403,6,'2024-06-10 08:26:47',477,'2024-06-10 08:32:05',1,8,6),(22000516,1040909,86,6,'2024-06-10 09:45:11',8,'2024-06-10 10:00:01',2,6,6),(22001564,915590,253,6,'2024-06-10 11:18:14',181,'2024-06-10 11:33:12',1,1,6),(22001976,1040909,8,6,'2024-06-10 11:47:55',86,'2024-06-10 12:01:46',1,9,6),(22002228,233259,2,6,'2024-06-10 12:07:00',46,'2024-06-10 12:28:58',1,6,6),(22002508,1122137,118,6,'2024-06-10 12:28:01',466,'2024-06-10 12:46:45',1,1,6),(22002605,156938,353,6,'2024-06-10 12:36:35',135,'2024-06-10 12:47:26',2,1,6),(22002608,318881,387,6,'2024-06-10 12:36:49',275,'2024-06-10 13:00:12',2,8,6),(22002678,1145173,128,6,'2024-06-10 12:41:49',128,'2024-06-10 13:26:26',1,3,6),(22003289,233259,46,6,'2024-06-10 13:16:24',353,'2024-06-10 13:16:24',1,9,6),(22004675,4143,491,6,'2024-06-10 14:36:55',417,'2024-06-10 15:18:14',1,2,6),(22004733,156938,4,6,'2024-06-10 14:40:52',353,'2024-06-10 14:46:06',2,3,6),(22004975,233259,111,6,'2024-06-10 14:56:25',46,'2024-06-10 15:12:53',1,8,6),(22006702,156938,353,6,'2024-06-10 16:23:48',536,'2024-06-10 16:38:02',2,6,6),(22007041,1148617,258,6,'2024-06-10 16:39:23',435,'2024-06-10 16:58:41',2,5,6),(22008127,946252,70,6,'2024-06-10 17:24:45',25,'2024-06-10 17:29:49',1,8,6),(22008531,1076431,340,6,'2024-06-10 17:43:11',278,'2024-06-10 18:01:55',2,1,6),(22009082,1145173,128,6,'2024-06-10 18:05:08',130,'2024-06-10 18:23:20',1,5,6),(22010760,1145773,472,6,'2024-06-10 19:29:27',472,'2024-06-10 19:29:49',1,9,6),(22010767,1145773,472,6,'2024-06-10 19:30:04',212,'2024-06-10 20:02:07',2,3,6),(22011173,871802,507,6,'2024-06-10 19:57:48',327,'2024-06-10 21:09:28',2,1,6),(22011291,915590,9,6,'2024-06-10 20:05:26',253,'2024-06-10 20:23:52',2,3,6),(22012398,754441,93,6,'2024-06-10 21:38:14',41,'2024-06-10 21:57:47',1,3,6),(22012983,754441,41,6,'2024-06-10 22:54:28',46,'2024-06-10 23:28:14',1,9,6),(22015029,673248,418,6,'2024-06-11 07:55:34',527,'2024-06-11 07:59:35',1,1,6),(22019191,1122137,118,6,'2024-06-11 12:33:27',466,'2024-06-11 12:45:53',1,5,6),(22019728,94456,29,6,'2024-06-11 13:07:20',99,'2024-06-11 13:17:48',2,5,6),(22020868,1148617,96,6,'2024-06-11 14:18:03',64,'2024-06-11 14:36:47',1,1,6),(22021448,965549,126,6,'2024-06-11 14:57:24',126,'2024-06-11 15:15:20',1,9,6),(22021948,1040909,86,6,'2024-06-11 15:25:46',188,'2024-06-11 15:34:40',1,1,6),(22023228,979289,269,6,'2024-06-11 16:36:38',269,'2024-06-11 17:02:38',1,5,6),(22023570,1161798,144,6,'2024-06-11 16:54:10',515,'2024-06-11 16:54:10',1,8,6),(22024690,946252,41,6,'2024-06-11 17:44:02',403,'2024-06-11 17:52:52',2,6,6),(22025064,1145173,128,6,'2024-06-11 17:59:50',128,'2024-06-11 18:03:53',1,8,6),(22025216,1145173,128,6,'2024-06-11 18:05:10',519,'2024-06-11 18:25:37',2,5,6),(22025391,864392,242,6,'2024-06-11 18:11:34',516,'2024-06-11 18:19:15',2,9,6),(22025929,1161798,14,6,'2024-06-11 18:33:41',144,'2024-06-11 18:33:43',2,5,6),(22026003,673248,487,6,'2024-06-11 18:37:03',102,'2024-06-11 19:01:09',1,1,6),(22027607,571134,516,6,'2024-06-11 20:22:12',255,'2024-06-12 01:17:25',2,5,6),(22029810,864392,69,6,'2024-06-12 01:52:41',171,'2024-06-12 02:03:19',2,9,6),(22030746,74516,135,6,'2024-06-12 07:26:06',60,'2024-06-12 07:33:26',1,4,6),(22031647,946252,403,6,'2024-06-12 08:34:08',477,'2024-06-12 08:41:01',1,10,6),(22032332,1106224,175,6,'2024-06-12 09:16:56',175,'2024-06-12 09:23:32',1,2,6),(22033771,755905,435,6,'2024-06-12 11:09:01',289,'2024-06-12 11:21:44',1,1,6),(22037638,318881,521,6,'2024-06-12 15:41:45',537,'2024-06-12 16:00:39',1,6,6),(22037701,755905,258,6,'2024-06-12 15:44:49',478,'2024-06-12 15:51:06',1,1,6),(22040431,946252,41,6,'2024-06-12 17:51:26',41,'2024-06-12 17:51:34',2,8,6),(22040441,946252,41,6,'2024-06-12 17:51:54',424,'2024-06-12 17:59:19',2,6,6),(22041380,864392,242,6,'2024-06-12 18:34:22',516,'2024-06-12 18:42:36',1,9,6),(22042821,915590,9,6,'2024-06-12 20:07:16',253,'2024-06-12 20:07:16',1,8,6),(22043442,1058741,5,6,'2024-06-12 20:58:37',516,'2024-06-12 21:08:22',2,8,6),(22043877,1058741,222,6,'2024-06-12 21:39:49',222,'2024-06-12 21:42:00',1,6,6),(22043897,979114,59,6,'2024-06-12 21:41:58',150,'2024-06-12 22:02:49',1,10,6),(22043918,1058741,222,6,'2024-06-12 21:44:32',5,'2024-06-12 21:51:04',2,9,6),(22046736,673248,101,6,'2024-06-13 07:52:25',527,'2024-06-13 07:54:37',2,9,6),(22046777,581423,190,6,'2024-06-13 07:55:33',116,'2024-06-13 08:03:59',2,1,6),(22047378,946252,403,6,'2024-06-13 08:30:35',477,'2024-06-13 08:36:04',1,1,6),(22047564,1106224,168,6,'2024-06-13 08:43:43',57,'2024-06-13 08:51:10',2,6,6),(22049726,915590,253,6,'2024-06-13 11:18:11',181,'2024-06-13 11:37:20',2,10,6),(22050600,202671,359,6,'2024-06-13 12:18:11',230,'2024-06-13 12:31:50',2,3,6),(22050804,1122137,118,6,'2024-06-13 12:29:52',13,'2024-06-13 12:38:24',2,3,6),(22050992,280113,189,6,'2024-06-13 12:42:43',260,'2024-06-13 13:15:06',1,4,6),(22055730,673248,487,6,'2024-06-13 17:10:56',527,'2024-06-13 17:35:44',1,5,6),(22055866,1145173,128,6,'2024-06-13 17:16:54',130,'2024-06-13 17:29:03',1,5,6),(22056898,864392,242,6,'2024-06-13 18:02:43',516,'2024-06-13 18:10:58',2,5,6),(22058602,666040,132,6,'2024-06-13 19:28:58',93,'2024-06-13 19:46:50',2,1,6),(22059112,233259,46,6,'2024-06-13 20:03:05',353,'2024-06-13 20:30:49',1,6,6),(22059290,915590,181,6,'2024-06-13 20:15:36',120,'2024-06-13 20:41:12',2,4,6),(22060129,233259,353,6,'2024-06-13 21:23:07',46,'2024-06-13 21:49:09',1,10,6),(22060522,1040909,8,6,'2024-06-13 22:06:46',86,'2024-06-13 22:19:53',1,4,6),(22060695,114078,516,6,'2024-06-13 22:30:55',66,'2024-06-13 22:55:54',2,7,6),(22061081,1065585,14,6,'2024-06-13 23:23:37',14,'2024-06-13 23:23:58',2,1,6),(22061102,1065585,14,6,'2024-06-13 23:27:20',165,'2024-06-14 00:22:54',2,6,6),(22064600,18475,220,6,'2024-06-14 09:48:37',254,'2024-06-14 10:02:46',1,2,6),(22064958,18475,254,6,'2024-06-14 10:19:13',220,'2024-06-14 10:31:47',2,5,6),(22065510,915590,253,6,'2024-06-14 10:57:50',181,'2024-06-14 11:15:23',2,8,6),(22066789,1020100,69,6,'2024-06-14 12:19:19',69,'2024-06-14 12:20:36',2,1,6),(22066836,1020100,69,6,'2024-06-14 12:22:24',466,'2024-06-14 12:33:11',1,4,6),(22067944,755905,435,6,'2024-06-14 13:32:39',322,'2024-06-14 13:39:40',1,9,6),(22068600,679929,323,6,'2024-06-14 14:38:41',464,'2024-06-14 15:12:14',2,8,6),(22069151,673248,102,6,'2024-06-14 15:24:07',215,'2024-06-14 15:38:26',1,2,6),(22069837,673248,534,6,'2024-06-14 16:08:37',102,'2024-06-14 16:26:04',1,2,6),(22070497,1148824,449,6,'2024-06-14 16:47:06',449,'2024-06-14 16:47:27',2,10,6),(22070519,1148824,449,6,'2024-06-14 16:48:20',458,'2024-06-14 17:22:42',2,3,6),(22071328,1145173,4,6,'2024-06-14 17:33:24',519,'2024-06-14 17:52:45',2,3,6),(22071423,1148824,458,6,'2024-06-14 17:38:58',80,'2024-06-14 18:10:34',1,9,6),(22072920,679929,464,6,'2024-06-14 18:57:24',323,'2024-06-14 19:27:12',2,5,6),(22073166,1145773,213,6,'2024-06-14 19:14:20',257,'2024-06-14 19:50:34',2,2,6),(22073423,915590,9,6,'2024-06-14 19:34:56',199,'2024-06-14 19:55:26',2,1,6),(22073457,233259,2,6,'2024-06-14 19:37:06',46,'2024-06-14 19:59:42',1,4,6),(22075966,1166625,485,6,'2024-06-15 04:11:45',277,'2024-06-15 04:57:50',2,5,6),(22076617,851072,307,6,'2024-06-15 10:53:47',307,'2024-06-15 11:39:08',2,6,6),(22078031,1166820,537,6,'2024-06-15 15:15:55',361,'2024-06-15 15:40:50',2,7,6),(22079780,1166525,128,6,'2024-06-15 19:27:20',33,'2024-06-15 20:00:30',2,4,6),(22079874,755905,478,6,'2024-06-15 19:52:29',277,'2024-06-15 20:00:26',2,7,6),(22080963,755905,482,6,'2024-06-16 05:14:56',478,'2024-06-16 05:39:04',1,8,6),(22083686,157730,215,6,'2024-06-16 19:06:57',189,'2024-06-16 19:32:23',1,2,6),(22084155,1076431,440,6,'2024-06-16 23:30:05',400,'2024-06-16 23:56:20',2,8,6),(22086108,1167515,526,6,'2024-06-17 13:08:12',526,'2024-06-17 17:07:51',2,5,6),(22086929,851072,307,6,'2024-06-17 15:01:08',21,'2024-06-17 15:32:11',2,1,6),(22087414,1167694,181,6,'2024-06-17 15:49:03',210,'2024-06-17 15:49:03',1,4,6),(22088054,1136325,175,6,'2024-06-17 16:44:58',111,'2024-06-17 17:41:54',1,1,6),(22088721,1167694,515,6,'2024-06-17 17:43:35',156,'2024-06-17 17:54:35',1,7,6),(22088908,1136325,111,6,'2024-06-17 18:02:08',130,'2024-06-17 18:26:31',1,7,6),(22089356,851072,41,6,'2024-06-17 18:59:08',307,'2024-06-17 19:23:30',2,7,6),(22089360,1166525,36,6,'2024-06-17 19:00:43',174,'2024-06-17 19:22:05',1,6,6),(22091343,74516,135,6,'2024-06-18 07:19:13',60,'2024-06-18 07:26:08',1,1,6),(22091573,581423,190,6,'2024-06-18 07:40:23',116,'2024-06-18 07:40:23',2,8,6),(22093496,1106224,291,6,'2024-06-18 09:48:13',57,'2024-06-18 09:54:25',2,8,6),(22093573,705928,435,6,'2024-06-18 09:52:02',524,'2024-06-18 10:02:08',1,8,6),(22094035,915590,253,6,'2024-06-18 10:23:59',186,'2024-06-18 10:30:25',1,7,6),(22094601,705928,524,6,'2024-06-18 11:01:35',434,'2024-06-18 11:10:26',2,2,6),(22096400,1050860,267,6,'2024-06-18 12:51:50',267,'2024-06-18 12:52:12',2,1,6),(22096410,1050860,267,6,'2024-06-18 12:52:25',267,'2024-06-18 12:52:47',1,3,6),(22096445,1050860,267,6,'2024-06-18 12:54:37',267,'2024-06-18 13:25:20',1,7,6),(22097110,755905,501,6,'2024-06-18 13:27:34',355,'2024-06-18 13:40:09',2,6,6),(22097469,618128,41,6,'2024-06-18 13:47:11',403,'2024-06-18 13:56:48',1,10,6),(22099286,156938,26,6,'2024-06-18 15:32:06',130,'2024-06-18 15:48:15',2,4,6),(22099971,965549,433,6,'2024-06-18 16:07:30',73,'2024-06-18 16:15:22',2,10,6),(22100282,156938,501,6,'2024-06-18 16:23:48',486,'2024-06-18 16:36:55',2,7,6),(22100879,755905,527,6,'2024-06-18 16:56:33',489,'2024-06-18 17:30:40',2,9,6),(22101423,1122137,466,6,'2024-06-18 17:22:49',118,'2024-06-18 17:33:01',2,2,6),(22101451,946252,70,6,'2024-06-18 17:23:54',25,'2024-06-18 17:30:12',2,8,6),(22101749,1145173,4,6,'2024-06-18 17:38:36',130,'2024-06-18 17:38:38',2,3,6),(22103776,581423,116,6,'2024-06-18 19:19:03',190,'2024-06-18 19:25:09',2,7,6),(22104510,915590,190,6,'2024-06-18 20:09:28',253,'2024-06-18 20:25:59',2,4,6),(22104686,571134,516,6,'2024-06-18 20:22:26',182,'2024-06-18 20:34:52',1,9,6),(22104800,923683,241,6,'2024-06-18 20:30:45',358,'2024-06-18 21:05:40',2,2,6),(22109283,923683,358,6,'2024-06-19 09:56:06',474,'2024-06-19 09:56:06',2,1,6),(22110507,18475,120,6,'2024-06-19 11:14:54',432,'2024-06-19 11:30:07',2,5,6),(22111374,18475,432,6,'2024-06-19 12:02:26',220,'2024-06-19 12:12:12',2,5,6),(22115615,318881,521,6,'2024-06-19 15:39:46',537,'2024-06-19 16:00:44',1,4,6),(22116575,1167694,82,6,'2024-06-19 16:25:23',66,'2024-06-19 16:55:20',2,9,6),(22118101,1051817,407,6,'2024-06-19 17:32:01',374,'2024-06-19 17:38:42',1,4,6),(22118201,1040909,168,6,'2024-06-19 17:35:19',8,'2024-06-19 17:51:45',1,9,6),(22119547,851072,307,6,'2024-06-19 18:30:12',21,'2024-06-19 18:48:50',1,2,6),(22120990,946252,41,6,'2024-06-19 19:55:30',403,'2024-06-19 20:02:53',2,6,6),(22121107,915590,9,6,'2024-06-19 20:05:04',253,'2024-06-19 20:21:39',1,1,6),(22121674,1079388,163,6,'2024-06-19 20:51:19',490,'2024-06-19 22:25:11',2,4,6),(22123891,1157458,69,6,'2024-06-20 07:32:36',14,'2024-06-20 07:43:25',2,3,6),(22124038,923683,278,6,'2024-06-20 09:30:09',278,'2024-06-20 09:48:42',2,2,6),(22124704,505717,515,6,'2024-06-20 12:17:16',359,'2024-06-20 12:49:12',2,10,6),(22124794,1168860,82,6,'2024-06-20 12:28:51',517,'2024-06-20 13:10:13',2,8,6),(22125500,505717,239,6,'2024-06-20 14:19:49',156,'2024-06-20 14:37:46',1,5,6),(22125922,912324,121,6,'2024-06-20 15:14:10',121,'2024-06-20 15:14:31',1,4,6),(22125930,912324,517,6,'2024-06-20 15:15:10',431,'2024-06-20 15:44:04',1,3,6),(22126408,851072,307,6,'2024-06-20 16:00:21',21,'2024-06-20 16:17:53',2,5,6),(22126819,1169012,104,6,'2024-06-20 16:36:17',104,'2024-06-20 17:11:17',2,7,6),(22127066,912324,431,6,'2024-06-20 16:59:34',260,'2024-06-20 17:19:13',2,4,6),(22127406,912324,260,6,'2024-06-20 17:34:44',517,'2024-06-20 17:57:33',2,2,6),(22128013,1168860,516,6,'2024-06-20 19:05:09',82,'2024-06-20 20:17:11',1,4,6),(22128687,254982,484,6,'2024-06-20 23:22:22',426,'2024-06-20 23:34:05',2,5,6),(22128991,58450,277,6,'2024-06-21 01:32:38',260,'2024-06-21 01:52:42',2,6,6),(22129996,755905,501,6,'2024-06-21 15:00:50',500,'2024-06-21 15:05:12',1,8,6),(22133628,1076431,232,6,'2024-06-22 16:20:02',400,'2024-06-22 16:41:59',1,1,6),(22136835,1141311,516,6,'2024-06-23 12:21:39',277,'2024-06-23 12:49:42',1,3,6),(22136908,1170197,449,6,'2024-06-23 12:38:27',87,'2024-06-23 13:42:38',1,8,6),(22136989,852981,43,6,'2024-06-23 12:59:37',277,'2024-06-23 13:30:59',1,1,6),(22137979,1121699,336,6,'2024-06-23 15:36:24',336,'2024-06-23 15:36:26',1,4,6),(22138336,1170132,490,6,'2024-06-23 16:16:01',490,'2024-06-23 16:45:07',2,4,6),(22138365,1168860,515,6,'2024-06-23 16:17:27',516,'2024-06-23 17:03:31',1,9,6),(22138767,852981,259,6,'2024-06-23 16:58:38',116,'2024-06-23 17:34:39',1,2,6),(22139699,878869,25,6,'2024-06-23 19:19:27',99,'2024-06-23 19:39:55',1,7,6),(22141717,156938,130,6,'2024-06-24 08:01:19',353,'2024-06-24 08:10:20',2,6,6),(22142316,1170588,491,6,'2024-06-24 08:45:07',491,'2024-06-24 08:45:28',2,9,6),(22142334,1170588,491,6,'2024-06-24 08:46:12',491,'2024-06-24 09:54:39',2,9,6),(22143554,1065585,368,6,'2024-06-24 10:34:34',387,'2024-06-24 10:43:26',2,3,6),(22144033,915590,253,6,'2024-06-24 11:22:56',181,'2024-06-24 11:40:01',2,4,6),(22144365,754303,58,6,'2024-06-24 11:57:23',58,'2024-06-24 11:57:44',2,8,6),(22144409,754303,58,6,'2024-06-24 12:02:57',165,'2024-06-24 12:39:51',1,6,6),(22144449,156938,353,6,'2024-06-24 12:06:36',132,'2024-06-24 12:15:06',2,3,6),(22144723,1122137,118,6,'2024-06-24 12:29:41',13,'2024-06-24 12:38:33',1,6,6),(22144731,156938,60,6,'2024-06-24 12:30:34',353,'2024-06-24 12:36:40',2,2,6),(22147109,1170588,491,6,'2024-06-24 15:14:01',491,'2024-06-24 16:04:09',2,2,6),(22147527,156938,353,6,'2024-06-24 15:40:38',130,'2024-06-24 15:47:44',2,3,6),(22147528,1065585,335,6,'2024-06-24 15:40:40',387,'2024-06-24 15:56:18',2,6,6),(22148268,755905,435,6,'2024-06-24 16:22:32',355,'2024-06-24 16:38:49',1,2,6),(22149505,1145173,4,6,'2024-06-24 17:33:23',4,'2024-06-24 17:33:49',2,5,6),(22149524,1145173,4,6,'2024-06-24 17:34:20',130,'2024-06-24 17:55:50',1,3,6),(22150397,864392,242,6,'2024-06-24 18:15:48',516,'2024-06-24 18:25:10',1,10,6),(22151443,1170588,381,6,'2024-06-24 19:27:39',491,'2024-06-24 20:01:12',2,3,6),(22151923,915590,9,6,'2024-06-24 20:06:13',253,'2024-06-24 20:26:23',2,1,6),(22152460,754441,46,6,'2024-06-24 21:03:49',45,'2024-06-24 21:23:36',2,9,6),(22153277,754441,45,6,'2024-06-24 23:29:52',45,'2024-06-24 23:31:34',1,3,6),(22156379,1106224,175,6,'2024-06-25 09:33:42',57,'2024-06-25 09:46:10',1,6,6),(22156993,1170588,491,6,'2024-06-25 10:20:28',121,'2024-06-25 10:51:46',1,6,6),(22157738,915590,253,6,'2024-06-25 11:31:34',181,'2024-06-25 11:48:17',2,1,6),(22158600,912583,32,6,'2024-06-25 12:41:10',228,'2024-06-25 12:52:17',1,10,6),(22160284,705928,434,6,'2024-06-25 15:03:07',258,'2024-06-25 15:18:15',2,9,6),(22161405,1065585,387,6,'2024-06-25 16:26:47',335,'2024-06-25 16:39:50',2,10,6),(22161776,156938,501,6,'2024-06-25 16:53:22',486,'2024-06-25 17:02:59',1,7,6),(22162481,1145173,4,6,'2024-06-25 17:36:52',130,'2024-06-25 17:54:07',2,8,6),(22163113,864392,242,6,'2024-06-25 18:13:24',517,'2024-06-25 18:25:29',1,8,6),(22163153,280113,202,6,'2024-06-25 18:16:26',420,'2024-06-25 18:51:43',1,1,6),(22163279,912583,137,6,'2024-06-25 18:24:05',32,'2024-06-25 18:33:44',2,6,6),(22163618,156938,486,6,'2024-06-25 18:45:56',525,'2024-06-25 18:51:38',2,5,6),(22164489,915590,9,6,'2024-06-25 20:06:13',253,'2024-06-25 20:26:29',1,5,6),(22164875,352027,66,6,'2024-06-25 20:54:31',9,'2024-06-25 21:03:49',1,9,6),(22165148,352027,9,6,'2024-06-25 22:10:08',66,'2024-06-25 22:18:42',1,9,6),(22166706,581423,190,6,'2024-06-26 07:59:12',116,'2024-06-26 08:05:10',2,2,6),(22167544,1106224,175,6,'2024-06-26 09:16:09',3,'2024-06-26 09:30:16',2,7,6),(22168362,1171135,247,6,'2024-06-26 10:30:02',277,'2024-06-26 11:15:31',1,10,6),(22168661,1168860,82,6,'2024-06-26 11:01:34',146,'2024-06-26 11:24:45',1,9,6),(22169019,915590,161,6,'2024-06-26 11:41:22',181,'2024-06-26 11:50:01',1,9,6),(22169032,1171135,379,6,'2024-06-26 11:42:00',202,'2024-06-26 12:41:01',1,1,6),(22169294,1148617,489,6,'2024-06-26 12:07:59',426,'2024-06-26 12:15:36',1,1,6),(22169503,1122137,118,6,'2024-06-26 12:30:36',466,'2024-06-26 12:40:37',1,1,6),(22169876,1170588,116,6,'2024-06-26 13:04:17',9,'2024-06-26 13:15:30',2,2,6),(22170269,1168860,146,6,'2024-06-26 13:34:12',82,'2024-06-26 14:00:44',1,3,6),(22170964,353310,187,6,'2024-06-26 14:25:00',5,'2024-06-26 14:43:18',1,10,6),(22171951,318881,387,6,'2024-06-26 15:35:32',537,'2024-06-26 15:59:40',2,8,6),(22172853,1161307,424,6,'2024-06-26 16:27:39',41,'2024-06-26 16:33:23',2,8,6),(22173668,1145173,4,6,'2024-06-26 17:14:07',536,'2024-06-26 17:37:23',1,2,6),(22173784,851072,21,6,'2024-06-26 17:18:55',307,'2024-06-26 17:39:02',2,10,6),(22174171,353310,58,6,'2024-06-26 17:39:42',187,'2024-06-26 17:58:51',2,5,6),(22174480,946252,41,6,'2024-06-26 17:58:44',424,'2024-06-26 18:02:47',1,1,6),(22174822,864392,242,6,'2024-06-26 18:12:48',14,'2024-06-26 18:26:36',1,10,6),(22175340,1168860,82,6,'2024-06-26 18:41:42',227,'2024-06-26 18:53:17',1,5,6),(22175690,923683,385,6,'2024-06-26 19:09:39',278,'2024-06-26 19:51:10',2,7,6),(22175810,1168860,227,6,'2024-06-26 19:19:39',82,'2024-06-26 19:29:35',2,3,6),(22176270,915590,9,6,'2024-06-26 20:06:38',253,'2024-06-26 20:26:55',1,1,6),(22181184,1065585,368,6,'2024-06-27 10:25:53',368,'2024-06-27 10:26:15',1,7,6),(22181193,1065585,368,6,'2024-06-27 10:26:25',387,'2024-06-27 10:36:55',1,9,6),(22181943,915590,253,6,'2024-06-27 11:30:51',181,'2024-06-27 11:46:48',2,6,6),(22182757,755905,478,6,'2024-06-27 12:29:52',435,'2024-06-27 12:47:26',1,10,6),(22186399,862550,182,6,'2024-06-27 16:36:12',70,'2024-06-27 17:05:14',1,6,6),(22186506,18475,204,6,'2024-06-27 16:41:58',220,'2024-06-27 16:55:07',1,2,6),(22186895,1161307,155,6,'2024-06-27 17:05:00',424,'2024-06-27 17:14:45',2,7,6),(22188085,1040909,75,6,'2024-06-27 18:03:28',86,'2024-06-27 18:14:50',2,2,6),(22188258,864392,242,6,'2024-06-27 18:10:02',516,'2024-06-27 18:20:40',1,8,6),(22189112,1158497,382,6,'2024-06-27 18:55:01',263,'2024-06-27 19:15:16',2,5,6),(22189305,862550,440,6,'2024-06-27 19:11:00',418,'2024-06-27 19:34:47',1,8,6),(22189887,915590,9,6,'2024-06-27 20:04:32',253,'2024-06-27 20:22:13',2,9,6),(22190258,915590,253,6,'2024-06-27 20:45:20',186,'2024-06-27 20:51:37',1,3,6),(22190493,755905,435,6,'2024-06-27 21:13:58',322,'2024-06-27 21:21:49',1,4,6),(22194007,233259,46,6,'2024-06-28 09:15:02',175,'2024-06-28 09:24:50',1,1,6),(22194215,1106224,175,6,'2024-06-28 09:36:45',57,'2024-06-28 09:50:14',2,3,6),(22194567,1170588,491,6,'2024-06-28 10:03:54',212,'2024-06-28 10:17:56',2,2,6),(22195258,1148617,435,6,'2024-06-28 10:55:56',187,'2024-06-28 13:24:19',1,1,6),(22195913,1168860,82,6,'2024-06-28 11:48:27',146,'2024-06-28 12:12:48',1,2,6),(22196154,94456,156,6,'2024-06-28 12:04:53',156,'2024-06-28 12:05:21',2,5,6),(22197551,1168860,86,6,'2024-06-28 13:47:52',444,'2024-06-28 14:25:51',1,8,6),(22198176,666040,93,6,'2024-06-28 14:37:33',184,'2024-06-28 14:44:46',1,10,6),(22198557,666040,184,6,'2024-06-28 15:08:43',93,'2024-06-28 15:15:58',1,3,6),(22201520,306187,63,6,'2024-06-28 18:21:25',167,'2024-06-28 18:59:36',2,7,6),(22202654,915590,9,6,'2024-06-28 20:06:40',253,'2024-06-28 20:25:03',2,7,6),(22202931,697099,517,6,'2024-06-28 20:48:51',242,'2024-06-28 20:48:53',2,8,6),(22204408,571134,14,6,'2024-06-29 08:44:51',516,'2024-06-29 08:49:44',1,7,6),(22208055,1172219,277,6,'2024-06-30 12:14:27',277,'2024-06-30 12:44:03',1,7,6),(22209400,1136325,73,6,'2024-06-30 17:02:39',117,'2024-06-30 17:16:37',2,3,6),(22209666,1097880,516,6,'2024-06-30 17:46:52',517,'2024-06-30 18:20:09',2,8,6),(22211835,318881,275,7,'2024-07-01 07:44:19',521,'2024-07-01 08:06:38',1,9,7),(22211870,156938,32,7,'2024-07-01 07:47:31',26,'2024-07-01 07:54:48',1,1,7),(22212661,1065585,387,7,'2024-07-01 08:52:15',368,'2024-07-01 09:00:44',2,6,7),(22213024,94456,227,7,'2024-07-01 09:26:44',99,'2024-07-01 09:38:24',2,3,7),(22213086,1106224,175,7,'2024-07-01 09:33:18',57,'2024-07-01 09:43:57',2,10,7),(22213207,233259,46,7,'2024-07-01 09:45:58',175,'2024-07-01 09:54:45',1,10,7),(22213368,1168860,82,7,'2024-07-01 10:04:16',146,'2024-07-01 10:25:43',2,2,7),(22213760,1065585,368,7,'2024-07-01 10:39:30',387,'2024-07-01 10:48:16',1,8,7),(22213876,1168860,146,7,'2024-07-01 10:48:55',82,'2024-07-01 11:20:56',2,2,7),(22214389,915590,253,7,'2024-07-01 11:30:26',181,'2024-07-01 11:50:16',2,9,7),(22214758,156938,26,7,'2024-07-01 12:02:54',444,'2024-07-01 12:13:34',2,10,7),(22215032,1122137,118,7,'2024-07-01 12:29:35',13,'2024-07-01 12:37:06',1,3,7),(22215237,318881,387,7,'2024-07-01 12:44:54',275,'2024-07-01 13:09:58',1,7,7),(22216104,233259,175,7,'2024-07-01 13:48:49',46,'2024-07-01 13:48:51',2,4,7),(22216906,1168860,82,7,'2024-07-01 14:54:33',82,'2024-07-01 14:56:25',1,6,7),(22216951,1168860,82,7,'2024-07-01 14:57:55',329,'2024-07-01 15:30:13',2,1,7),(22218717,862550,418,7,'2024-07-01 16:43:55',202,'2024-07-01 18:04:34',1,5,7),(22218915,318881,275,7,'2024-07-01 16:56:00',278,'2024-07-01 17:06:07',2,4,7),(22219677,1051817,407,7,'2024-07-01 17:31:59',363,'2024-07-01 17:42:13',2,7,7),(22220419,864392,242,7,'2024-07-01 18:08:07',516,'2024-07-01 18:16:41',2,2,7),(22220777,754303,182,7,'2024-07-01 18:24:27',14,'2024-07-01 18:53:56',1,10,7),(22221540,581423,116,7,'2024-07-01 19:12:08',190,'2024-07-01 19:19:24',1,6,7),(22221846,1168860,329,7,'2024-07-01 19:39:29',82,'2024-07-01 19:58:50',1,5,7),(22222202,915590,9,7,'2024-07-01 20:06:35',186,'2024-07-01 20:26:29',1,8,7),(22222336,318881,358,7,'2024-07-01 20:21:54',275,'2024-07-01 20:26:56',2,10,7),(22225191,858252,278,7,'2024-07-02 08:11:43',322,'2024-07-02 08:23:08',2,9,7),(22226506,1106224,168,7,'2024-07-02 09:48:03',57,'2024-07-02 09:55:13',2,8,7),(22227667,915590,17,7,'2024-07-02 11:34:24',181,'2024-07-02 11:44:58',1,6,7),(22227759,755905,435,7,'2024-07-02 11:40:40',355,'2024-07-02 11:56:53',2,9,7),(22228178,417515,336,7,'2024-07-02 12:08:23',267,'2024-07-02 12:18:23',1,6,7),(22228529,1122137,118,7,'2024-07-02 12:30:00',13,'2024-07-02 12:42:16',1,1,7),(22228602,317840,146,7,'2024-07-02 12:35:40',371,'2024-07-02 13:01:47',1,7,7),(22230766,862550,418,7,'2024-07-02 15:09:25',14,'2024-07-02 15:40:35',2,3,7),(22231173,877812,149,7,'2024-07-02 15:36:59',135,'2024-07-02 15:51:26',1,6,7),(22231300,754303,216,7,'2024-07-02 15:44:21',516,'2024-07-02 16:04:08',1,1,7),(22231649,705928,434,7,'2024-07-02 16:04:56',187,'2024-07-02 16:15:08',2,7,7),(22232070,1156636,515,7,'2024-07-02 16:25:39',515,'2024-07-02 16:52:52',2,6,7),(22232475,666040,32,7,'2024-07-02 16:48:40',93,'2024-07-02 17:08:31',2,8,7),(22233095,1021907,2,7,'2024-07-02 17:15:29',43,'2024-07-02 17:24:15',2,5,7),(22233584,946252,70,7,'2024-07-02 17:39:08',25,'2024-07-02 17:44:44',1,7,7),(22233599,1156636,515,7,'2024-07-02 17:40:11',515,'2024-07-02 17:40:33',1,3,7),(22233626,1156636,515,7,'2024-07-02 17:41:10',515,'2024-07-02 18:08:54',2,2,7),(22233808,862550,215,7,'2024-07-02 17:51:33',329,'2024-07-02 18:07:43',1,8,7),(22234420,864392,242,7,'2024-07-02 18:18:08',516,'2024-07-02 18:26:30',2,1,7),(22234883,1021907,202,7,'2024-07-02 18:40:58',2,'2024-07-02 18:54:59',1,10,7),(22234968,862550,440,7,'2024-07-02 18:45:20',418,'2024-07-02 18:59:04',2,10,7),(22236102,915590,9,7,'2024-07-02 20:07:00',120,'2024-07-02 20:30:30',1,7,7),(22236232,571134,426,7,'2024-07-02 20:18:25',426,'2024-07-02 20:18:46',2,7,7),(22236237,571134,426,7,'2024-07-02 20:18:53',426,'2024-07-02 20:19:14',1,3,7),(22236259,571134,426,7,'2024-07-02 20:20:12',426,'2024-07-02 20:20:33',1,3,7),(22236266,571134,516,7,'2024-07-02 20:21:08',516,'2024-07-02 20:22:28',2,8,7),(22236379,571134,516,7,'2024-07-02 20:31:48',182,'2024-07-02 20:44:32',2,3,7),(22237000,1168860,29,7,'2024-07-02 21:39:54',273,'2024-07-02 21:58:50',1,5,7),(22238226,1168860,273,7,'2024-07-03 02:13:35',82,'2024-07-03 02:32:31',1,7,7),(22239199,318881,275,7,'2024-07-03 07:38:57',521,'2024-07-03 08:01:22',2,10,7),(22239439,581423,190,7,'2024-07-03 08:02:52',116,'2024-07-03 08:07:47',2,8,7),(22241792,303608,65,7,'2024-07-03 11:24:41',65,'2024-07-03 11:25:07',1,8,7),(22241797,303608,65,7,'2024-07-03 11:25:26',33,'2024-07-03 12:04:02',2,4,7),(22241897,915590,253,7,'2024-07-03 11:34:49',216,'2024-07-03 11:54:10',1,7,7),(22243168,303608,131,7,'2024-07-03 13:16:00',65,'2024-07-03 13:42:48',1,4,7),(22245315,318881,387,7,'2024-07-03 15:44:49',537,'2024-07-03 16:05:43',2,6,7),(22245367,755905,478,7,'2024-07-03 15:48:20',435,'2024-07-03 16:05:20',2,5,7),(22245992,156938,353,7,'2024-07-03 16:21:02',353,'2024-07-03 16:42:12',1,2,7),(22247349,1051817,407,7,'2024-07-03 17:33:13',363,'2024-07-03 17:42:04',2,10,7),(22247873,864392,156,7,'2024-07-03 17:59:18',516,'2024-07-03 18:04:57',2,2,7),(22248071,755905,435,7,'2024-07-03 18:09:57',322,'2024-07-03 18:16:58',1,7,7),(22249435,946252,41,7,'2024-07-03 19:45:28',403,'2024-07-03 19:53:07',1,2,7),(22249640,915590,9,7,'2024-07-03 20:05:47',253,'2024-07-03 20:24:33',1,5,7),(22250122,1058741,5,7,'2024-07-03 20:57:40',516,'2024-07-03 21:07:39',1,10,7),(22250385,1058741,222,7,'2024-07-03 21:30:07',5,'2024-07-03 21:36:07',1,5,7),(22253160,1065585,387,7,'2024-07-04 08:53:31',368,'2024-07-04 09:02:05',2,1,7),(22254477,1065585,368,7,'2024-07-04 10:49:30',387,'2024-07-04 10:58:18',1,4,7),(22255036,915590,17,7,'2024-07-04 11:45:30',216,'2024-07-04 11:57:46',1,2,7),(22255442,755905,355,7,'2024-07-04 12:16:02',489,'2024-07-04 12:29:04',1,5,7),(22258210,156938,353,7,'2024-07-04 15:39:21',130,'2024-07-04 15:48:34',2,6,7),(22258764,4143,54,7,'2024-07-04 16:11:18',253,'2024-07-04 16:11:18',1,3,7),(22261707,233259,175,7,'2024-07-04 18:43:17',46,'2024-07-04 18:55:04',2,4,7),(22262288,1133745,71,7,'2024-07-04 19:34:55',83,'2024-07-04 20:10:27',2,1,7),(22262600,946252,41,7,'2024-07-04 20:04:57',403,'2024-07-04 20:12:58',2,2,7),(22262641,915590,9,7,'2024-07-04 20:08:58',17,'2024-07-04 20:25:17',2,3,7),(22263616,1133745,468,7,'2024-07-04 22:54:42',468,'2024-07-05 00:43:56',1,4,7),(22265344,581423,190,7,'2024-07-05 08:06:17',116,'2024-07-05 08:15:13',2,10,7),(22266961,1168860,162,7,'2024-07-05 10:27:19',165,'2024-07-05 10:38:02',1,5,7),(22267505,944982,56,7,'2024-07-05 11:10:57',182,'2024-07-05 11:21:15',1,9,7),(22267841,695691,335,7,'2024-07-05 11:46:05',262,'2024-07-05 12:10:35',2,10,7),(22268317,1168860,117,7,'2024-07-05 12:27:37',164,'2024-07-05 12:52:43',2,7,7),(22268378,1051817,374,7,'2024-07-05 12:33:17',407,'2024-07-05 12:38:39',1,2,7),(22270641,303608,65,7,'2024-07-05 15:25:39',33,'2024-07-05 15:49:33',2,10,7),(22271007,417515,267,7,'2024-07-05 15:51:47',336,'2024-07-05 15:59:15',1,5,7),(22272871,631240,182,7,'2024-07-05 17:48:33',229,'2024-07-05 18:06:11',2,9,7),(22272878,946252,41,7,'2024-07-05 17:49:03',403,'2024-07-05 17:56:11',1,2,7),(22273005,1145173,128,7,'2024-07-05 17:56:55',130,'2024-07-05 18:12:57',1,9,7),(22274250,697099,22,7,'2024-07-05 19:35:40',202,'2024-07-05 19:54:11',1,4,7),(22274522,915590,9,7,'2024-07-05 20:06:29',199,'2024-07-05 20:28:54',2,5,7),(22277679,1121908,449,7,'2024-07-06 15:46:19',280,'2024-07-06 15:57:59',1,9,7),(22281926,560833,6,7,'2024-07-07 16:55:17',6,'2024-07-07 18:02:54',2,10,7),(22281957,1097880,516,7,'2024-07-07 16:58:56',14,'2024-07-07 17:25:44',1,2,7),(22282154,818062,416,7,'2024-07-07 17:34:44',229,'2024-07-07 17:57:57',1,7,7),(22282826,697099,22,7,'2024-07-07 20:29:09',202,'2024-07-07 20:40:53',1,4,7),(22282871,862550,222,7,'2024-07-07 20:53:29',418,'2024-07-07 21:14:09',2,7,7),(22283056,697099,202,7,'2024-07-07 22:42:54',14,'2024-07-07 23:33:41',1,2,7),(22285327,1106224,168,7,'2024-07-08 09:58:34',57,'2024-07-08 10:07:41',1,1,7),(22286789,1122137,118,7,'2024-07-08 12:25:06',171,'2024-07-08 12:44:30',2,4,7),(22287857,1122137,171,7,'2024-07-08 13:52:12',171,'2024-07-08 13:52:34',2,5,7),(22287875,1122137,171,7,'2024-07-08 13:52:56',466,'2024-07-08 14:06:19',1,3,7),(22289060,303608,65,7,'2024-07-08 15:23:02',33,'2024-07-08 15:42:06',1,3,7),(22289849,755905,435,7,'2024-07-08 16:14:05',355,'2024-07-08 16:30:12',2,8,7),(22290839,1122137,466,7,'2024-07-08 17:11:23',118,'2024-07-08 17:22:54',1,9,7),(22292601,581423,116,7,'2024-07-08 19:04:32',190,'2024-07-08 19:10:35',2,10,7),(22293075,1133745,468,7,'2024-07-08 19:52:18',468,'2024-07-08 19:53:03',2,8,7),(22293215,915590,9,7,'2024-07-08 20:07:20',253,'2024-07-08 20:27:36',2,7,7),(22295766,1175052,128,7,'2024-07-09 12:47:14',128,'2024-07-09 13:52:52',2,5,7),(22296621,757305,358,7,'2024-07-09 15:35:58',358,'2024-07-09 15:59:06',2,8,7),(22297455,1175274,112,7,'2024-07-09 18:20:53',166,'2024-07-09 19:25:50',1,6,7),(22297953,1175274,166,7,'2024-07-09 21:14:43',112,'2024-07-09 22:30:21',1,6,7),(22300797,156938,22,7,'2024-07-10 11:11:24',60,'2024-07-10 11:23:06',2,7,7),(22301048,915590,253,7,'2024-07-10 11:32:44',216,'2024-07-10 11:54:14',2,5,7),(22301061,18475,254,7,'2024-07-10 11:34:58',223,'2024-07-10 11:45:21',2,3,7),(22301107,156938,60,7,'2024-07-10 11:38:53',353,'2024-07-10 11:45:27',1,1,7),(22302431,280113,202,7,'2024-07-10 13:25:22',420,'2024-07-10 14:01:59',1,6,7),(22302658,317840,492,7,'2024-07-10 13:40:56',299,'2024-07-10 14:20:47',1,5,7),(22304041,303608,65,7,'2024-07-10 15:31:26',33,'2024-07-10 15:49:42',2,10,7),(22306077,864392,242,7,'2024-07-10 17:40:23',516,'2024-07-10 17:50:49',2,4,7),(22307293,697099,189,7,'2024-07-10 19:09:53',5,'2024-07-10 19:40:47',1,2,7),(22307308,1175274,58,7,'2024-07-10 19:12:05',56,'2024-07-10 19:58:32',1,5,7),(22307885,915590,9,7,'2024-07-10 20:08:12',253,'2024-07-10 20:26:32',2,10,7),(22308089,631240,229,7,'2024-07-10 20:29:58',182,'2024-07-10 20:44:11',2,8,7),(22308413,1175559,3,7,'2024-07-10 21:16:25',3,'2024-07-10 21:55:57',1,6,7),(22308886,1069090,414,7,'2024-07-10 23:01:59',194,'2024-07-10 23:20:18',1,4,7),(22309349,864392,5,7,'2024-07-11 01:06:43',222,'2024-07-11 01:10:16',1,2,7),(22309379,1161798,191,7,'2024-07-11 01:14:03',144,'2024-07-11 01:32:14',1,8,7),(22310631,858252,278,7,'2024-07-11 08:28:38',278,'2024-07-11 08:29:43',1,8,7),(22310652,858252,278,7,'2024-07-11 08:30:34',322,'2024-07-11 08:30:36',1,5,7),(22311025,1065585,368,7,'2024-07-11 09:02:25',387,'2024-07-11 10:35:27',1,4,7),(22311445,1106224,175,7,'2024-07-11 09:38:02',57,'2024-07-11 09:49:42',2,5,7),(22312732,915590,253,7,'2024-07-11 11:34:07',181,'2024-07-11 11:51:47',2,4,7),(22313501,1122137,118,7,'2024-07-11 12:30:38',466,'2024-07-11 12:42:58',2,8,7),(22317196,156938,26,7,'2024-07-11 16:48:53',35,'2024-07-11 16:57:14',1,6,7),(22317212,18475,254,7,'2024-07-11 16:49:44',220,'2024-07-11 17:01:47',2,4,7),(22317601,1175815,435,7,'2024-07-11 17:10:20',416,'2024-07-11 17:21:24',1,2,7),(22318041,864392,242,7,'2024-07-11 17:35:07',516,'2024-07-11 17:43:21',2,3,7),(22318150,697099,189,7,'2024-07-11 17:41:28',516,'2024-07-11 18:20:36',1,2,7),(22318175,1168860,82,7,'2024-07-11 17:43:14',75,'2024-07-11 18:12:41',1,4,7),(22318278,1175815,416,7,'2024-07-11 17:48:55',322,'2024-07-11 17:59:24',1,1,7),(22318694,131240,277,7,'2024-07-11 18:11:15',212,'2024-07-11 18:44:51',1,4,7),(22320031,915590,9,7,'2024-07-11 20:05:08',253,'2024-07-11 20:05:10',2,2,7),(22320758,417515,267,7,'2024-07-11 21:49:33',336,'2024-07-11 21:56:36',2,5,7),(22323319,1175962,223,7,'2024-07-12 09:25:12',378,'2024-07-12 09:54:07',2,4,7),(22324112,417515,336,7,'2024-07-12 10:26:50',267,'2024-07-12 10:34:56',1,8,7),(22328526,417515,333,7,'2024-07-12 15:57:57',336,'2024-07-12 16:02:50',1,2,7),(22330015,303608,65,7,'2024-07-12 17:30:14',65,'2024-07-12 17:31:57',2,8,7),(22330101,303608,65,7,'2024-07-12 17:34:35',65,'2024-07-12 17:34:57',1,8,7),(22330126,303608,65,7,'2024-07-12 17:35:41',181,'2024-07-12 17:52:11',2,2,7),(22330555,946252,41,7,'2024-07-12 18:00:41',403,'2024-07-12 18:07:56',1,9,7),(22330694,1105388,418,7,'2024-07-12 18:09:06',229,'2024-07-12 18:30:27',1,4,7),(22330910,1175815,322,7,'2024-07-12 18:21:32',435,'2024-07-12 18:27:38',2,9,7),(22330971,965549,98,7,'2024-07-12 18:24:40',433,'2024-07-12 18:49:43',2,5,7),(22334034,1176341,79,7,'2024-07-13 04:34:13',79,'2024-07-13 05:00:26',2,2,7),(22334067,755905,482,7,'2024-07-13 05:33:36',322,'2024-07-13 05:44:45',1,4,7),(22334162,1004430,14,7,'2024-07-13 07:15:32',5,'2024-07-13 07:57:42',2,9,7),(22335911,1176406,433,7,'2024-07-13 15:35:14',152,'2024-07-13 16:31:06',2,8,7),(22336813,1176406,152,7,'2024-07-13 17:51:38',433,'2024-07-13 18:47:28',2,3,7),(22337110,697099,376,7,'2024-07-13 18:58:07',14,'2024-07-13 19:35:26',1,6,7),(22337602,697099,22,7,'2024-07-13 21:21:18',202,'2024-07-13 21:33:21',1,4,7),(22340348,1177016,59,7,'2024-07-14 16:10:44',128,'2024-07-14 16:41:41',1,2,7),(22340433,810016,477,7,'2024-07-14 16:20:21',175,'2024-07-14 16:50:49',2,2,7),(22340449,1105388,229,7,'2024-07-14 16:22:15',104,'2024-07-14 16:30:18',2,9,7),(22341067,1076431,400,7,'2024-07-14 18:14:16',400,'2024-07-14 18:14:38',2,6,7),(22341074,1076431,400,7,'2024-07-14 18:15:17',70,'2024-07-14 18:42:43',1,4,7),(22341477,864392,517,7,'2024-07-14 20:03:13',56,'2024-07-14 20:14:02',1,2,7),(22341860,1161798,191,7,'2024-07-15 00:56:12',191,'2024-07-15 00:56:33',1,3,7),(22341861,1161798,191,7,'2024-07-15 00:56:37',144,'2024-07-15 01:11:11',1,2,7),(22341939,864392,56,7,'2024-07-15 01:26:23',517,'2024-07-15 01:33:46',1,7,7),(22342103,1177142,9,7,'2024-07-15 01:45:41',204,'2024-07-15 02:13:22',2,2,7),(22342152,679929,85,7,'2024-07-15 01:49:52',261,'2024-07-15 02:14:11',1,9,7),(22342735,1133745,252,7,'2024-07-15 02:40:48',59,'2024-07-15 03:08:29',1,8,7),(22342743,864392,212,7,'2024-07-15 02:43:03',45,'2024-07-15 03:02:36',2,5,7),(22343548,1004430,14,7,'2024-07-15 07:17:19',517,'2024-07-15 07:55:42',2,10,7),(22343606,318881,275,7,'2024-07-15 07:29:52',521,'2024-07-15 07:52:39',2,5,7),(22346279,202671,359,7,'2024-07-15 12:21:38',230,'2024-07-15 12:35:26',2,2,7),(22346329,318881,521,7,'2024-07-15 12:29:05',275,'2024-07-15 12:55:54',2,8,7),(22347548,1004430,210,7,'2024-07-15 14:31:06',177,'2024-07-15 14:50:20',1,2,7),(22349189,166754,116,7,'2024-07-15 16:20:43',89,'2024-07-15 16:29:42',2,10,7),(22349372,695691,335,7,'2024-07-15 16:32:27',262,'2024-07-15 16:48:00',1,5,7),(22350500,864392,242,7,'2024-07-15 17:31:00',516,'2024-07-15 17:40:58',2,9,7),(22350941,631001,83,7,'2024-07-15 17:53:38',27,'2024-07-15 17:59:16',2,4,7),(22351138,1175274,59,7,'2024-07-15 18:04:50',59,'2024-07-15 18:25:43',2,5,7),(22351637,1175815,322,7,'2024-07-15 18:31:39',435,'2024-07-15 18:36:14',1,6,7),(22352301,1175815,435,7,'2024-07-15 19:25:17',322,'2024-07-15 19:31:25',2,6,7),(22352511,1175962,281,7,'2024-07-15 19:46:53',281,'2024-07-15 19:48:27',2,4,7),(22353130,1058741,5,7,'2024-07-15 20:55:47',516,'2024-07-15 21:06:09',2,2,7),(22353387,1058741,222,7,'2024-07-15 21:38:42',5,'2024-07-15 21:44:13',2,3,7),(22354010,679929,281,7,'2024-07-16 00:51:49',491,'2024-07-16 01:14:16',2,5,7),(22354754,1004430,14,7,'2024-07-16 07:21:51',5,'2024-07-16 08:00:55',1,1,7),(22356114,1106224,539,7,'2024-07-16 09:20:07',57,'2024-07-16 09:31:40',1,10,7),(22356597,1161152,479,7,'2024-07-16 10:00:17',29,'2024-07-16 10:29:38',2,6,7),(22358071,202671,359,7,'2024-07-16 12:17:23',230,'2024-07-16 12:30:20',1,5,7),(22360849,280113,260,7,'2024-07-16 15:40:36',379,'2024-07-16 15:54:55',2,3,7),(22361049,631240,229,7,'2024-07-16 15:52:04',182,'2024-07-16 16:07:57',1,7,7),(22362276,703593,6,7,'2024-07-16 16:51:11',172,'2024-07-16 17:29:43',2,2,7),(22362473,755905,501,7,'2024-07-16 17:02:04',355,'2024-07-16 17:16:59',1,10,7),(22363695,946252,41,7,'2024-07-16 17:58:40',403,'2024-07-16 18:06:04',1,6,7),(22363836,94456,99,7,'2024-07-16 18:04:23',17,'2024-07-16 18:16:09',2,1,7),(22364050,864392,242,7,'2024-07-16 18:13:28',516,'2024-07-16 18:21:00',1,7,7),(22365100,581423,116,7,'2024-07-16 19:20:37',190,'2024-07-16 19:28:55',1,10,7),(22365983,1058741,5,7,'2024-07-16 20:41:33',516,'2024-07-16 20:50:58',1,6,7),(22366255,1058741,222,7,'2024-07-16 21:15:05',5,'2024-07-16 21:20:40',1,8,7),(22366512,94456,227,7,'2024-07-16 21:48:58',99,'2024-07-16 21:59:18',2,4,7),(22367574,1112433,281,7,'2024-07-17 05:16:51',367,'2024-07-17 05:26:29',2,7,7),(22368055,1004430,14,7,'2024-07-17 07:21:33',14,'2024-07-17 08:02:15',1,9,7),(22368141,318881,275,7,'2024-07-17 07:34:05',521,'2024-07-17 07:56:33',1,7,7),(22368346,581423,190,7,'2024-07-17 08:00:06',116,'2024-07-17 08:05:40',2,2,7),(22369406,303608,25,7,'2024-07-17 09:32:44',25,'2024-07-17 09:33:10',2,7,7),(22369415,303608,25,7,'2024-07-17 09:33:22',33,'2024-07-17 09:48:17',2,2,7),(22369443,1106224,175,7,'2024-07-17 09:35:21',57,'2024-07-17 09:46:04',2,4,7),(22370979,317840,492,7,'2024-07-17 11:44:33',299,'2024-07-17 12:09:07',2,6,7),(22371862,673248,102,7,'2024-07-17 12:45:06',206,'2024-07-17 12:59:17',2,5,7),(22371998,755905,501,7,'2024-07-17 12:55:52',478,'2024-07-17 13:12:12',1,10,7),(22372650,1076431,247,7,'2024-07-17 13:49:07',278,'2024-07-17 14:04:28',2,5,7),(22374173,1050860,267,7,'2024-07-17 15:32:00',267,'2024-07-17 18:18:22',1,5,7),(22374464,318881,521,7,'2024-07-17 15:49:59',275,'2024-07-17 16:16:05',1,5,7),(22374875,18475,254,7,'2024-07-17 16:12:20',220,'2024-07-17 16:26:43',1,6,7),(22376709,1175559,148,7,'2024-07-17 17:39:22',407,'2024-07-17 18:12:36',2,8,7),(22377188,864392,242,7,'2024-07-17 18:02:32',516,'2024-07-17 18:12:53',2,6,7),(22377541,946252,41,7,'2024-07-17 18:18:18',403,'2024-07-17 18:26:19',1,4,7),(22379003,94456,99,7,'2024-07-17 19:54:24',227,'2024-07-17 20:07:34',2,1,7),(22379659,673248,436,7,'2024-07-17 20:57:03',511,'2024-07-17 21:07:46',1,5,7),(22380498,673248,511,7,'2024-07-17 23:14:13',102,'2024-07-17 23:22:55',1,3,7),(22381154,1176341,152,7,'2024-07-18 03:10:54',152,'2024-07-18 03:12:40',2,1,7),(22381159,1176341,152,7,'2024-07-18 03:13:05',152,'2024-07-18 03:29:31',1,8,7),(22381201,1176341,152,7,'2024-07-18 03:46:22',152,'2024-07-18 04:10:35',1,6,7),(22381704,1004430,517,7,'2024-07-18 07:18:03',516,'2024-07-18 07:54:45',1,4,7),(22381908,673248,102,7,'2024-07-18 07:49:52',527,'2024-07-18 07:55:26',1,4,7),(22383798,18475,73,7,'2024-07-18 10:37:50',163,'2024-07-18 11:00:20',1,4,7),(22384333,18475,163,7,'2024-07-18 11:19:40',199,'2024-07-18 11:32:10',2,7,7),(22384547,1179249,490,7,'2024-07-18 11:40:45',490,'2024-07-18 12:15:29',1,1,7),(22385990,1050860,267,7,'2024-07-18 13:39:14',336,'2024-07-18 13:54:01',2,7,7),(22388239,979289,384,7,'2024-07-18 15:59:14',384,'2024-07-18 16:12:57',2,10,7),(22389980,1145173,4,7,'2024-07-18 17:18:44',130,'2024-07-18 17:32:37',1,7,7),(22391069,864392,242,7,'2024-07-18 18:08:55',517,'2024-07-18 18:18:44',2,1,7),(22391159,914135,464,7,'2024-07-18 18:12:20',538,'2024-07-18 18:41:56',2,1,7),(22391803,673248,524,7,'2024-07-18 18:44:30',102,'2024-07-18 19:05:05',2,10,7),(22392246,1136325,98,7,'2024-07-18 19:12:49',57,'2024-07-18 19:44:55',2,8,7),(22392464,1179924,518,7,'2024-07-18 19:30:33',14,'2024-07-18 20:18:23',2,5,7),(22393403,1058741,5,7,'2024-07-18 21:01:35',516,'2024-07-18 21:13:10',1,3,7),(22393697,1058741,222,7,'2024-07-18 21:38:15',5,'2024-07-18 21:44:17',1,3,7),(22395533,1004430,14,7,'2024-07-19 07:28:03',14,'2024-07-19 07:28:24',2,1,7),(22395548,1004430,14,7,'2024-07-19 07:30:17',5,'2024-07-19 08:09:25',2,1,7),(22397069,303608,65,7,'2024-07-19 10:33:13',33,'2024-07-19 10:53:00',2,5,7),(22397425,1180130,6,7,'2024-07-19 11:16:25',6,'2024-07-19 11:45:04',2,10,7),(22398981,1125996,6,7,'2024-07-19 13:39:54',6,'2024-07-19 13:49:19',1,9,7),(22402029,1004430,210,7,'2024-07-19 17:17:51',177,'2024-07-19 17:34:55',2,7,7),(22402163,1145173,4,7,'2024-07-19 17:25:13',536,'2024-07-19 17:49:57',1,8,7),(22402531,946252,41,7,'2024-07-19 17:50:22',424,'2024-07-19 17:55:46',2,6,7),(22405671,1161798,144,7,'2024-07-20 03:25:44',191,'2024-07-20 03:59:10',2,10,7),(22407337,673248,102,7,'2024-07-20 16:09:08',534,'2024-07-20 16:19:15',2,6,7),(22407384,848657,3,7,'2024-07-20 16:30:57',164,'2024-07-20 17:08:05',2,1,7),(22407602,673248,206,7,'2024-07-20 18:01:25',102,'2024-07-20 18:07:43',2,1,7),(22407817,666040,93,7,'2024-07-20 19:41:36',93,'2024-07-20 19:41:36',1,7,7),(22408616,1136325,14,7,'2024-07-21 03:05:51',478,'2024-07-21 03:29:02',2,2,7),(22408971,1004430,14,7,'2024-07-21 07:21:39',14,'2024-07-21 07:22:11',2,1,7),(22408975,1004430,14,7,'2024-07-21 07:22:56',517,'2024-07-21 07:55:24',2,3,7),(22409715,1180765,71,7,'2024-07-21 13:35:55',71,'2024-07-21 14:11:01',1,2,7),(22411033,1180960,364,7,'2024-07-21 17:57:56',364,'2024-07-21 18:20:01',2,5,7),(22411274,673248,102,7,'2024-07-21 18:54:51',472,'2024-07-21 19:10:19',2,1,7),(22411399,697099,22,7,'2024-07-21 19:26:08',5,'2024-07-21 20:01:14',1,2,7),(22411448,1178919,5,7,'2024-07-21 19:36:47',193,'2024-07-21 20:25:31',2,4,7),(22411551,673248,472,7,'2024-07-21 20:08:50',102,'2024-07-21 20:18:00',2,7,7),(22411997,1161798,191,7,'2024-07-22 00:38:53',144,'2024-07-22 00:59:15',2,10,7),(22412717,1004430,14,7,'2024-07-22 07:25:17',516,'2024-07-22 08:02:47',1,4,7),(22413587,1106224,539,7,'2024-07-22 09:32:46',57,'2024-07-22 09:44:11',2,10,7),(22415299,1175962,8,7,'2024-07-22 13:28:44',530,'2024-07-22 14:02:32',2,3,7),(22415826,1175962,254,7,'2024-07-22 14:21:41',449,'2024-07-22 14:36:17',2,1,7),(22416367,1069723,5,7,'2024-07-22 15:07:54',5,'2024-07-22 15:09:35',2,6,7),(22416651,303608,65,7,'2024-07-22 15:28:14',33,'2024-07-22 15:46:12',1,10,7),(22417742,653260,121,7,'2024-07-22 16:41:04',65,'2024-07-22 16:51:38',1,6,7),(22417747,755905,435,7,'2024-07-22 16:41:23',355,'2024-07-22 16:56:44',1,2,7),(22418086,810016,165,7,'2024-07-22 17:03:55',165,'2024-07-22 17:04:17',2,7,7),(22418116,810016,469,7,'2024-07-22 17:05:31',370,'2024-07-22 17:34:28',2,10,7),(22418743,864392,242,7,'2024-07-22 17:36:09',516,'2024-07-22 17:43:05',1,10,7),(22419033,946252,41,7,'2024-07-22 17:50:53',403,'2024-07-22 18:02:52',2,6,7),(22419304,923683,530,7,'2024-07-22 18:05:55',278,'2024-07-22 18:57:04',1,7,7),(22419498,810016,370,7,'2024-07-22 18:15:00',336,'2024-07-22 18:56:41',2,10,7),(22419669,1178919,5,7,'2024-07-22 18:23:33',515,'2024-07-22 18:31:41',2,5,7),(22420170,697099,22,7,'2024-07-22 19:02:13',202,'2024-07-22 19:16:24',1,8,7),(22420221,759704,156,7,'2024-07-22 19:07:05',364,'2024-07-22 19:23:15',1,7,7),(22420326,1038185,166,7,'2024-07-22 19:17:15',45,'2024-07-22 19:42:59',2,2,7),(22420454,1168860,135,7,'2024-07-22 19:28:35',75,'2024-07-22 19:58:22',2,6,7),(22420742,1178919,515,7,'2024-07-22 19:59:58',14,'2024-07-22 20:00:00',1,8,7),(22420888,1011501,68,7,'2024-07-22 20:17:03',68,'2024-07-22 20:24:17',1,3,7),(22421032,1038185,71,7,'2024-07-22 20:38:49',79,'2024-07-22 21:29:23',1,5,7),(22421481,1038185,543,7,'2024-07-22 21:45:50',79,'2024-07-22 22:15:23',2,8,7),(22421915,1177674,162,7,'2024-07-22 23:44:45',543,'2024-07-23 00:12:00',1,10,7),(22422113,1112433,79,7,'2024-07-23 00:38:02',111,'2024-07-23 00:38:04',1,8,7),(22422312,1177674,543,7,'2024-07-23 02:08:24',162,'2024-07-23 02:33:52',1,6,7),(22422869,1004430,14,7,'2024-07-23 07:23:26',5,'2024-07-23 07:54:19',2,6,7),(22423404,755905,478,7,'2024-07-23 08:31:39',489,'2024-07-23 08:46:08',1,9,7),(22424069,1106224,168,7,'2024-07-23 09:48:49',168,'2024-07-23 09:49:31',1,7,7),(22425121,755905,489,7,'2024-07-23 12:01:37',355,'2024-07-25 09:51:09',1,4,7),(22426397,1175962,8,7,'2024-07-23 14:06:00',530,'2024-07-23 14:35:59',1,8,7),(22426870,653260,65,7,'2024-07-23 14:53:27',121,'2024-07-23 15:04:36',2,8,7),(22427109,697099,269,7,'2024-07-23 15:15:02',14,'2024-07-23 15:36:03',2,4,7),(22427991,156938,26,7,'2024-07-23 16:12:32',130,'2024-07-23 16:27:32',2,3,7),(22428194,114078,66,7,'2024-07-23 16:27:57',9,'2024-07-23 16:36:56',2,2,7),(22429056,1145173,4,7,'2024-07-23 17:16:50',2,'2024-07-23 17:29:13',2,6,7),(22429369,673248,524,7,'2024-07-23 17:36:37',102,'2024-07-23 17:58:05',1,3,7),(22429559,631240,229,7,'2024-07-23 17:48:42',182,'2024-07-23 18:00:54',1,7,7),(22429972,946252,21,7,'2024-07-23 18:09:59',403,'2024-07-23 18:18:27',1,2,7),(22431609,1071196,281,7,'2024-07-23 20:22:50',381,'2024-07-23 20:28:15',1,8,7),(22432810,1162656,200,7,'2024-07-24 00:48:55',516,'2024-07-24 01:07:05',2,8,7),(22433159,1162656,516,7,'2024-07-24 02:11:39',161,'2024-07-24 02:48:01',1,9,7),(22433812,1004430,516,7,'2024-07-24 07:24:40',517,'2024-07-24 07:53:10',2,9,7),(22433830,318881,323,7,'2024-07-24 07:27:44',521,'2024-07-24 07:49:36',1,9,7),(22434792,1106224,539,7,'2024-07-24 09:22:52',57,'2024-07-24 09:35:18',2,8,7),(22436624,1175962,8,7,'2024-07-24 13:42:30',381,'2024-07-24 14:23:21',1,1,7),(22436687,18475,253,7,'2024-07-24 13:50:45',204,'2024-07-24 13:58:11',1,4,7),(22437025,18475,204,7,'2024-07-24 14:22:45',220,'2024-07-24 14:35:11',2,4,7),(22438717,131240,58,7,'2024-07-24 17:16:02',212,'2024-07-24 17:42:32',2,5,7),(22439351,1182282,79,7,'2024-07-24 18:00:41',79,'2024-07-24 18:00:43',1,10,7),(22439625,864392,242,7,'2024-07-24 18:19:11',516,'2024-07-24 18:29:06',1,4,7),(22442695,1004430,516,7,'2024-07-25 07:33:57',516,'2024-07-25 07:54:21',2,5,7),(22443134,1182421,469,7,'2024-07-25 08:43:35',316,'2024-07-25 09:12:46',2,7,7),(22443615,1106224,175,7,'2024-07-25 09:44:21',57,'2024-07-25 09:55:31',1,9,7),(22444801,156938,26,7,'2024-07-25 12:10:05',132,'2024-07-25 12:18:19',2,8,7),(22446307,679929,44,7,'2024-07-25 14:29:32',379,'2024-07-25 14:45:35',2,6,7),(22446599,1182634,26,7,'2024-07-25 14:51:12',228,'2024-07-25 15:39:11',2,5,7),(22447774,1182421,316,7,'2024-07-25 16:08:39',469,'2024-07-25 16:38:07',1,5,7),(22448486,755905,501,7,'2024-07-25 16:50:02',478,'2024-07-25 17:07:49',1,7,7),(22449306,679929,9,7,'2024-07-25 17:27:05',261,'2024-07-25 17:27:05',2,9,7),(22450374,114078,181,7,'2024-07-25 18:19:59',210,'2024-07-25 18:40:52',2,6,7),(22451717,864392,144,7,'2024-07-25 19:54:45',45,'2024-07-25 19:54:45',2,2,7),(22451905,673248,206,7,'2024-07-25 20:09:45',101,'2024-07-25 20:15:03',1,10,7),(22452191,697099,22,7,'2024-07-25 20:42:54',202,'2024-07-25 20:54:19',2,5,7),(22452915,755905,322,7,'2024-07-25 22:37:17',355,'2024-07-25 22:50:20',2,5,7),(22454307,1004430,14,7,'2024-07-26 07:20:06',516,'2024-07-26 07:50:11',1,1,7),(22454547,581423,9,7,'2024-07-26 07:55:45',116,'2024-07-26 08:01:04',2,10,7),(22455536,1106224,416,7,'2024-07-26 09:38:25',416,'2024-07-26 09:38:46',2,2,7),(22455552,1106224,416,7,'2024-07-26 09:38:58',416,'2024-07-26 09:39:19',1,2,7),(22456240,18475,73,7,'2024-07-26 10:50:25',220,'2024-07-26 11:15:04',2,3,7),(22456592,1183133,515,7,'2024-07-26 11:28:02',515,'2024-07-26 12:21:05',2,5,7),(22458951,1032950,216,7,'2024-07-26 14:37:26',289,'2024-07-26 15:38:27',1,10,7),(22459627,1182421,316,7,'2024-07-26 15:20:34',469,'2024-07-26 15:47:49',1,3,7),(22459720,1183302,134,7,'2024-07-26 15:26:22',327,'2024-07-26 16:17:57',1,10,7),(22459788,303608,65,7,'2024-07-26 15:31:26',33,'2024-07-26 15:49:42',2,3,7),(22461553,1183302,327,7,'2024-07-26 17:04:38',310,'2024-07-26 17:49:17',1,1,7),(22463285,1183567,440,7,'2024-07-26 18:38:54',163,'2024-07-26 19:08:27',1,3,7),(22464034,946252,41,7,'2024-07-26 19:39:53',403,'2024-07-26 19:48:36',2,6,7),(22466480,1004430,14,7,'2024-07-27 07:31:51',5,'2024-07-27 08:23:35',2,9,7),(22469056,4143,417,7,'2024-07-27 16:20:19',422,'2024-07-27 16:27:51',2,2,7),(22469217,1170132,490,7,'2024-07-27 16:38:32',490,'2024-07-27 17:11:49',1,2,7),(22469827,1082986,516,7,'2024-07-27 17:39:08',516,'2024-07-27 17:39:08',1,10,7),(22470082,1025615,475,7,'2024-07-27 18:03:58',474,'2024-07-27 18:18:38',2,6,7),(22470234,4143,422,7,'2024-07-27 18:25:23',417,'2024-07-27 18:34:47',2,10,7),(22470511,1136325,222,7,'2024-07-27 19:09:31',187,'2024-07-27 19:41:48',1,10,7),(22473546,1184515,156,7,'2024-07-28 14:31:10',289,'2024-07-28 15:07:20',2,10,7),(22473621,878869,215,7,'2024-07-28 14:43:41',212,'2024-07-28 15:11:53',1,5,7),(22473980,1121908,449,7,'2024-07-28 15:41:32',375,'2024-07-28 16:02:27',2,8,7),(22474081,819255,252,7,'2024-07-28 15:54:08',126,'2024-07-28 17:15:33',2,10,7),(22474547,1184515,289,7,'2024-07-28 17:11:12',289,'2024-07-28 17:11:33',2,3,7),(22474562,1184515,289,7,'2024-07-28 17:13:07',156,'2024-07-28 17:33:26',2,5,7),(22474873,1025615,475,7,'2024-07-28 17:49:58',474,'2024-07-28 18:05:50',1,10,7),(22476847,1004430,14,7,'2024-07-29 07:23:55',5,'2024-07-29 08:06:51',2,5,7),(22477948,1106224,175,7,'2024-07-29 09:15:45',57,'2024-07-29 09:28:02',2,10,7),(22478181,1182421,316,7,'2024-07-29 09:29:31',163,'2024-07-29 09:52:01',2,4,7),(22481526,1182421,13,7,'2024-07-29 14:30:33',316,'2024-07-29 14:58:22',2,2,7),(22482335,303608,25,7,'2024-07-29 15:34:17',25,'2024-07-29 15:34:38',2,4,7),(22482348,303608,25,7,'2024-07-29 15:35:02',33,'2024-07-29 15:49:00',2,1,7),(22482866,1133745,8,7,'2024-07-29 16:04:43',8,'2024-07-29 16:22:40',2,9,7),(22483593,868349,261,7,'2024-07-29 16:45:59',505,'2024-07-29 17:10:07',1,10,7),(22484220,1004430,177,7,'2024-07-29 17:17:41',5,'2024-07-29 17:40:01',2,10,7),(22484444,946252,70,7,'2024-07-29 17:27:49',25,'2024-07-29 17:33:24',1,3,7),(22484530,1051817,407,7,'2024-07-29 17:33:10',363,'2024-07-29 17:42:04',2,3,7),(22485239,864392,242,7,'2024-07-29 18:12:18',517,'2024-07-29 18:22:47',1,3,7),(22485258,7404,517,7,'2024-07-29 18:12:58',428,'2024-07-29 18:42:54',2,7,7),(22489120,673248,102,7,'2024-07-30 07:59:51',500,'2024-07-30 08:21:30',2,8,7),(22489476,858252,278,7,'2024-07-30 08:30:33',322,'2024-07-30 08:43:08',2,10,7),(22489555,1182421,316,7,'2024-07-30 08:38:02',163,'2024-07-30 09:02:25',2,10,7),(22490224,1106224,175,7,'2024-07-30 09:31:49',57,'2024-07-30 09:43:57',1,8,7),(22490889,1161152,499,7,'2024-07-30 10:30:40',29,'2024-07-30 10:50:29',2,4,7),(22491187,923683,278,7,'2024-07-30 11:02:17',474,'2024-07-30 11:42:33',1,5,7),(22491383,1185150,29,7,'2024-07-30 11:28:35',101,'2024-07-30 11:54:06',2,4,7),(22491505,18475,253,7,'2024-07-30 11:42:48',223,'2024-07-30 11:49:04',2,8,7),(22492167,1185150,101,7,'2024-07-30 12:50:27',74,'2024-07-30 13:03:35',1,8,7),(22492376,280113,202,7,'2024-07-30 13:04:15',420,'2024-07-30 13:43:50',2,1,7),(22493709,1182421,13,7,'2024-07-30 14:53:47',316,'2024-07-30 15:20:16',1,3,7),(22494991,1133745,183,7,'2024-07-30 16:18:42',8,'2024-07-30 16:34:15',1,1,7),(22495267,417515,336,7,'2024-07-30 16:35:45',476,'2024-07-30 16:47:56',2,3,7),(22495693,1133745,8,7,'2024-07-30 17:00:57',468,'2024-07-30 19:33:59',1,4,7),(22496827,946252,41,7,'2024-07-30 17:59:41',403,'2024-07-30 18:07:55',2,8,7),(22496926,1161307,155,7,'2024-07-30 18:04:08',424,'2024-07-30 18:12:59',1,4,7),(22497022,864392,242,7,'2024-07-30 18:08:08',516,'2024-07-30 18:17:30',2,3,7),(22498002,417515,476,7,'2024-07-30 19:06:33',336,'2024-07-30 19:23:52',2,5,7),(22498262,233259,112,7,'2024-07-30 19:30:37',8,'2024-07-30 19:38:23',1,5,7),(22498609,923683,474,7,'2024-07-30 20:03:35',278,'2024-07-30 20:44:46',1,4,7),(22498991,631240,229,7,'2024-07-30 20:44:57',361,'2024-07-30 21:06:53',2,8,7),(22499247,755905,322,7,'2024-07-30 21:20:33',355,'2024-07-30 21:30:31',2,8,7),(22501007,318881,275,7,'2024-07-31 07:38:38',521,'2024-07-31 07:38:40',2,8,7),(22501275,581423,190,7,'2024-07-31 08:05:25',116,'2024-07-31 08:12:16',1,4,7),(22501769,1182421,316,7,'2024-07-31 08:45:03',163,'2024-07-31 09:06:54',1,8,7),(22502394,1106224,539,7,'2024-07-31 09:32:33',57,'2024-07-31 09:45:05',1,4,7),(22502453,1175962,175,7,'2024-07-31 09:38:03',183,'2024-07-31 09:38:05',1,1,7),(22503205,1185150,219,7,'2024-07-31 10:40:37',219,'2024-07-31 10:41:05',2,5,7),(22503219,1185150,219,7,'2024-07-31 10:41:35',219,'2024-07-31 10:42:03',2,6,7),(22503228,1185150,522,7,'2024-07-31 10:42:27',101,'2024-07-31 10:53:24',2,7,7),(22504562,353310,322,7,'2024-07-31 12:42:20',501,'2024-07-31 12:46:24',2,7,7),(22505371,1175962,8,7,'2024-07-31 13:47:23',449,'2024-07-31 14:25:24',1,5,7),(22506105,1182421,13,7,'2024-07-31 14:46:55',316,'2024-07-31 17:43:16',2,5,7),(22506683,1133745,8,7,'2024-07-31 15:29:22',183,'2024-07-31 15:40:24',2,2,7),(22506798,318881,521,7,'2024-07-31 15:37:40',537,'2024-07-31 15:52:56',2,6,7),(22508062,417515,336,7,'2024-07-31 16:54:02',476,'2024-07-31 17:06:28',1,3,7),(22508787,1051817,407,7,'2024-07-31 17:31:26',374,'2024-07-31 17:40:20',1,4,7),(22508855,864392,242,7,'2024-07-31 17:34:17',242,'2024-07-31 17:34:59',2,6,7),(22508879,864392,242,7,'2024-07-31 17:35:33',516,'2024-07-31 17:42:17',2,9,7),(22510285,417515,476,7,'2024-07-31 18:58:59',336,'2024-07-31 19:33:21',1,9,7),(22512038,851072,92,7,'2024-07-31 22:20:58',199,'2024-07-31 22:45:13',1,7,7),(22512191,923683,235,7,'2024-07-31 22:50:09',278,'2024-07-31 23:01:01',2,2,7),(22512589,851072,199,8,'2024-08-01 00:18:48',219,'2024-08-01 00:30:33',2,6,8),(22512605,1185809,49,8,'2024-08-01 00:24:14',49,'2024-08-01 00:59:17',2,5,8),(22514105,581423,190,8,'2024-08-01 08:09:34',116,'2024-08-01 08:16:42',1,9,8),(22514355,858252,278,8,'2024-08-01 08:26:26',322,'2024-08-01 08:38:15',1,2,8),(22515326,1133745,183,8,'2024-08-01 09:33:11',45,'2024-08-01 10:20:47',2,8,8),(22515348,1106224,175,8,'2024-08-01 09:35:03',57,'2024-08-01 09:46:17',2,5,8),(22516043,417515,241,8,'2024-08-01 10:34:59',336,'2024-08-01 10:44:30',2,7,8),(22516575,4143,54,8,'2024-08-01 11:26:20',161,'2024-08-01 11:29:21',1,7,8),(22516666,1133745,8,8,'2024-08-01 11:34:12',45,'2024-08-01 11:50:49',2,3,8),(22517413,1122137,118,8,'2024-08-01 12:31:41',466,'2024-08-01 12:42:00',1,1,8),(22517773,156938,353,8,'2024-08-01 13:00:52',444,'2024-08-01 13:09:24',2,9,8),(22518672,1175962,449,8,'2024-08-01 14:03:58',335,'2024-08-01 14:26:08',2,6,8),(22519186,1133745,8,8,'2024-08-01 14:45:09',71,'2024-08-01 16:33:37',1,6,8),(22519484,755905,489,8,'2024-08-01 15:07:22',322,'2024-08-01 15:10:22',2,8,8),(22520359,755905,322,8,'2024-08-01 15:57:02',524,'2024-08-01 16:04:07',1,2,8),(22520504,156938,536,8,'2024-08-01 16:05:09',353,'2024-08-01 16:16:30',1,2,8),(22520648,417515,241,8,'2024-08-01 16:12:16',241,'2024-08-01 16:12:38',2,6,8),(22520672,417515,241,8,'2024-08-01 16:13:39',336,'2024-08-01 16:26:01',2,1,8),(22520938,846235,74,8,'2024-08-01 16:29:02',74,'2024-08-01 17:20:14',1,9,8),(22521305,666040,32,8,'2024-08-01 16:49:19',93,'2024-08-01 17:08:22',1,2,8),(22521642,1122137,466,8,'2024-08-01 17:07:56',118,'2024-08-01 17:19:27',2,2,8),(22523030,864392,242,8,'2024-08-01 18:12:27',516,'2024-08-01 18:22:08',2,2,8),(22524570,1038185,538,8,'2024-08-01 19:54:20',500,'2024-08-01 20:16:12',2,6,8),(22525369,1058741,5,8,'2024-08-01 21:09:28',516,'2024-08-01 21:18:33',1,6,8),(22525585,1058741,222,8,'2024-08-01 21:39:26',5,'2024-08-01 21:46:31',1,3,8),(22525963,1183133,516,8,'2024-08-01 22:40:53',516,'2024-08-01 23:09:02',1,8,8),(22526068,1185809,49,8,'2024-08-01 23:04:51',204,'2024-08-01 23:18:18',2,5,8),(22526072,1050860,471,8,'2024-08-01 23:05:17',417,'2024-08-01 23:39:59',2,6,8),(22526354,1185809,204,8,'2024-08-02 00:04:58',204,'2024-08-02 00:13:12',1,7,8),(22526440,1050860,532,8,'2024-08-02 00:27:35',267,'2024-08-02 01:42:45',1,3,8),(22526452,1177142,499,8,'2024-08-02 00:30:49',492,'2024-08-02 00:58:36',1,4,8),(22528251,923683,278,8,'2024-08-02 08:34:16',385,'2024-08-02 09:02:50',1,7,8),(22529476,923683,385,8,'2024-08-02 10:05:48',474,'2024-08-02 10:11:16',2,4,8),(22529897,1186368,144,8,'2024-08-02 10:39:04',466,'2024-08-02 13:46:44',1,2,8),(22530989,755905,355,8,'2024-08-02 12:25:10',489,'2024-08-02 12:38:49',1,5,8),(22531584,156938,26,8,'2024-08-02 13:11:15',60,'2024-08-02 13:11:17',1,6,8),(22533093,1040909,86,8,'2024-08-02 14:52:28',120,'2024-08-02 15:04:09',1,1,8),(22533470,1186108,210,8,'2024-08-02 15:14:40',490,'2024-08-02 15:57:48',1,5,8),(22533562,1040909,120,8,'2024-08-02 15:19:33',86,'2024-08-02 15:29:35',1,3,8),(22533805,417515,241,8,'2024-08-02 15:35:12',336,'2024-08-02 15:35:14',2,9,8),(22536752,923683,474,8,'2024-08-02 18:12:05',493,'2024-08-02 18:35:52',2,8,8),(22537200,353310,322,8,'2024-08-02 18:33:09',501,'2024-08-02 18:37:48',2,5,8),(22538181,1186767,387,8,'2024-08-02 19:27:52',387,'2024-08-02 19:34:35',1,4,8),(22538501,1186767,387,8,'2024-08-02 19:49:46',387,'2024-08-02 19:54:55',2,7,8),(22539544,1076431,236,8,'2024-08-02 21:30:51',440,'2024-08-02 22:01:42',2,5,8),(22539625,755905,322,8,'2024-08-02 21:43:03',355,'2024-08-02 21:53:28',2,5,8),(22542290,914135,515,8,'2024-08-03 15:45:02',65,'2024-08-03 16:04:28',2,8,8),(22542351,755905,478,8,'2024-08-03 15:52:30',489,'2024-08-03 16:06:23',2,8,8),(22544658,1011273,524,8,'2024-08-04 01:23:07',537,'2024-08-04 01:36:51',2,9,8),(22544768,755905,534,8,'2024-08-04 02:02:42',478,'2024-08-04 02:20:30',2,8,8),(22546086,755905,478,8,'2024-08-04 12:05:48',322,'2024-08-04 12:21:33',1,9,8),(22546228,755905,322,8,'2024-08-04 12:47:15',355,'2024-08-04 12:58:42',1,2,8),(22546392,914135,228,8,'2024-08-04 13:24:04',152,'2024-08-04 13:52:22',2,3,8),(22549099,673248,102,8,'2024-08-04 19:32:35',418,'2024-08-04 19:39:32',1,3,8),(22549244,703593,196,8,'2024-08-04 20:11:10',35,'2024-08-04 20:31:20',2,9,8),(22549474,755905,524,8,'2024-08-04 21:36:06',478,'2024-08-04 21:44:14',1,8,8),(22550101,1161798,191,8,'2024-08-05 02:20:33',144,'2024-08-05 02:40:49',1,3,8),(22550931,318881,275,8,'2024-08-05 07:39:59',511,'2024-08-05 07:54:07',2,7,8),(22552159,1106224,175,8,'2024-08-05 09:29:12',57,'2024-08-05 09:40:12',1,5,8),(22553141,1183133,210,8,'2024-08-05 10:52:45',379,'2024-08-05 11:46:30',1,8,8),(22553270,1045143,177,8,'2024-08-05 11:00:48',177,'2024-08-05 11:26:51',1,1,8),(22553940,1183133,379,8,'2024-08-05 12:09:05',5,'2024-08-05 12:29:26',2,9,8),(22554227,1122137,118,8,'2024-08-05 12:32:01',466,'2024-08-05 12:32:03',2,7,8),(22554268,318881,521,8,'2024-08-05 12:37:12',275,'2024-08-05 13:01:32',1,3,8),(22554327,156938,353,8,'2024-08-05 12:41:00',135,'2024-08-05 12:50:04',2,1,8),(22554757,1133745,8,8,'2024-08-05 13:18:11',71,'2024-08-05 14:17:27',2,9,8),(22554924,156938,135,8,'2024-08-05 13:34:11',353,'2024-08-05 13:42:34',2,10,8),(22555343,1175962,8,8,'2024-08-05 14:13:49',378,'2024-08-05 14:54:36',2,3,8),(22555814,1186108,432,8,'2024-08-05 14:56:18',271,'2024-08-05 15:23:32',1,9,8),(22556619,1186108,271,8,'2024-08-05 15:55:03',432,'2024-08-05 16:22:06',2,10,8),(22556783,677472,516,8,'2024-08-05 16:07:25',364,'2024-08-05 16:19:54',1,10,8),(22557284,303608,25,8,'2024-08-05 16:39:08',25,'2024-08-05 16:41:34',2,3,8),(22557365,755905,435,8,'2024-08-05 16:45:24',355,'2024-08-05 17:01:42',2,8,8),(22557890,1122137,13,8,'2024-08-05 17:19:59',118,'2024-08-05 17:25:37',1,8,8),(22558818,864392,242,8,'2024-08-05 18:10:33',516,'2024-08-05 18:18:53',2,9,8),(22559950,946252,41,8,'2024-08-05 19:27:01',403,'2024-08-05 19:34:28',1,5,8),(22559953,1069090,169,8,'2024-08-05 19:27:19',166,'2024-08-05 19:54:47',1,1,8),(22560207,318881,278,8,'2024-08-05 19:48:56',275,'2024-08-05 19:55:51',2,4,8),(22560612,653260,56,8,'2024-08-05 20:29:23',212,'2024-08-05 20:53:57',1,5,8),(22560907,1058741,5,8,'2024-08-05 21:09:02',516,'2024-08-05 21:18:35',1,9,8),(22563061,673248,102,8,'2024-08-06 08:02:41',524,'2024-08-06 08:22:08',2,10,8),(22563109,858252,278,8,'2024-08-06 08:06:32',489,'2024-08-06 08:27:56',1,4,8),(22564145,1183133,516,8,'2024-08-06 09:22:54',379,'2024-08-06 10:12:52',1,5,8),(22564407,923683,349,8,'2024-08-06 09:47:04',474,'2024-08-06 10:20:33',2,3,8),(22565579,691149,35,8,'2024-08-06 11:41:49',35,'2024-08-06 11:44:20',1,6,8),(22565625,691149,35,8,'2024-08-06 11:44:40',60,'2024-08-06 11:50:05',2,9,8),(22565672,653260,121,8,'2024-08-06 11:48:49',56,'2024-08-06 11:56:54',2,9,8),(22565957,156938,130,8,'2024-08-06 12:15:51',353,'2024-08-06 12:24:26',1,1,8),(22566243,1185150,101,8,'2024-08-06 12:51:20',99,'2024-08-06 12:58:24',1,7,8),(22566336,755905,435,8,'2024-08-06 13:01:11',435,'2024-08-06 13:15:36',1,8,8),(22566759,1175962,8,8,'2024-08-06 13:57:28',378,'2024-08-06 14:40:45',2,2,8),(22566832,868349,241,8,'2024-08-06 14:12:17',473,'2024-08-06 14:21:23',1,9,8),(22567112,677472,364,8,'2024-08-06 15:03:59',242,'2024-08-06 15:24:49',2,6,8),(22567257,1040909,96,8,'2024-08-06 15:19:27',8,'2024-08-06 15:42:56',2,5,8),(22568722,1040909,8,8,'2024-08-06 17:20:32',96,'2024-08-06 17:46:58',2,1,8),(22569286,864392,242,8,'2024-08-06 17:59:59',516,'2024-08-06 18:10:21',2,7,8),(22569508,923683,158,8,'2024-08-06 18:12:11',24,'2024-08-06 18:12:13',2,5,8),(22569528,677472,242,8,'2024-08-06 18:13:33',364,'2024-08-06 18:40:12',1,5,8),(22570089,1183133,516,8,'2024-08-06 18:49:35',515,'2024-08-06 19:15:49',2,8,8),(22570589,1166625,8,8,'2024-08-06 19:40:04',93,'2024-08-06 19:47:16',2,3,8),(22571162,352027,66,8,'2024-08-06 20:53:01',9,'2024-08-06 20:59:26',2,3,8),(22571624,352027,9,8,'2024-08-06 22:16:23',9,'2024-08-06 22:16:40',2,6,8),(22571627,352027,9,8,'2024-08-06 22:17:19',66,'2024-08-06 22:26:16',2,10,8),(22573081,318881,275,8,'2024-08-07 07:45:12',521,'2024-08-07 08:07:36',1,1,8),(22573450,858252,278,8,'2024-08-07 08:23:49',322,'2024-08-07 08:34:24',2,7,8),(22574372,1183133,516,8,'2024-08-07 09:45:44',202,'2024-08-07 10:05:42',1,10,8),(22575181,1185150,101,8,'2024-08-07 11:09:32',74,'2024-08-07 11:28:14',1,8,8),(22575358,1032161,164,8,'2024-08-07 11:32:01',7,'2024-08-07 11:59:28',2,10,8),(22575625,755905,489,8,'2024-08-07 11:52:11',355,'2024-08-07 12:06:55',1,10,8),(22575790,862550,194,8,'2024-08-07 12:05:55',14,'2024-08-07 12:30:21',1,9,8),(22576181,1183133,202,8,'2024-08-07 12:40:28',5,'2024-08-07 13:07:44',2,2,8),(22577213,1004430,5,8,'2024-08-07 14:01:30',181,'2024-08-07 14:28:52',1,10,8),(22578253,1175962,183,8,'2024-08-07 15:19:11',183,'2024-08-07 15:19:32',1,7,8),(22578272,1175962,183,8,'2024-08-07 15:20:19',335,'2024-08-07 16:13:00',2,8,8),(22578429,808594,515,8,'2024-08-07 15:31:40',242,'2024-08-07 17:45:55',1,7,8),(22578610,318881,521,8,'2024-08-07 15:43:57',537,'2024-08-07 16:05:40',2,2,8),(22579713,417515,336,8,'2024-08-07 16:45:59',476,'2024-08-07 16:57:50',2,3,8),(22579952,1122137,13,8,'2024-08-07 16:58:32',118,'2024-08-07 17:04:34',2,2,8),(22580761,862550,5,8,'2024-08-07 17:39:00',17,'2024-08-07 18:07:21',1,5,8),(22581190,864392,242,8,'2024-08-07 18:00:37',516,'2024-08-07 18:09:56',1,4,8),(22582426,946252,41,8,'2024-08-07 19:14:44',403,'2024-08-07 19:22:52',1,9,8),(22584122,1038185,17,8,'2024-08-07 22:56:24',183,'2024-08-07 23:17:49',1,3,8),(22586391,1106224,175,8,'2024-08-08 09:28:05',57,'2024-08-08 09:39:29',1,6,8),(22587147,233259,112,8,'2024-08-08 10:32:24',175,'2024-08-08 10:46:07',1,2,8),(22587656,233259,175,8,'2024-08-08 11:24:08',46,'2024-08-08 11:36:17',1,6,8),(22588989,1186368,54,8,'2024-08-08 13:36:42',466,'2024-08-08 13:59:26',1,10,8),(22591006,1133745,183,8,'2024-08-08 16:32:50',468,'2024-08-08 19:10:08',2,1,8),(22591234,666040,132,8,'2024-08-08 16:55:20',93,'2024-08-08 17:15:38',1,1,8),(22591959,864392,242,8,'2024-08-08 18:43:18',516,'2024-08-08 18:50:11',1,1,8),(22592331,673248,534,8,'2024-08-08 20:12:54',89,'2024-08-08 20:26:21',2,5,8),(22592643,673248,124,8,'2024-08-08 22:34:53',102,'2024-08-08 22:57:40',1,8,8),(22594157,1106224,175,8,'2024-08-09 08:30:15',57,'2024-08-09 08:40:06',1,3,8),(22596779,691149,468,8,'2024-08-09 12:20:39',468,'2024-08-09 12:21:01',1,10,8),(22596788,691149,468,8,'2024-08-09 12:21:12',291,'2024-08-09 12:38:38',1,7,8),(22596890,1122137,118,8,'2024-08-09 12:29:34',466,'2024-08-09 12:42:54',1,9,8),(22599074,4143,54,8,'2024-08-09 15:22:26',50,'2024-08-09 15:22:28',1,10,8),(22600644,1189592,464,8,'2024-08-09 16:55:24',464,'2024-08-09 16:55:46',1,4,8),(22600669,1189592,464,8,'2024-08-09 16:57:00',464,'2024-08-09 17:22:19',2,10,8),(22600855,1122137,466,8,'2024-08-09 17:06:26',118,'2024-08-09 17:19:06',2,9,8),(22606265,1141311,516,8,'2024-08-10 12:39:39',516,'2024-08-10 13:35:30',2,10,8),(22606708,1189890,516,8,'2024-08-10 13:57:38',14,'2024-08-10 14:07:04',2,10,8),(22607161,969228,156,8,'2024-08-10 15:06:23',156,'2024-08-10 15:06:45',2,3,8),(22607169,969228,156,8,'2024-08-10 15:07:51',156,'2024-08-10 15:46:54',2,8,8),(22611257,1158497,263,8,'2024-08-11 10:57:07',255,'2024-08-11 11:04:08',1,3,8),(22611517,1190367,259,8,'2024-08-11 11:58:20',449,'2024-08-11 11:58:22',1,7,8),(22611572,930118,200,8,'2024-08-11 12:09:51',359,'2024-08-11 12:09:51',1,6,8),(22611690,1158497,255,8,'2024-08-11 12:32:07',263,'2024-08-11 12:39:31',1,2,8),(22612029,940541,275,8,'2024-08-11 13:37:32',516,'2024-08-11 14:09:49',2,6,8),(22614116,930118,359,8,'2024-08-11 18:03:19',200,'2024-08-11 19:20:36',1,10,8),(22614148,1190622,206,8,'2024-08-11 18:08:12',182,'2024-08-11 18:14:48',1,4,8),(22614714,940541,500,8,'2024-08-11 20:38:45',359,'2024-08-11 20:55:13',2,1,8),(22615269,1121908,9,8,'2024-08-12 01:44:49',449,'2024-08-12 02:23:02',2,10,8),(22617631,1106224,168,8,'2024-08-12 09:35:22',3,'2024-08-12 09:44:56',1,5,8),(22619556,318881,387,8,'2024-08-12 12:17:18',275,'2024-08-12 12:43:31',1,6,8),(22619849,1122137,186,8,'2024-08-12 12:37:06',466,'2024-08-12 12:45:16',2,7,8),(22620005,156938,26,8,'2024-08-12 12:51:35',135,'2024-08-12 13:02:23',2,10,8),(22620747,156938,135,8,'2024-08-12 13:49:51',26,'2024-08-12 13:58:51',2,1,8),(22622194,303608,65,8,'2024-08-12 15:29:54',181,'2024-08-12 15:48:26',2,5,8),(22622242,946252,41,8,'2024-08-12 15:33:00',403,'2024-08-12 15:39:19',1,2,8),(22623046,1133745,183,8,'2024-08-12 16:16:36',8,'2024-08-12 16:25:21',1,10,8),(22623898,1122137,466,8,'2024-08-12 17:02:41',118,'2024-08-12 17:13:31',1,10,8),(22624509,864392,242,8,'2024-08-12 17:31:24',516,'2024-08-12 17:39:40',2,9,8),(22624539,417515,336,8,'2024-08-12 17:32:56',476,'2024-08-12 17:44:07',1,9,8),(22625537,1133745,175,8,'2024-08-12 18:18:58',172,'2024-08-12 18:47:51',1,5,8),(22625756,306187,63,8,'2024-08-12 18:29:24',167,'2024-08-12 19:04:44',1,9,8),(22626304,666040,132,8,'2024-08-12 19:05:24',86,'2024-08-12 19:28:45',2,10,8),(22626361,1133745,172,8,'2024-08-12 19:08:32',71,'2024-08-12 19:33:10',1,1,8),(22626966,673248,269,8,'2024-08-12 19:58:51',527,'2024-08-12 20:09:38',1,9,8),(22627047,581423,116,8,'2024-08-12 20:05:09',190,'2024-08-12 20:11:00',2,8,8),(22627164,1133745,83,8,'2024-08-12 20:14:04',4,'2024-08-12 20:32:05',2,3,8),(22627206,940541,435,8,'2024-08-12 20:17:30',426,'2024-08-12 20:37:07',2,7,8),(22627644,1133745,4,8,'2024-08-12 21:08:55',8,'2024-08-12 21:30:51',2,2,8),(22628623,1191231,199,8,'2024-08-13 00:48:22',36,'2024-08-13 06:34:02',1,9,8),(22630269,858252,278,8,'2024-08-13 08:17:30',322,'2024-08-13 08:28:09',2,4,8),(22631675,1106224,168,8,'2024-08-13 09:47:13',57,'2024-08-13 09:55:14',2,2,8),(22633849,1122137,118,8,'2024-08-13 12:28:50',13,'2024-08-13 12:38:50',2,2,8),(22633942,417515,336,8,'2024-08-13 12:34:03',241,'2024-08-13 12:45:35',1,2,8),(22634140,1185150,101,8,'2024-08-13 12:45:52',74,'2024-08-13 12:59:07',1,8,8),(22635236,677472,50,8,'2024-08-13 13:56:09',242,'2024-08-13 14:04:57',1,4,8),(22635263,1175962,8,8,'2024-08-13 13:58:36',449,'2024-08-13 14:38:11',1,5,8),(22636131,1141311,210,8,'2024-08-13 15:01:28',210,'2024-08-13 15:42:02',2,7,8),(22636265,677472,242,8,'2024-08-13 15:09:56',50,'2024-08-13 15:19:27',2,2,8),(22636488,862550,418,8,'2024-08-13 15:23:32',418,'2024-08-13 15:43:37',2,3,8),(22636539,280113,234,8,'2024-08-13 15:26:22',156,'2024-08-13 15:49:41',1,9,8),(22636853,1040909,96,8,'2024-08-13 15:43:25',8,'2024-08-13 16:00:47',2,5,8),(22637571,810016,475,8,'2024-08-13 16:19:45',460,'2024-08-13 16:36:57',2,10,8),(22638078,646213,68,8,'2024-08-13 16:45:57',540,'2024-08-13 17:24:18',1,7,8),(22638324,810016,460,8,'2024-08-13 16:57:22',336,'2024-08-13 17:18:24',2,10,8),(22639049,1040909,8,8,'2024-08-13 17:24:39',96,'2024-08-13 18:04:33',2,9,8),(22639309,810016,336,8,'2024-08-13 17:35:57',460,'2024-08-13 17:53:39',2,8,8),(22639518,955829,131,8,'2024-08-13 17:44:50',516,'2024-08-13 18:15:08',2,7,8),(22640118,864392,242,8,'2024-08-13 18:09:07',516,'2024-08-13 18:18:05',2,3,8),(22640239,1191334,75,8,'2024-08-13 18:13:55',291,'2024-08-13 18:24:54',1,2,8),(22640492,810016,460,8,'2024-08-13 18:25:12',475,'2024-08-13 18:45:20',2,6,8),(22641056,666040,468,8,'2024-08-13 18:59:09',93,'2024-08-13 19:15:48',2,6,8),(22641414,581423,116,8,'2024-08-13 19:28:51',190,'2024-08-13 19:36:10',1,9,8),(22642186,631240,229,8,'2024-08-13 20:34:38',182,'2024-08-13 20:49:24',1,7,8),(22643194,860672,117,8,'2024-08-13 22:42:06',91,'2024-08-13 22:54:06',2,8,8),(22644498,1189286,176,8,'2024-08-14 06:45:47',533,'2024-08-14 06:51:46',2,8,8),(22644870,1175815,322,8,'2024-08-14 07:36:04',500,'2024-08-14 07:41:57',2,6,8),(22645524,858252,358,8,'2024-08-14 08:22:48',322,'2024-08-14 08:31:30',1,1,8),(22645857,1191334,168,8,'2024-08-14 08:48:51',75,'2024-08-14 09:02:20',1,9,8),(22646342,1106224,175,8,'2024-08-14 09:22:48',57,'2024-08-14 09:33:30',1,6,8),(22647283,992511,324,8,'2024-08-14 10:38:29',484,'2024-08-14 10:59:57',1,10,8),(22647518,1185150,101,8,'2024-08-14 11:00:54',29,'2024-08-14 11:18:35',1,4,8),(22648952,992511,484,8,'2024-08-14 12:57:15',324,'2024-08-14 13:23:19',2,9,8),(22650005,1175962,8,8,'2024-08-14 13:58:51',335,'2024-08-14 14:41:36',1,2,8),(22651625,318881,521,8,'2024-08-14 15:39:09',537,'2024-08-14 15:57:19',2,10,8),(22652825,417515,336,8,'2024-08-14 16:41:55',476,'2024-08-14 16:54:34',1,4,8),(22653714,1192107,516,8,'2024-08-14 17:22:26',516,'2024-08-14 17:22:48',1,10,8),(22653737,1192107,516,8,'2024-08-14 17:23:33',190,'2024-08-14 17:47:34',1,9,8),(22654361,864392,242,8,'2024-08-14 17:51:23',516,'2024-08-14 18:01:56',1,10,8),(22654677,1192145,68,8,'2024-08-14 18:03:37',268,'2024-08-14 18:28:16',2,10,8),(22654969,1191334,75,8,'2024-08-14 18:13:32',291,'2024-08-14 18:27:15',2,3,8),(22656398,946252,41,8,'2024-08-14 19:30:27',424,'2024-08-14 19:39:29',2,7,8),(22657005,1076431,400,8,'2024-08-14 20:19:56',362,'2024-08-14 20:31:20',2,2,8),(22657726,940541,435,8,'2024-08-14 21:31:01',426,'2024-08-14 21:45:12',1,9,8),(22660208,581423,190,8,'2024-08-15 08:05:09',116,'2024-08-15 08:12:43',1,8,8),(22661334,1106224,539,8,'2024-08-15 09:16:38',57,'2024-08-15 09:28:50',1,6,8),(22662543,417515,241,8,'2024-08-15 10:36:19',241,'2024-08-15 13:51:54',2,5,8),(22663444,754303,181,8,'2024-08-15 11:41:25',85,'2024-08-15 11:45:09',1,2,8),(22664239,754303,85,8,'2024-08-15 12:33:42',216,'2024-08-15 12:40:48',1,5,8),(22665195,1185150,101,8,'2024-08-15 13:28:40',215,'2024-08-15 13:41:09',1,7,8),(22665710,1175962,8,8,'2024-08-15 13:59:33',378,'2024-08-15 14:39:59',2,9,8),(22668892,94456,329,8,'2024-08-15 16:49:01',17,'2024-08-15 17:06:47',1,1,8),(22669103,1122137,466,8,'2024-08-15 16:58:57',118,'2024-08-15 17:24:21',1,7,8),(22669218,1106224,3,8,'2024-08-15 17:03:52',539,'2024-08-15 17:19:25',2,6,8),(22669929,858252,322,8,'2024-08-15 17:32:26',278,'2024-08-15 17:45:25',2,2,8),(22670378,864392,242,8,'2024-08-15 17:52:30',516,'2024-08-15 18:02:13',1,9,8),(22671454,1179924,128,8,'2024-08-15 18:37:45',71,'2024-08-15 19:23:37',2,9,8),(22672186,1158497,491,8,'2024-08-15 19:17:43',263,'2024-08-15 19:29:47',1,4,8),(22672677,417515,336,8,'2024-08-15 19:53:54',333,'2024-08-15 20:00:35',2,2,8),(22673997,1192846,490,8,'2024-08-15 21:52:48',541,'2024-08-15 21:59:21',2,2,8),(22674039,940541,435,8,'2024-08-15 21:59:03',426,'2024-08-15 22:14:55',1,3,8),(22675201,864392,56,8,'2024-08-16 02:19:54',14,'2024-08-16 02:26:44',2,2,8),(22675813,1189286,176,8,'2024-08-16 06:57:34',533,'2024-08-16 07:01:37',1,7,8),(22676507,1182421,469,8,'2024-08-16 08:10:49',316,'2024-08-16 08:41:11',1,2,8),(22676888,1191334,291,8,'2024-08-16 08:38:53',75,'2024-08-16 08:51:31',1,9,8),(22676970,1192899,8,8,'2024-08-16 08:43:15',107,'2024-08-16 08:56:58',2,4,8),(22677699,1106224,291,8,'2024-08-16 09:37:29',57,'2024-08-16 09:45:16',2,2,8),(22678285,417515,336,8,'2024-08-16 10:23:40',336,'2024-08-16 10:24:00',1,6,8),(22678293,417515,336,8,'2024-08-16 10:24:26',241,'2024-08-16 10:35:01',1,1,8),(22679328,1192899,107,8,'2024-08-16 11:47:44',83,'2024-08-16 12:08:56',1,10,8),(22680166,880658,38,8,'2024-08-16 12:52:45',33,'2024-08-16 13:03:53',1,7,8),(22682496,1189286,533,8,'2024-08-16 15:26:06',176,'2024-08-16 15:30:16',2,5,8),(22683253,677472,242,8,'2024-08-16 16:09:28',50,'2024-08-16 16:18:03',2,1,8),(22685238,1038185,13,8,'2024-08-16 17:54:34',93,'2024-08-16 18:18:43',1,1,8),(22685338,946252,41,8,'2024-08-16 18:01:25',424,'2024-08-16 18:05:46',1,2,8),(22685422,1191334,162,8,'2024-08-16 18:05:22',291,'2024-08-16 18:21:09',1,4,8),(22687587,1192899,83,8,'2024-08-16 21:10:56',64,'2024-08-16 21:20:33',2,2,8),(22689121,1193347,150,8,'2024-08-17 05:50:07',539,'2024-08-17 06:04:38',1,8,8),(22689236,1157458,363,8,'2024-08-17 07:28:00',14,'2024-08-17 08:12:45',2,6,8),(22693059,1168860,158,8,'2024-08-17 20:43:48',544,'2024-08-17 21:39:32',1,5,8),(22693250,673248,102,8,'2024-08-17 22:18:01',418,'2024-08-17 22:22:57',2,8,8),(22693368,1192846,541,8,'2024-08-17 23:39:01',490,'2024-08-18 00:08:56',2,8,8),(22693464,691149,3,8,'2024-08-18 00:46:06',291,'2024-08-18 00:58:33',2,8,8),(22695156,851072,150,8,'2024-08-18 13:44:13',353,'2024-08-18 15:44:08',1,2,8),(22695640,1194029,83,8,'2024-08-18 15:44:20',63,'2024-08-18 16:11:51',2,8,8),(22696415,1194112,199,8,'2024-08-18 17:59:45',199,'2024-08-18 18:50:57',1,8,8),(22696803,1194029,63,8,'2024-08-18 19:33:55',71,'2024-08-18 20:05:09',2,4,8),(22696941,157730,215,8,'2024-08-18 20:12:19',9,'2024-08-18 20:26:26',1,4,8),(22698552,965549,433,8,'2024-08-19 07:32:20',6,'2024-08-19 07:44:02',2,2,8),(22698705,318881,275,8,'2024-08-19 07:45:54',521,'2024-08-19 08:09:17',1,1,8),(22699014,1182421,469,8,'2024-08-19 08:14:14',469,'2024-08-19 08:15:03',2,3,8),(22699043,1182421,469,8,'2024-08-19 08:17:31',316,'2024-08-19 08:45:06',1,7,8),(22699778,1106224,539,8,'2024-08-19 09:22:00',57,'2024-08-19 09:33:43',1,3,8),(22701682,318881,521,8,'2024-08-19 12:23:13',436,'2024-08-19 12:42:42',2,6,8),(22701752,1122137,118,8,'2024-08-19 12:28:58',13,'2024-08-19 12:35:20',1,5,8),(22704077,1133745,188,8,'2024-08-19 15:16:32',188,'2024-08-19 15:29:43',2,10,8),(22704989,1133745,188,8,'2024-08-19 16:08:11',188,'2024-08-19 16:24:50',2,4,8),(22706098,1122137,13,8,'2024-08-19 17:11:31',118,'2024-08-19 17:17:20',1,9,8),(22707027,864392,242,8,'2024-08-19 17:58:49',516,'2024-08-19 18:06:12',2,8,8),(22707984,666040,132,8,'2024-08-19 18:50:47',107,'2024-08-19 19:21:27',1,8,8),(22708014,697099,516,8,'2024-08-19 18:52:22',516,'2024-08-19 18:54:01',2,1,8),(22708041,697099,516,8,'2024-08-19 18:54:51',202,'2024-08-19 19:16:44',2,5,8),(22708361,1106224,149,8,'2024-08-19 19:19:58',175,'2024-08-19 19:20:00',2,6,8),(22711180,1189286,176,8,'2024-08-20 07:01:19',533,'2024-08-20 07:06:17',1,10,8),(22714642,202671,359,8,'2024-08-20 12:25:34',230,'2024-08-20 12:37:54',2,7,8),(22714877,1185150,101,8,'2024-08-20 12:48:06',29,'2024-08-20 13:04:00',1,9,8),(22715347,868349,98,8,'2024-08-20 13:26:28',191,'2024-08-20 13:32:38',1,6,8),(22715670,417515,385,8,'2024-08-20 13:53:54',29,'2024-08-20 14:37:30',1,10,8),(22716696,915590,253,8,'2024-08-20 15:18:32',186,'2024-08-20 15:23:09',1,4,8),(22716835,1189286,533,8,'2024-08-20 15:27:44',176,'2024-08-20 15:31:51',1,5,8),(22717153,862550,102,8,'2024-08-20 15:51:09',66,'2024-08-20 16:23:04',1,1,8),(22718151,1122137,466,8,'2024-08-20 16:59:49',118,'2024-08-20 17:11:11',2,5,8),(22719153,864392,242,8,'2024-08-20 17:52:54',516,'2024-08-20 17:59:52',2,1,8),(22719343,1191334,162,8,'2024-08-20 18:05:29',291,'2024-08-20 18:21:50',1,7,8),(22720125,946252,41,8,'2024-08-20 19:00:36',477,'2024-08-20 19:16:54',1,3,8),(22720561,755905,435,8,'2024-08-20 19:45:26',355,'2024-08-20 20:01:55',1,3,8),(22721138,352027,216,8,'2024-08-20 20:59:45',9,'2024-08-20 21:02:58',2,1,8),(22721474,1038185,75,8,'2024-08-20 22:11:17',93,'2024-08-20 22:29:18',2,4,8),(22721936,1162656,263,8,'2024-08-21 00:38:16',263,'2024-08-21 00:58:11',2,5,8),(22722408,1189286,176,8,'2024-08-21 07:00:47',533,'2024-08-21 07:05:11',1,7,8),(22724728,1189286,533,8,'2024-08-21 15:10:37',176,'2024-08-21 15:16:55',2,4,8),(22725212,417515,336,8,'2024-08-21 15:52:30',476,'2024-08-21 16:10:21',2,4,8),(22725517,4143,235,8,'2024-08-21 16:17:56',417,'2024-08-21 16:28:16',2,10,8),(22726370,1161307,424,8,'2024-08-21 17:18:03',41,'2024-08-21 17:23:22',2,9,8),(22726610,864392,156,8,'2024-08-21 17:37:41',516,'2024-08-21 17:43:53',2,2,8),(22726642,1194977,379,8,'2024-08-21 17:39:25',216,'2024-08-21 18:11:23',2,3,8),(22727796,755905,426,8,'2024-08-21 19:08:11',355,'2024-08-21 19:08:13',1,1,8),(22729345,564952,524,8,'2024-08-21 23:57:20',235,'2024-08-22 00:10:01',1,7,8),(22729398,1038185,289,8,'2024-08-22 00:16:37',289,'2024-08-22 00:18:22',1,10,8),(22732476,1195118,229,8,'2024-08-22 12:30:27',364,'2024-08-22 13:03:26',2,4,8),(22734063,1189286,533,8,'2024-08-22 15:12:52',176,'2024-08-22 15:16:56',1,8,8),(22734348,1168860,29,8,'2024-08-22 15:38:27',194,'2024-08-22 16:05:11',1,9,8),(22734875,417515,241,8,'2024-08-22 16:16:26',336,'2024-08-22 16:27:27',1,2,8),(22734882,1195118,364,8,'2024-08-22 16:16:57',269,'2024-08-22 16:39:41',1,2,8),(22735380,4143,235,8,'2024-08-22 16:57:14',417,'2024-08-22 17:08:35',2,9,8),(22735634,1195205,269,8,'2024-08-22 17:15:30',277,'2024-08-22 17:32:00',1,2,8),(22736428,864392,242,8,'2024-08-22 18:15:56',516,'2024-08-22 18:22:46',2,4,8),(22737070,1106224,137,8,'2024-08-22 19:18:21',175,'2024-08-22 19:31:17',1,4,8),(22737970,157730,215,8,'2024-08-22 21:18:59',9,'2024-08-22 21:30:59',1,5,8),(22738594,1195205,277,8,'2024-08-23 02:08:05',526,'2024-08-23 02:21:43',2,9,8),(22738885,1189286,176,8,'2024-08-23 06:44:53',533,'2024-08-23 06:50:38',2,2,8),(22739193,581423,190,8,'2024-08-23 07:53:51',116,'2024-08-23 08:02:28',1,7,8),(22739631,1191334,24,8,'2024-08-23 08:48:57',162,'2024-08-23 09:02:00',2,2,8),(22740180,1106224,149,8,'2024-08-23 09:37:08',57,'2024-08-23 09:42:28',2,2,8),(22743013,760203,199,8,'2024-08-23 13:49:48',253,'2024-08-23 13:55:51',1,9,8),(22744317,417515,241,8,'2024-08-23 15:36:49',241,'2024-08-23 15:37:11',2,3,8),(22744343,417515,241,8,'2024-08-23 15:38:34',241,'2024-08-23 15:38:56',2,7,8),(22746184,946252,70,8,'2024-08-23 17:30:09',25,'2024-08-23 17:37:03',1,10,8),(22746248,1195205,277,8,'2024-08-23 17:33:46',526,'2024-08-23 17:47:29',2,3,8),(22746722,1175815,322,8,'2024-08-23 17:57:43',435,'2024-08-23 18:03:18',1,8,8),(22746906,1191334,162,8,'2024-08-23 18:07:38',75,'2024-08-23 18:11:56',2,3,8),(22747491,1106224,98,8,'2024-08-23 18:44:38',539,'2024-08-23 18:56:11',1,8,8),(22747654,1195205,526,8,'2024-08-23 18:58:09',277,'2024-08-23 19:12:06',2,4,8),(22747930,703593,6,8,'2024-08-23 19:23:55',6,'2024-08-23 20:07:26',1,5,8),(22748519,703593,6,8,'2024-08-23 20:24:44',196,'2024-08-23 21:10:13',1,7,8),(22749022,653260,121,8,'2024-08-23 21:39:18',65,'2024-08-23 21:51:47',2,4,8),(22751943,864516,516,8,'2024-08-24 15:13:04',189,'2024-08-24 15:40:59',1,5,8),(22752999,1194029,83,8,'2024-08-24 17:59:18',63,'2024-08-24 18:10:38',2,4,8),(22753180,1194029,63,8,'2024-08-24 18:26:24',83,'2024-08-24 18:37:53',1,3,8),(22753548,1192145,434,8,'2024-08-24 19:41:23',268,'2024-08-24 20:15:12',1,4,8),(22754965,1158497,263,8,'2024-08-25 09:10:04',255,'2024-08-25 09:15:06',1,10,8),(22755214,1158497,255,8,'2024-08-25 10:34:32',263,'2024-08-25 10:41:56',1,8,8),(22755821,930118,200,8,'2024-08-25 13:15:56',200,'2024-08-25 16:48:57',2,1,8),(22756747,1136325,175,8,'2024-08-25 16:17:31',79,'2024-08-25 16:46:41',2,10,8),(22759194,1189286,176,8,'2024-08-26 06:36:43',533,'2024-08-26 06:42:09',2,2,8),(22760323,634494,556,8,'2024-08-26 08:45:07',524,'2024-08-26 09:14:46',2,7,8),(22761020,1106224,291,8,'2024-08-26 09:34:23',57,'2024-08-26 09:41:13',2,10,8),(22762104,1186368,254,8,'2024-08-26 11:20:56',54,'2024-08-26 11:48:48',1,10,8),(22762159,1195205,526,8,'2024-08-26 11:27:12',277,'2024-08-26 11:42:21',1,7,8),(22762477,4143,487,8,'2024-08-26 11:54:15',417,'2024-08-26 12:20:53',2,9,8),(22762507,992511,194,8,'2024-08-26 11:56:57',182,'2024-08-26 12:17:02',1,10,8),(22763299,156938,26,8,'2024-08-26 13:02:45',135,'2024-08-26 13:14:57',2,2,8),(22763656,1156102,75,8,'2024-08-26 13:22:04',169,'2024-08-26 13:30:56',2,2,8),(22764574,156938,135,8,'2024-08-26 14:32:59',26,'2024-08-26 14:41:59',1,5,8),(22764867,923683,530,8,'2024-08-26 14:55:24',474,'2024-08-26 15:44:35',1,9,8),(22764953,1025615,475,8,'2024-08-26 15:01:36',475,'2024-08-26 15:31:25',2,9,8),(22765979,634494,58,8,'2024-08-26 16:04:11',58,'2024-08-26 16:04:31',1,2,8),(22765993,634494,58,8,'2024-08-26 16:05:09',556,'2024-08-26 16:20:25',1,4,8),(22767247,1195205,277,8,'2024-08-26 17:11:25',526,'2024-08-26 17:27:17',2,5,8),(22767262,634494,518,8,'2024-08-26 17:11:55',518,'2024-08-26 17:32:01',2,4,8),(22767362,946252,21,8,'2024-08-26 17:15:59',403,'2024-08-26 17:24:24',1,6,8),(22767520,679929,44,8,'2024-08-26 17:23:38',54,'2024-08-26 17:39:56',2,7,8),(22768178,864392,242,8,'2024-08-26 17:55:49',516,'2024-08-26 18:04:42',1,4,8),(22769458,1195205,526,8,'2024-08-26 19:02:13',277,'2024-08-26 19:17:30',1,6,8),(22769498,923683,474,8,'2024-08-26 19:05:15',385,'2024-08-26 19:10:06',2,1,8),(22769523,1106224,71,8,'2024-08-26 19:07:05',539,'2024-08-26 19:22:40',2,2,8),(22769541,1175815,322,8,'2024-08-26 19:08:25',322,'2024-08-26 19:08:55',1,1,8),(22769547,1175815,322,8,'2024-08-26 19:09:06',435,'2024-08-26 19:14:06',2,4,8),(22769949,666040,32,8,'2024-08-26 19:41:11',93,'2024-08-26 20:05:35',1,10,8),(22770008,1133501,273,8,'2024-08-26 19:46:02',284,'2024-08-26 20:11:20',2,5,8),(22770078,673248,472,8,'2024-08-26 19:52:05',436,'2024-08-26 19:59:50',1,8,8),(22770225,1175815,435,8,'2024-08-26 20:05:25',322,'2024-08-26 20:11:52',1,7,8),(22770341,923683,385,8,'2024-08-26 20:15:34',278,'2024-08-26 20:47:43',1,10,8),(22771310,1168860,4,8,'2024-08-26 22:16:27',111,'2024-08-26 22:55:33',1,1,8),(22771588,1168860,128,8,'2024-08-26 23:20:54',63,'2024-08-26 23:30:13',1,6,8),(22772117,1195205,277,8,'2024-08-27 03:46:49',526,'2024-08-27 04:00:18',2,4,8),(22772386,1189286,176,8,'2024-08-27 06:40:49',533,'2024-08-27 06:45:51',2,1,8),(22773540,156938,130,8,'2024-08-27 08:36:46',353,'2024-08-27 08:46:20',1,7,8),(22773630,634494,556,8,'2024-08-27 08:42:03',524,'2024-08-27 09:12:03',1,8,8),(22773850,1133745,183,8,'2024-08-27 08:55:40',188,'2024-08-27 09:11:18',2,6,8),(22774218,1106224,175,8,'2024-08-27 09:20:48',57,'2024-08-27 09:33:57',2,6,8),(22776614,202671,359,8,'2024-08-27 12:25:04',230,'2024-08-27 12:38:42',1,9,8),(22777368,4143,54,8,'2024-08-27 13:17:11',80,'2024-08-27 13:41:04',1,8,8),(22777836,1175815,322,8,'2024-08-27 13:49:17',435,'2024-08-27 13:57:03',2,10,8),(22778694,1133501,273,8,'2024-08-27 14:48:26',80,'2024-08-27 15:08:47',1,5,8),(22778861,1175815,489,8,'2024-08-27 15:01:23',322,'2024-08-27 15:05:29',2,1,8),(22778955,4143,164,8,'2024-08-27 15:08:29',168,'2024-08-27 15:20:02',2,7,8),(22779000,1133745,188,8,'2024-08-27 15:10:50',188,'2024-08-27 16:24:47',1,2,8),(22779113,1189286,533,8,'2024-08-27 15:18:40',176,'2024-08-27 15:21:49',2,8,8),(22779835,634494,58,8,'2024-08-27 16:03:22',556,'2024-08-27 16:16:40',2,2,8),(22781188,1122137,13,8,'2024-08-27 17:12:42',118,'2024-08-27 17:18:14',2,2,8),(22781440,1195205,526,8,'2024-08-27 17:23:40',277,'2024-08-27 17:40:09',2,3,8),(22782026,946252,21,8,'2024-08-27 17:51:37',403,'2024-08-27 18:00:13',2,6,8),(22782898,1076431,400,8,'2024-08-27 18:31:18',5,'2024-08-27 19:13:21',1,8,8),(22784775,631240,229,8,'2024-08-27 20:45:31',182,'2024-08-27 20:58:51',2,6,8),(22786450,1195205,277,8,'2024-08-28 03:25:14',277,'2024-08-28 03:25:35',1,1,8),(22786452,1195205,277,8,'2024-08-28 03:25:53',526,'2024-08-28 03:38:29',1,1,8),(22786795,1189286,176,8,'2024-08-28 06:40:29',533,'2024-08-28 06:45:36',1,2,8),(22787270,318881,275,8,'2024-08-28 07:43:40',521,'2024-08-28 08:04:16',1,9,8),(22787371,581423,190,8,'2024-08-28 07:54:00',116,'2024-08-28 08:02:00',2,4,8),(22787625,858252,278,8,'2024-08-28 08:16:54',322,'2024-08-28 08:29:05',2,6,8),(22787999,634494,556,8,'2024-08-28 08:41:00',524,'2024-08-28 09:07:48',1,1,8),(22788599,1106224,168,8,'2024-08-28 09:28:33',57,'2024-08-28 09:35:47',1,1,8),(22789403,1175274,228,8,'2024-08-28 10:31:55',79,'2024-08-28 12:03:13',1,3,8),(22789499,1185150,522,8,'2024-08-28 10:40:53',522,'2024-08-28 10:41:29',2,7,8),(22790202,634494,58,8,'2024-08-28 11:30:51',556,'2024-08-28 11:43:56',2,6,8),(22790634,581423,116,8,'2024-08-28 12:06:51',144,'2024-08-28 12:14:35',2,5,8),(22791331,202671,359,8,'2024-08-28 12:49:23',230,'2024-08-28 13:03:45',2,1,8),(22792412,581423,144,8,'2024-08-28 13:56:35',216,'2024-08-28 14:13:18',1,6,8),(22793978,318881,521,8,'2024-08-28 15:40:03',537,'2024-08-28 16:00:12',2,9,8),(22794487,417515,336,8,'2024-08-28 16:08:50',336,'2024-08-28 16:09:12',2,10,8),(22794495,417515,336,8,'2024-08-28 16:09:15',336,'2024-08-28 16:09:36',2,1,8),(22794511,417515,336,8,'2024-08-28 16:09:56',336,'2024-08-28 16:10:18',2,3,8),(22794533,417515,336,8,'2024-08-28 16:10:31',336,'2024-08-28 16:10:56',2,5,8),(22795328,618128,21,8,'2024-08-28 16:51:01',403,'2024-08-28 17:01:05',2,3,8),(22795890,1145173,128,8,'2024-08-28 17:15:59',111,'2024-08-28 17:46:37',1,6,8),(22796701,864392,242,8,'2024-08-28 17:52:09',516,'2024-08-28 18:00:30',2,5,8),(22797034,1191334,162,8,'2024-08-28 18:06:03',291,'2024-08-28 18:21:11',1,5,8),(22797281,1175815,322,8,'2024-08-28 18:15:15',322,'2024-08-28 18:15:37',2,8,8),(22797803,868349,449,8,'2024-08-28 18:42:48',473,'2024-08-28 19:01:33',1,6,8),(22798289,946252,41,8,'2024-08-28 19:12:28',424,'2024-08-28 19:17:06',2,4,8),(22798632,1106224,149,8,'2024-08-28 19:36:33',149,'2024-08-28 19:36:55',2,4,8),(22798650,1175274,149,8,'2024-08-28 19:37:48',75,'2024-08-28 20:14:49',2,6,8),(22799108,1195118,269,8,'2024-08-28 20:13:04',358,'2024-08-28 20:32:00',1,9,8),(22799214,1175815,489,8,'2024-08-28 20:20:33',322,'2024-08-28 20:25:19',2,5,8),(22799590,1175274,75,8,'2024-08-28 20:57:55',112,'2024-08-28 21:10:31',1,2,8),(22799695,1195118,278,8,'2024-08-28 21:09:37',269,'2024-08-28 21:21:42',2,5,8),(22799992,1168860,194,8,'2024-08-28 21:51:00',162,'2024-08-28 22:03:52',2,10,8),(22801709,1189286,176,8,'2024-08-29 06:41:21',176,'2024-08-29 06:41:42',1,3,8),(22801712,1189286,176,8,'2024-08-29 06:42:03',533,'2024-08-29 06:46:42',1,1,8),(22802451,581423,190,8,'2024-08-29 07:57:53',116,'2024-08-29 08:05:45',2,5,8),(22802683,858252,278,8,'2024-08-29 08:16:58',322,'2024-08-29 08:27:38',1,4,8),(22802877,618128,403,8,'2024-08-29 08:30:16',433,'2024-08-29 08:44:18',1,7,8),(22802986,634494,556,8,'2024-08-29 08:37:21',556,'2024-08-29 08:38:42',1,1,8),(22803027,634494,556,8,'2024-08-29 08:39:37',524,'2024-08-29 09:04:33',1,7,8),(22803292,417515,336,8,'2024-08-29 08:58:05',241,'2024-08-29 09:09:03',1,3,8),(22803552,1133745,183,8,'2024-08-29 09:13:55',188,'2024-08-29 09:24:34',2,10,8),(22803602,1106224,539,8,'2024-08-29 09:19:18',57,'2024-08-29 09:32:00',1,4,8),(22804232,1185150,74,8,'2024-08-29 10:00:37',17,'2024-08-29 10:12:44',1,3,8),(22804713,417515,241,8,'2024-08-29 10:35:58',336,'2024-08-29 10:45:41',1,9,8),(22806026,858252,187,8,'2024-08-29 12:15:24',340,'2024-08-29 12:26:47',2,2,8),(22806631,280113,189,8,'2024-08-29 12:55:29',234,'2024-08-29 13:31:48',2,4,8),(22808256,1129973,432,8,'2024-08-29 14:32:59',545,'2024-08-29 14:44:47',1,2,8),(22809240,1025615,475,8,'2024-08-29 15:32:42',309,'2024-08-29 15:57:59',2,9,8),(22809651,634494,58,8,'2024-08-29 15:57:09',556,'2024-08-29 16:13:45',1,7,8),(22809784,1168860,213,8,'2024-08-29 16:04:33',82,'2024-08-29 16:21:18',2,5,8),(22810251,4143,235,8,'2024-08-29 16:24:26',417,'2024-08-29 16:35:08',1,6,8),(22810906,852901,130,8,'2024-08-29 16:56:44',156,'2024-08-29 17:20:30',2,1,8),(22811302,1122137,13,8,'2024-08-29 17:10:43',13,'2024-08-29 17:11:41',1,10,8),(22811342,1122137,13,8,'2024-08-29 17:12:13',118,'2024-08-29 17:18:14',2,4,8),(22811463,1045574,534,8,'2024-08-29 17:17:18',289,'2024-08-29 17:46:27',2,8,8),(22812215,858252,187,8,'2024-08-29 17:52:57',278,'2024-08-29 18:04:18',2,2,8),(22812254,864392,242,8,'2024-08-29 17:54:51',516,'2024-08-29 18:06:38',1,5,8),(22813822,4143,417,8,'2024-08-29 19:11:14',232,'2024-08-29 19:27:14',1,4,8),(22814058,618128,477,8,'2024-08-29 19:29:05',403,'2024-08-29 19:34:51',2,2,8),(22814328,1133501,273,8,'2024-08-29 19:47:10',284,'2024-08-29 20:06:53',2,4,8),(22814806,862550,17,8,'2024-08-29 20:29:18',432,'2024-08-29 20:46:33',1,1,8),(22815474,940541,435,8,'2024-08-29 21:42:26',426,'2024-08-29 21:53:58',1,3,8),(22815610,862550,432,8,'2024-08-29 22:05:24',17,'2024-08-29 22:19:24',1,1,8),(22815853,94456,329,8,'2024-08-29 22:45:48',206,'2024-08-29 22:55:38',2,6,8),(22817793,634494,364,8,'2024-08-30 07:43:09',556,'2024-08-30 08:00:36',1,3,8),(22818521,634494,556,8,'2024-08-30 08:38:34',524,'2024-08-30 09:02:45',2,9,8),(22818904,280113,189,8,'2024-08-30 09:00:54',234,'2024-08-30 09:41:13',1,8,8),(22819262,1106224,175,8,'2024-08-30 09:22:32',57,'2024-08-30 09:33:51',1,8,8),(22819973,923683,385,8,'2024-08-30 10:14:32',474,'2024-08-30 10:21:33',1,3,8),(22823938,1158497,383,9,'2024-09-01 11:05:41',176,'2024-09-01 11:15:00',1,4,9),(22824872,1198916,242,9,'2024-09-01 16:00:04',516,'2024-09-01 18:03:42',2,3,9),(22825180,1076431,247,9,'2024-09-01 16:58:53',362,'2024-09-01 17:12:48',2,5,9),(22826179,1076431,232,9,'2024-09-01 19:34:44',418,'2024-09-01 20:06:11',1,10,9),(22827029,1179924,152,9,'2024-09-02 02:12:36',152,'2024-09-02 04:55:35',1,8,9),(22827167,1195205,277,9,'2024-09-02 03:55:50',525,'2024-09-02 04:15:56',2,3,9),(22827464,1189286,176,9,'2024-09-02 06:44:38',533,'2024-09-02 06:50:43',1,10,9),(22827861,318881,275,9,'2024-09-02 07:38:59',521,'2024-09-02 08:02:37',2,6,9),(22828607,634494,556,9,'2024-09-02 08:37:29',524,'2024-09-02 09:03:37',2,9,9),(22829206,1106224,175,9,'2024-09-02 09:17:51',57,'2024-09-02 09:30:00',2,2,9),(22830535,1195205,526,9,'2024-09-02 11:27:27',277,'2024-09-02 11:43:01',2,2,9),(22830764,156938,26,9,'2024-09-02 11:51:11',135,'2024-09-02 12:00:30',1,8,9),(22831135,1122137,118,9,'2024-09-02 12:25:34',13,'2024-09-02 12:31:08',1,2,9),(22831369,318881,521,9,'2024-09-02 12:42:50',275,'2024-09-02 13:10:34',1,9,9),(22831434,156938,135,9,'2024-09-02 12:47:06',353,'2024-09-02 12:54:52',1,7,9),(22834113,634494,524,9,'2024-09-02 15:50:01',556,'2024-09-02 16:15:51',2,6,9),(22834770,618128,41,9,'2024-09-02 16:22:07',403,'2024-09-02 16:29:47',1,5,9),(22834900,1133745,183,9,'2024-09-02 16:28:32',188,'2024-09-02 16:41:18',2,4,9),(22835272,318881,275,9,'2024-09-02 16:50:03',278,'2024-09-02 16:56:40',2,4,9),(22835554,1195205,277,9,'2024-09-02 17:03:40',526,'2024-09-02 17:20:40',1,7,9),(22835757,1122137,13,9,'2024-09-02 17:10:57',118,'2024-09-02 17:16:47',1,5,9),(22836754,417515,336,9,'2024-09-02 17:53:40',336,'2024-09-02 17:54:01',1,4,9),(22836775,417515,336,9,'2024-09-02 17:54:13',476,'2024-09-02 18:11:27',2,10,9),(22837139,864392,242,9,'2024-09-02 18:09:08',516,'2024-09-02 18:16:53',2,1,9),(22838346,1195205,526,9,'2024-09-02 19:06:52',277,'2024-09-02 19:20:24',1,1,9),(22838440,1133745,175,9,'2024-09-02 19:12:22',188,'2024-09-02 19:21:51',1,7,9),(22838725,1106224,149,9,'2024-09-02 19:30:54',175,'2024-09-02 19:42:02',2,5,9),(22839056,1133501,273,9,'2024-09-02 19:51:00',284,'2024-09-02 20:09:10',1,3,9),(22839720,801603,534,9,'2024-09-02 20:47:19',161,'2024-09-02 21:02:57',2,3,9),(22839723,1199519,375,9,'2024-09-02 20:47:49',375,'2024-09-02 21:16:52',2,10,9),(22840477,819255,126,9,'2024-09-02 22:18:14',126,'2024-09-02 22:42:13',2,1,9),(22841026,1056888,436,9,'2024-09-03 00:04:54',554,'2024-09-03 00:24:05',2,3,9),(22843426,634494,556,9,'2024-09-03 08:35:18',524,'2024-09-03 09:00:19',1,6,9),(22843642,1199519,241,9,'2024-09-03 08:48:24',375,'2024-09-03 08:57:42',2,5,9),(22844084,1106224,175,9,'2024-09-03 09:14:41',57,'2024-09-03 09:26:27',1,5,9),(22844518,233259,75,9,'2024-09-03 09:42:56',46,'2024-09-03 10:00:17',1,8,9),(22845614,1195118,269,9,'2024-09-03 11:05:15',278,'2024-09-03 11:05:17',1,4,9),(22845788,1148617,166,9,'2024-09-03 11:16:36',210,'2024-09-03 11:31:51',2,3,9),(22846344,1148617,210,9,'2024-09-03 11:55:17',166,'2024-09-03 12:12:13',1,4,9),(22846520,417515,336,9,'2024-09-03 12:08:50',241,'2024-09-03 12:22:25',2,1,9),(22846730,156938,26,9,'2024-09-03 12:20:35',536,'2024-09-03 12:29:57',1,7,9),(22846861,1195118,278,9,'2024-09-03 12:29:08',269,'2024-09-03 12:45:00',1,1,9),(22847362,1020100,188,9,'2024-09-03 13:00:43',175,'2024-09-03 13:13:56',1,5,9),(22847855,417515,385,9,'2024-09-03 13:29:42',262,'2024-09-03 13:48:59',2,4,9),(22848235,819255,172,9,'2024-09-03 13:51:37',126,'2024-09-03 14:02:25',1,9,9),(22848481,417515,262,9,'2024-09-03 14:07:23',29,'2024-09-03 14:32:18',1,7,9),(22848744,156938,35,9,'2024-09-03 14:22:09',353,'2024-09-03 14:26:40',1,2,9),(22850721,634494,58,9,'2024-09-03 16:06:39',556,'2024-09-03 16:19:26',1,10,9),(22850926,417515,29,9,'2024-09-03 16:14:34',336,'2024-09-03 17:15:57',1,9,9),(22852748,914135,137,9,'2024-09-03 17:30:20',32,'2024-09-03 18:29:16',1,7,9),(22853219,1175559,3,9,'2024-09-03 17:48:34',3,'2024-09-03 18:21:02',2,10,9),(22854053,864392,242,9,'2024-09-03 18:21:06',516,'2024-09-03 18:28:51',2,6,9),(22855169,581423,116,9,'2024-09-03 19:14:31',190,'2024-09-03 19:21:38',2,5,9),(22855548,831388,73,9,'2024-09-03 19:40:14',152,'2024-09-03 19:58:50',1,3,9),(22856531,831388,152,9,'2024-09-03 20:53:13',433,'2024-09-03 21:19:21',1,7,9),(22859525,318881,275,9,'2024-09-04 07:46:32',275,'2024-09-04 07:46:39',2,8,9),(22859539,318881,275,9,'2024-09-04 07:47:43',521,'2024-09-04 08:11:10',2,10,9),(22859707,858252,278,9,'2024-09-04 08:02:08',322,'2024-09-04 08:12:47',2,4,9),(22860217,634494,556,9,'2024-09-04 08:33:08',524,'2024-09-04 09:00:06',1,2,9),(22860756,1195118,269,9,'2024-09-04 09:06:21',278,'2024-09-04 09:14:16',2,4,9),(22861100,1106224,168,9,'2024-09-04 09:31:08',57,'2024-09-04 09:39:05',1,3,9),(22861393,1195118,278,9,'2024-09-04 09:49:36',269,'2024-09-04 09:59:31',1,8,9),(22861512,1175559,3,9,'2024-09-04 09:58:05',3,'2024-09-04 09:58:26',1,2,9),(22861526,1175559,3,9,'2024-09-04 09:58:31',3,'2024-09-04 11:05:29',1,6,9),(22863579,1195118,269,9,'2024-09-04 12:29:58',269,'2024-09-04 12:30:20',2,2,9),(22863585,1195118,269,9,'2024-09-04 12:30:36',518,'2024-09-04 13:02:06',2,3,9),(22863609,581423,116,9,'2024-09-04 12:32:10',190,'2024-09-04 12:39:43',2,4,9),(22863808,1040909,64,9,'2024-09-04 12:44:39',165,'2024-09-04 13:00:36',1,6,9),(22863863,1168860,99,9,'2024-09-04 12:48:52',99,'2024-09-04 12:51:26',1,1,9),(22864230,1168860,522,9,'2024-09-04 13:09:58',522,'2024-09-04 13:10:19',1,8,9),(22864284,1168860,522,9,'2024-09-04 13:12:02',82,'2024-09-04 13:29:44',1,8,9),(22866226,1148617,489,9,'2024-09-04 14:53:47',538,'2024-09-04 14:59:01',2,2,9),(22866524,978385,163,9,'2024-09-04 15:10:09',76,'2024-09-04 15:16:19',2,4,9),(22866641,1148617,538,9,'2024-09-04 15:15:25',489,'2024-09-04 15:18:13',2,4,9),(22866732,1195118,364,9,'2024-09-04 15:20:31',229,'2024-09-04 16:07:00',2,8,9),(22867205,318881,521,9,'2024-09-04 15:43:47',537,'2024-09-04 16:05:23',1,1,9),(22867328,634494,524,9,'2024-09-04 15:50:16',556,'2024-09-04 16:18:18',1,4,9),(22868917,417515,336,9,'2024-09-04 17:02:30',336,'2024-09-04 17:10:56',1,9,9),(22871785,1106224,71,9,'2024-09-04 18:59:58',175,'2024-09-04 19:21:19',1,2,9),(22872180,352027,200,9,'2024-09-04 19:24:24',66,'2024-09-04 19:32:39',2,2,9),(22873107,1175815,435,9,'2024-09-04 20:30:40',322,'2024-09-04 20:36:40',2,2,9),(22874430,1121928,70,9,'2024-09-04 23:10:30',66,'2024-09-04 23:55:15',1,4,9),(22876879,858252,278,9,'2024-09-05 08:39:11',187,'2024-09-05 08:50:17',2,9,9),(22877754,1106224,353,9,'2024-09-05 09:32:50',353,'2024-09-05 09:33:12',2,10,9),(22877765,1106224,353,9,'2024-09-05 09:33:48',353,'2024-09-05 09:34:09',1,10,9),(22877769,1106224,353,9,'2024-09-05 09:34:20',353,'2024-09-05 09:34:42',2,9,9),(22877958,1106224,291,9,'2024-09-05 09:47:43',57,'2024-09-05 09:53:59',2,7,9),(22878489,1191334,291,9,'2024-09-05 10:27:30',75,'2024-09-05 10:44:27',2,3,9),(22879072,1148617,202,9,'2024-09-05 11:13:12',210,'2024-09-05 11:29:10',1,5,9),(22879073,318881,275,9,'2024-09-05 11:13:14',361,'2024-09-05 11:18:51',1,8,9),(22879498,1195205,526,9,'2024-09-05 11:43:13',500,'2024-09-05 11:50:53',1,1,9),(22879544,1148617,239,9,'2024-09-05 11:46:25',234,'2024-09-05 11:58:24',2,6,9),(22879844,318881,361,9,'2024-09-05 12:04:17',275,'2024-09-05 12:09:11',2,3,9),(22880262,1122137,118,9,'2024-09-05 12:26:46',118,'2024-09-05 12:27:07',2,7,9),(22880270,1122137,118,9,'2024-09-05 12:27:12',118,'2024-09-05 12:27:33',2,1,9),(22880294,1122137,118,9,'2024-09-05 12:28:14',118,'2024-09-05 12:28:35',2,7,9),(22881882,760203,199,9,'2024-09-05 14:09:31',199,'2024-09-05 14:10:57',2,1,9),(22882726,1179924,175,9,'2024-09-05 14:56:10',175,'2024-09-05 14:59:18',1,1,9),(22884006,1195205,500,9,'2024-09-05 16:03:43',526,'2024-09-05 16:12:05',1,4,9),(22884831,618128,41,9,'2024-09-05 16:44:45',403,'2024-09-05 16:55:45',2,3,9),(22885522,1195205,526,9,'2024-09-05 17:16:06',308,'2024-09-05 17:34:50',2,2,9),(22886110,1106224,3,9,'2024-09-05 17:40:51',539,'2024-09-05 17:56:06',1,7,9),(22886736,1175559,8,9,'2024-09-05 18:07:45',3,'2024-09-05 18:49:36',2,8,9),(22888023,1175559,3,9,'2024-09-05 19:07:46',79,'2024-09-05 20:45:14',1,10,9),(22888056,946252,41,9,'2024-09-05 19:09:29',403,'2024-09-05 19:19:31',2,8,9),(22888318,1122137,466,9,'2024-09-05 19:27:51',69,'2024-09-05 19:37:51',2,8,9),(22888800,1122137,69,9,'2024-09-05 20:00:05',466,'2024-09-05 20:10:07',2,3,9),(22889147,306187,291,9,'2024-09-05 20:24:56',167,'2024-09-05 20:58:36',2,4,9),(22890035,1076431,247,9,'2024-09-05 22:05:27',362,'2024-09-05 22:19:29',1,9,9),(22890143,1121928,70,9,'2024-09-05 22:30:16',518,'2024-09-05 22:55:06',1,7,9),(22890472,1121928,518,9,'2024-09-05 23:36:23',440,'2024-09-06 00:06:24',2,1,9),(22891975,1189286,176,9,'2024-09-06 07:01:11',533,'2024-09-06 07:04:38',1,4,9),(22893018,634494,556,9,'2024-09-06 08:29:05',524,'2024-09-06 08:54:23',2,8,9),(22893307,1199519,241,9,'2024-09-06 08:48:23',375,'2024-09-06 08:57:36',1,4,9),(22893810,1106224,175,9,'2024-09-06 09:21:43',57,'2024-09-06 09:33:26',1,3,9),(22894203,755905,435,9,'2024-09-06 09:48:40',322,'2024-09-06 09:55:02',1,5,9),(22895616,233259,164,9,'2024-09-06 11:37:09',353,'2024-09-06 12:09:39',2,9,9),(22896020,1195118,269,9,'2024-09-06 12:08:00',484,'2024-09-06 12:22:56',1,5,9),(22897214,760203,253,9,'2024-09-06 13:21:23',199,'2024-09-06 13:28:16',1,9,9),(22897367,1195118,484,9,'2024-09-06 13:31:03',269,'2024-09-06 13:51:48',2,3,9),(22898636,760203,199,9,'2024-09-06 14:47:12',253,'2024-09-06 14:52:08',2,6,9),(22899040,1189286,533,9,'2024-09-06 15:10:16',176,'2024-09-06 15:13:53',1,2,9),(22899513,417515,241,9,'2024-09-06 15:36:34',336,'2024-09-06 15:47:15',1,5,9),(22899788,634494,524,9,'2024-09-06 15:49:53',556,'2024-09-06 16:14:27',1,5,9),(22900353,1201699,385,9,'2024-09-06 16:16:59',385,'2024-09-06 16:17:20',1,2,9),(22900377,1201699,385,9,'2024-09-06 16:17:31',436,'2024-09-06 17:16:44',2,4,9),(22900513,1195205,526,9,'2024-09-06 16:24:47',308,'2024-09-06 16:43:39',1,8,9),(22901010,755905,501,9,'2024-09-06 16:48:15',478,'2024-09-06 17:04:57',2,2,9),(22902028,946252,70,9,'2024-09-06 17:32:19',25,'2024-09-06 17:39:03',2,9,9),(22902131,1025615,475,9,'2024-09-06 17:36:46',474,'2024-09-06 17:59:02',2,6,9),(22902307,1201699,58,9,'2024-09-06 17:46:03',515,'2024-09-06 18:03:18',1,10,9),(22903504,940541,260,9,'2024-09-06 18:38:08',187,'2024-09-06 18:55:18',1,3,9),(22903683,1168860,82,9,'2024-09-06 18:47:17',227,'2024-09-06 18:47:19',1,2,9),(22903999,1106224,71,9,'2024-09-06 19:06:49',175,'2024-09-06 19:23:33',2,1,9),(22905173,1076431,362,9,'2024-09-06 20:23:37',400,'2024-09-06 20:37:08',1,8,9),(22905283,233259,2,9,'2024-09-06 20:34:31',117,'2024-09-06 21:09:12',1,7,9),(22905370,1201891,5,9,'2024-09-06 20:43:19',5,'2024-09-06 21:14:30',2,6,9),(22906397,306187,479,9,'2024-09-06 23:03:53',167,'2024-09-06 23:18:06',1,8,9),(22906650,1179924,152,9,'2024-09-06 23:48:04',152,'2024-09-06 23:49:01',2,6,9),(22906663,1179924,152,9,'2024-09-06 23:49:57',3,'2024-09-07 00:52:06',2,9,9),(22906728,1201699,385,9,'2024-09-07 00:05:25',385,'2024-09-07 00:46:19',2,5,9),(22906940,1179924,3,9,'2024-09-07 01:17:36',3,'2024-09-07 03:25:45',1,6,9),(22908453,1056888,542,9,'2024-09-07 11:16:09',431,'2024-09-07 11:30:08',1,2,9),(22909219,1202174,124,9,'2024-09-07 13:16:11',56,'2024-09-07 13:16:13',1,6,9),(22910643,1202369,163,9,'2024-09-07 15:51:40',164,'2024-09-07 16:34:09',2,8,9),(22910864,1051197,44,9,'2024-09-07 16:11:08',44,'2024-09-07 17:13:09',1,7,9),(22910979,1202174,440,9,'2024-09-07 16:19:42',289,'2024-09-07 17:08:38',1,2,9),(22911771,1183302,310,9,'2024-09-07 17:33:26',134,'2024-09-07 18:39:08',2,1,9),(22912567,666040,93,9,'2024-09-07 18:44:32',93,'2024-09-07 19:10:28',2,10,9),(22912985,1201699,167,9,'2024-09-07 19:48:25',385,'2024-09-07 20:26:55',1,10,9),(22913285,634494,364,9,'2024-09-07 20:53:58',364,'2024-09-07 21:09:32',2,9,9),(22916100,914135,46,9,'2024-09-08 12:54:59',164,'2024-09-08 14:07:31',1,4,9),(22916135,1050860,267,9,'2024-09-08 13:00:38',422,'2024-09-08 14:29:03',2,2,9),(22916210,878869,329,9,'2024-09-08 13:10:49',277,'2024-09-08 13:47:29',1,8,9),(22916222,326443,440,9,'2024-09-08 13:12:39',45,'2024-09-08 13:55:50',1,9,9),(22917179,1168860,99,9,'2024-09-08 14:59:34',353,'2024-09-08 16:17:30',2,3,9),(22918100,703593,196,9,'2024-09-08 16:07:49',172,'2024-09-08 17:41:34',1,9,9),(22918300,810016,475,9,'2024-09-08 16:20:06',309,'2024-09-08 17:11:19',2,3,9),(22918717,1050860,422,9,'2024-09-08 16:49:03',369,'2024-09-08 17:51:08',1,2,9),(22919116,1168860,353,9,'2024-09-08 17:17:40',150,'2024-09-08 17:33:18',2,10,9),(22919265,810016,494,9,'2024-09-08 17:29:37',241,'2024-09-08 18:04:01',2,5,9),(22920086,1203744,152,9,'2024-09-08 18:34:11',152,'2024-09-08 19:48:07',1,7,9),(22920686,1192145,340,9,'2024-09-08 19:42:16',68,'2024-09-08 20:10:23',1,9,9),(22920708,1168860,150,9,'2024-09-08 19:45:44',117,'2024-09-08 20:08:36',2,1,9),(22921032,1192145,268,9,'2024-09-08 21:22:28',340,'2024-09-08 21:42:21',1,1,9),(22921457,1179924,14,9,'2024-09-09 00:33:56',14,'2024-09-09 01:20:24',2,10,9),(22922256,1189286,176,9,'2024-09-09 06:41:49',533,'2024-09-09 06:46:29',1,3,9),(22922787,318881,275,9,'2024-09-09 07:42:37',521,'2024-09-09 08:07:38',1,5,9),(22923520,634494,556,9,'2024-09-09 08:34:48',524,'2024-09-09 09:02:39',1,2,9),(22923793,1195118,269,9,'2024-09-09 08:51:36',232,'2024-09-09 09:12:13',2,7,9),(22924281,1106224,175,9,'2024-09-09 09:19:15',57,'2024-09-09 09:31:17',2,2,9),(22924652,1122137,466,9,'2024-09-09 09:51:41',69,'2024-09-09 10:00:30',1,5,9),(22925185,1199519,241,9,'2024-09-09 10:34:15',375,'2024-09-09 11:01:16',2,10,9),(22925195,760203,253,9,'2024-09-09 10:35:29',199,'2024-09-09 10:42:55',2,6,9),(22925198,992511,182,9,'2024-09-09 10:35:41',258,'2024-09-09 10:52:54',2,5,9),(22925410,755905,478,9,'2024-09-09 10:49:33',489,'2024-09-09 11:05:01',1,10,9),(22925769,992511,258,9,'2024-09-09 11:16:56',258,'2024-09-09 11:17:21',1,5,9),(22925785,992511,258,9,'2024-09-09 11:17:30',258,'2024-09-09 11:17:56',2,8,9),(22925797,992511,258,9,'2024-09-09 11:18:04',258,'2024-09-09 11:18:29',2,2,9),(22925831,992511,258,9,'2024-09-09 11:19:31',258,'2024-09-09 11:19:52',2,6,9),(22925843,992511,258,9,'2024-09-09 11:20:05',182,'2024-09-09 11:40:30',1,5,9),(22925853,1122137,69,9,'2024-09-09 11:21:14',466,'2024-09-09 11:36:45',1,10,9),(22927155,1204045,14,9,'2024-09-09 12:45:35',216,'2024-09-09 13:19:45',2,7,9),(22927220,318881,521,9,'2024-09-09 12:48:54',275,'2024-09-09 13:11:59',1,2,9),(22927396,755905,435,9,'2024-09-09 13:01:59',322,'2024-09-09 13:08:53',1,3,9),(22929158,923683,530,9,'2024-09-09 14:50:13',474,'2024-09-09 15:29:33',1,8,9),(22929384,1175815,322,9,'2024-09-09 15:03:11',435,'2024-09-09 15:09:46',1,5,9),(22929743,1189286,533,9,'2024-09-09 15:23:09',176,'2024-09-09 15:26:19',2,10,9),(22930365,1175815,435,9,'2024-09-09 15:57:52',322,'2024-09-09 16:05:30',2,5,9),(22930418,634494,58,9,'2024-09-09 16:00:04',556,'2024-09-09 16:10:45',2,6,9),(22930937,1204045,69,9,'2024-09-09 16:23:47',527,'2024-09-09 16:50:01',2,10,9),(22931997,1195205,526,9,'2024-09-09 17:17:08',277,'2024-09-09 17:33:43',1,10,9),(22932225,755905,435,9,'2024-09-09 17:27:44',322,'2024-09-09 17:33:34',1,7,9),(22932490,1199519,241,9,'2024-09-09 17:40:27',460,'2024-09-09 17:51:40',1,4,9),(22933599,909915,336,9,'2024-09-09 18:32:28',262,'2024-09-09 19:07:44',2,5,9),(22934043,755905,426,9,'2024-09-09 18:58:38',355,'2024-09-09 19:09:49',1,7,9),(22934500,1106224,149,9,'2024-09-09 19:27:56',175,'2024-09-09 19:34:55',1,7,9),(22934712,946252,41,9,'2024-09-09 19:41:29',403,'2024-09-09 19:51:17',1,9,9),(22935226,353310,322,9,'2024-09-09 20:25:40',501,'2024-09-09 20:29:39',1,1,9),(22935597,1199519,460,9,'2024-09-09 21:07:24',375,'2024-09-09 21:22:32',2,8,9),(22936581,353310,501,9,'2024-09-09 23:52:12',322,'2024-09-09 23:56:41',1,2,9),(22936903,1195205,277,9,'2024-09-10 01:47:05',526,'2024-09-10 02:00:47',2,5,9),(22937414,1189286,176,9,'2024-09-10 06:40:03',533,'2024-09-10 06:44:21',1,8,9),(22937730,581423,190,9,'2024-09-10 07:23:42',116,'2024-09-10 07:29:32',2,6,9),(22937918,1106224,175,9,'2024-09-10 07:39:48',57,'2024-09-10 07:39:50',1,2,9),(22938532,634494,556,9,'2024-09-10 08:32:13',58,'2024-09-10 08:44:47',2,1,9),(22938747,1204280,340,9,'2024-09-10 08:44:54',245,'2024-09-10 09:01:02',1,10,9),(22941399,4143,54,9,'2024-09-10 12:12:13',161,'2024-09-10 12:17:20',1,1,9),(22941923,1185150,101,9,'2024-09-10 12:46:04',74,'2024-09-10 13:05:06',2,9,9),(22942050,280113,189,9,'2024-09-10 12:55:01',234,'2024-09-10 13:35:24',1,3,9),(22942149,4143,161,9,'2024-09-10 13:02:16',54,'2024-09-10 13:05:58',1,7,9),(22942728,1204548,71,9,'2024-09-10 13:36:21',71,'2024-09-10 18:27:36',2,6,9),(22943028,1067928,146,9,'2024-09-10 14:00:05',13,'2024-09-10 14:12:29',2,9,9),(22943060,156938,26,9,'2024-09-10 14:01:53',130,'2024-09-10 14:13:09',1,6,9),(22943428,317840,199,9,'2024-09-10 14:25:33',29,'2024-09-10 14:46:23',1,8,9),(22944195,760203,349,9,'2024-09-10 15:16:04',253,'2024-09-10 16:00:02',2,6,9),(22944784,634494,524,9,'2024-09-10 15:49:39',556,'2024-09-10 16:16:01',1,5,9),(22944873,220681,348,9,'2024-09-10 15:53:10',375,'2024-09-10 16:01:23',2,4,9),(22946352,1122137,13,9,'2024-09-10 17:09:48',118,'2024-09-10 17:15:27',1,5,9),(22946514,858252,187,9,'2024-09-10 17:16:36',278,'2024-09-10 17:27:49',2,5,9),(22947155,946252,21,9,'2024-09-10 17:44:19',403,'2024-09-10 17:50:58',2,4,9),(22947353,1204689,132,9,'2024-09-10 17:56:14',132,'2024-09-10 18:28:21',1,5,9),(22948203,1204689,132,9,'2024-09-10 18:43:43',57,'2024-09-10 18:43:45',1,4,9),(22948214,114078,66,9,'2024-09-10 18:44:09',202,'2024-09-10 19:01:51',2,2,9),(22948976,1204280,289,9,'2024-09-10 19:41:27',340,'2024-09-10 19:55:02',1,7,9),(22949093,1204689,117,9,'2024-09-10 19:46:53',175,'2024-09-10 19:59:13',1,8,9),(22949367,1204751,429,9,'2024-09-10 20:09:29',61,'2024-09-10 20:33:57',2,2,9),(22949601,631240,229,9,'2024-09-10 20:33:04',182,'2024-09-10 20:45:21',2,6,9),(22949819,114078,50,9,'2024-09-10 20:56:00',66,'2024-09-10 21:07:48',1,6,9),(22951807,1189286,176,9,'2024-09-11 06:39:56',533,'2024-09-11 06:44:33',2,6,9),(22952070,318881,275,9,'2024-09-11 07:19:51',521,'2024-09-11 07:41:01',1,3,9),(22952589,581423,190,9,'2024-09-11 08:04:50',116,'2024-09-11 08:12:33',1,1,9),(22952801,634494,308,9,'2024-09-11 08:25:02',524,'2024-09-11 08:42:31',1,1,9),(22953484,1106224,539,9,'2024-09-11 09:13:05',3,'2024-09-11 09:26:16',1,3,9),(22954928,673248,102,9,'2024-09-11 11:08:31',329,'2024-09-11 11:16:47',1,8,9),(22955063,760203,253,9,'2024-09-11 11:17:59',199,'2024-09-11 11:24:44',2,1,9),(22955084,1168860,329,9,'2024-09-11 11:19:13',329,'2024-09-11 11:40:27',2,10,9),(22955351,673248,527,9,'2024-09-11 11:39:43',102,'2024-09-11 11:45:14',1,10,9),(22956346,760203,199,9,'2024-09-11 12:50:03',253,'2024-09-11 12:55:58',2,10,9),(22958711,1168860,329,9,'2024-09-11 15:16:23',194,'2024-09-11 15:39:24',2,8,9),(22959181,318881,521,9,'2024-09-11 15:43:07',275,'2024-09-11 16:07:00',1,5,9),(22959285,634494,524,9,'2024-09-11 15:50:03',364,'2024-09-11 16:12:39',1,8,9),(22959367,1189286,533,9,'2024-09-11 15:54:42',176,'2024-09-11 15:57:37',1,2,9),(22959735,1168860,194,9,'2024-09-11 16:14:09',162,'2024-09-11 16:38:56',1,8,9),(22959813,220681,348,9,'2024-09-11 16:17:53',375,'2024-09-11 16:25:53',2,6,9),(22960120,755905,435,9,'2024-09-11 16:34:43',355,'2024-09-11 16:34:45',2,5,9),(22961017,1205172,5,9,'2024-09-11 17:13:46',515,'2024-09-11 17:36:53',2,3,9),(22962231,819255,372,9,'2024-09-11 18:09:18',407,'2024-09-11 19:15:34',2,3,9),(22963123,1199519,316,9,'2024-09-11 18:45:49',375,'2024-09-11 18:59:51',1,10,9),(22963797,923683,474,9,'2024-09-11 19:23:42',278,'2024-09-11 19:55:53',2,5,9),(22963847,1106224,291,9,'2024-09-11 19:27:45',175,'2024-09-11 19:50:42',2,9,9),(22964860,157730,215,9,'2024-09-11 20:38:20',478,'2024-09-11 20:58:29',2,9,9),(22967334,1189286,176,9,'2024-09-12 06:48:02',533,'2024-09-12 06:52:13',1,10,9),(22968426,858252,278,9,'2024-09-12 08:20:22',322,'2024-09-12 08:20:24',2,6,9),(22968659,634494,556,9,'2024-09-12 08:33:34',524,'2024-09-12 08:59:09',1,2,9),(22969381,673248,102,9,'2024-09-12 09:15:55',527,'2024-09-12 09:20:32',2,2,9),(22969684,673248,527,9,'2024-09-12 09:36:00',102,'2024-09-12 09:52:28',1,6,9),(22972420,1122137,118,9,'2024-09-12 12:31:05',13,'2024-09-12 12:40:41',2,2,9),(22972960,353310,322,9,'2024-09-12 13:03:18',501,'2024-09-12 13:07:35',2,3,9),(22973337,1185150,101,9,'2024-09-12 13:24:04',74,'2024-09-12 13:40:06',2,9,9),(22974347,923683,538,9,'2024-09-12 14:23:28',474,'2024-09-12 14:23:30',1,2,9),(22974978,1205642,260,9,'2024-09-12 15:01:30',234,'2024-09-12 15:09:59',2,9,9),(22975156,1189286,533,9,'2024-09-12 15:12:31',434,'2024-09-12 15:31:18',2,1,9),(22975892,634494,524,9,'2024-09-12 15:49:57',556,'2024-09-12 16:16:30',1,9,9),(22975972,1195118,269,9,'2024-09-12 15:54:08',395,'2024-09-12 16:08:42',1,4,9),(22978648,858252,187,9,'2024-09-12 17:42:50',278,'2024-09-12 17:55:38',1,4,9),(22978667,946252,41,9,'2024-09-12 17:43:29',403,'2024-09-12 17:51:10',2,2,9),(22978876,371018,384,9,'2024-09-12 17:51:56',247,'2024-09-12 18:36:19',2,7,9),(22979697,962542,507,9,'2024-09-12 18:22:35',507,'2024-09-12 18:24:19',1,9,9),(22980475,878869,234,9,'2024-09-12 18:57:06',329,'2024-09-12 19:43:35',2,6,9),(22980645,1106224,57,9,'2024-09-12 19:05:12',175,'2024-09-12 19:17:54',1,3,9),(22981938,306187,479,9,'2024-09-12 20:30:06',167,'2024-09-12 20:44:02',1,8,9),(22981991,1199519,241,9,'2024-09-12 20:34:30',475,'2024-09-12 20:51:34',1,3,9),(22982964,1199519,475,9,'2024-09-12 22:22:15',375,'2024-09-12 22:43:13',2,7,9),(22983082,851072,41,9,'2024-09-12 22:43:26',220,'2024-09-12 23:17:17',2,6,9),(22984618,1189286,176,9,'2024-09-13 06:38:43',533,'2024-09-13 06:43:07',1,7,9),(22985640,581423,190,9,'2024-09-13 08:07:05',116,'2024-09-13 08:14:07',1,3,9),(22986008,634494,556,9,'2024-09-13 08:31:23',524,'2024-09-13 08:58:04',2,2,9),(22986884,1199519,262,9,'2024-09-13 09:21:26',375,'2024-09-13 09:32:51',1,4,9),(22988749,1206054,29,9,'2024-09-13 11:41:24',359,'2024-09-13 13:05:53',2,2,9),(22989404,760203,199,9,'2024-09-13 12:24:14',253,'2024-09-13 12:30:03',1,1,9),(22991128,946928,509,9,'2024-09-13 14:04:54',476,'2024-09-13 14:18:42',1,9,9),(22991552,1206054,359,9,'2024-09-13 14:27:44',212,'2024-09-13 15:51:30',1,10,9),(22991723,1199519,375,9,'2024-09-13 14:39:03',369,'2024-09-13 14:54:50',2,1,9),(22992225,1189286,533,9,'2024-09-13 15:08:26',550,'2024-09-13 15:54:52',2,1,9),(22992387,4143,235,9,'2024-09-13 15:17:22',417,'2024-09-13 15:30:03',2,7,9),(22992458,1199519,369,9,'2024-09-13 15:20:57',375,'2024-09-13 15:31:47',2,9,9),(22993049,634494,524,9,'2024-09-13 15:51:16',556,'2024-09-13 16:16:15',2,8,9),(22994521,1175815,322,9,'2024-09-13 16:57:56',501,'2024-09-13 17:03:56',1,5,9),(22994599,1056895,464,9,'2024-09-13 17:02:10',502,'2024-09-13 18:30:44',1,9,9),(22997377,946252,41,9,'2024-09-13 19:00:28',403,'2024-09-13 19:09:19',2,10,9),(22997710,371018,278,9,'2024-09-13 19:18:40',278,'2024-09-13 19:54:25',1,9,9),(22997817,1106224,149,9,'2024-09-13 19:25:47',175,'2024-09-13 19:33:06',2,10,9),(22999794,946928,455,9,'2024-09-13 22:45:17',455,'2024-09-13 22:45:42',2,3,9),(22999799,946928,455,9,'2024-09-13 22:46:07',476,'2024-09-13 22:59:29',1,2,9),(23002291,1206054,167,9,'2024-09-14 12:17:04',86,'2024-09-14 13:07:19',1,9,9),(23002932,1204548,537,9,'2024-09-14 13:40:14',210,'2024-09-14 14:28:36',1,8,9),(23002972,1176406,59,9,'2024-09-14 13:44:21',353,'2024-09-14 14:28:59',2,8,9),(23003728,1178114,268,9,'2024-09-14 15:05:30',268,'2024-09-14 15:05:55',1,8,9),(23003751,1178114,268,9,'2024-09-14 15:07:59',268,'2024-09-14 15:08:24',1,6,9),(23003779,1178114,268,9,'2024-09-14 15:09:27',268,'2024-09-14 15:09:53',1,1,9),(23003801,1178114,268,9,'2024-09-14 15:12:15',392,'2024-09-14 15:23:47',1,10,9),(23003966,1207022,150,9,'2024-09-14 15:26:21',150,'2024-09-14 16:48:17',2,6,9),(23004175,1207082,111,9,'2024-09-14 15:45:48',59,'2024-09-14 16:40:29',1,9,9),(23004429,898824,353,9,'2024-09-14 16:07:33',353,'2024-09-14 17:26:43',2,5,9),(23004650,1176406,353,9,'2024-09-14 16:23:35',116,'2024-09-14 17:15:36',2,4,9),(23004733,1192846,48,9,'2024-09-14 16:28:47',32,'2024-09-14 17:06:03',1,6,9),(23004782,1192145,340,9,'2024-09-14 16:32:41',268,'2024-09-14 16:58:28',2,6,9),(23004875,1206054,544,9,'2024-09-14 16:40:31',167,'2024-09-14 17:45:52',1,1,9),(23005011,914135,228,9,'2024-09-14 16:51:51',228,'2024-09-14 16:56:06',1,2,9),(23005552,1207022,150,9,'2024-09-14 17:31:13',150,'2024-09-14 17:31:38',1,9,9),(23005557,1207022,150,9,'2024-09-14 17:32:03',128,'2024-09-14 18:26:48',2,3,9),(23005994,1207301,152,9,'2024-09-14 18:08:38',228,'2024-09-14 18:55:35',2,2,9),(23006136,1192145,268,9,'2024-09-14 18:23:14',340,'2024-09-14 18:35:11',1,2,9),(23006290,1121908,449,9,'2024-09-14 18:37:34',449,'2024-09-14 18:47:24',2,8,9),(23006297,631240,379,9,'2024-09-14 18:39:17',14,'2024-09-14 18:59:40',1,7,9),(23006367,1204548,202,9,'2024-09-14 18:47:16',511,'2024-09-14 20:54:58',1,9,9),(23006907,673248,206,9,'2024-09-14 20:21:46',102,'2024-09-14 20:28:25',2,3,9),(23006994,946928,476,9,'2024-09-14 20:46:00',336,'2024-09-14 21:10:21',2,3,9),(23007011,860672,36,9,'2024-09-14 20:52:56',117,'2024-09-14 21:12:37',2,8,9),(23007230,946928,494,9,'2024-09-14 22:17:30',476,'2024-09-14 22:30:21',2,2,9),(23007480,1057397,132,9,'2024-09-15 00:17:53',45,'2024-09-15 00:26:09',2,4,9),(23009255,1194029,223,9,'2024-09-15 12:04:06',29,'2024-09-15 12:34:18',1,9,9),(23010854,946928,476,9,'2024-09-15 15:07:26',131,'2024-09-15 16:03:52',2,3,9),(23010870,1194029,254,9,'2024-09-15 15:09:07',199,'2024-09-15 15:25:49',1,7,9),(23011275,703593,196,9,'2024-09-15 15:39:35',150,'2024-09-15 17:59:38',1,4,9),(23012017,1208068,359,9,'2024-09-15 16:32:41',232,'2024-09-15 16:57:45',1,10,9),(23012325,1208155,482,9,'2024-09-15 16:57:40',482,'2024-09-15 16:58:01',2,10,9),(23012343,1208155,482,9,'2024-09-15 16:59:19',482,'2024-09-15 18:07:47',2,10,9),(23012631,805997,482,9,'2024-09-15 17:18:04',431,'2024-09-15 17:33:34',1,4,9),(23015998,1189286,176,9,'2024-09-16 06:41:00',533,'2024-09-16 06:45:36',2,6,9),(23016640,318881,275,9,'2024-09-16 07:41:35',521,'2024-09-16 08:01:27',2,3,9),(23016811,336651,87,9,'2024-09-16 07:52:05',17,'2024-09-16 08:09:13',2,8,9),(23017464,634494,556,9,'2024-09-16 08:29:37',524,'2024-09-16 08:53:05',2,9,9),(23018196,1106224,175,9,'2024-09-16 09:15:02',57,'2024-09-16 09:26:06',2,6,9),(23018269,336651,17,9,'2024-09-16 09:22:09',87,'2024-09-16 09:41:03',2,5,9),(23019091,1040909,120,9,'2024-09-16 10:33:25',165,'2024-09-16 10:55:39',1,7,9),(23019659,1038185,228,9,'2024-09-16 11:17:55',4,'2024-09-16 11:36:28',1,1,9),(23020310,1038185,4,9,'2024-09-16 12:02:19',228,'2024-09-16 12:21:27',1,2,9),(23020909,318881,393,9,'2024-09-16 12:38:41',275,'2024-09-16 12:58:48',2,6,9),(23020928,233259,46,9,'2024-09-16 12:39:54',444,'2024-09-16 13:09:11',1,2,9),(23023436,1189286,533,9,'2024-09-16 15:08:56',176,'2024-09-16 15:12:32',1,10,9),(23024196,634494,524,9,'2024-09-16 15:50:47',556,'2024-09-16 16:17:37',2,2,9),(23025304,914135,168,9,'2024-09-16 16:39:41',46,'2024-09-16 16:50:44',2,4,9),(23026187,1122137,13,9,'2024-09-16 17:14:25',118,'2024-09-16 17:20:38',1,7,9),(23026536,1199519,241,9,'2024-09-16 17:27:09',460,'2024-09-16 17:37:55',2,1,9),(23027522,1161307,155,9,'2024-09-16 18:06:22',424,'2024-09-16 18:15:28',1,2,9),(23028505,1106224,168,9,'2024-09-16 18:42:50',175,'2024-09-16 19:05:21',2,2,9),(23028647,754303,14,9,'2024-09-16 18:49:12',260,'2024-09-16 19:21:26',2,9,9),(23028659,1057397,71,9,'2024-09-16 18:49:59',132,'2024-09-16 18:58:18',2,5,9),(23029538,851072,307,9,'2024-09-16 19:33:06',327,'2024-09-16 20:05:35',1,3,9),(23029920,754303,289,9,'2024-09-16 19:51:55',14,'2024-09-16 20:13:34',2,10,9),(23030585,1199519,460,9,'2024-09-16 20:29:39',385,'2024-09-16 20:55:10',1,2,9),(23031216,851072,327,9,'2024-09-16 21:20:33',307,'2024-09-16 21:54:20',2,2,9),(23031298,1199519,241,9,'2024-09-16 21:28:15',241,'2024-09-16 21:59:54',2,3,9),(23033346,1189286,176,9,'2024-09-17 06:37:39',533,'2024-09-17 06:41:49',2,5,9),(23034674,858252,278,9,'2024-09-17 08:22:38',322,'2024-09-17 08:32:05',2,10,9),(23034805,634494,556,9,'2024-09-17 08:28:42',524,'2024-09-17 08:53:15',2,7,9),(23034830,318881,275,9,'2024-09-17 08:29:46',355,'2024-09-17 08:40:40',1,3,9),(23035036,1199519,241,9,'2024-09-17 08:41:42',375,'2024-09-17 08:48:43',1,4,9),(23035833,992511,182,9,'2024-09-17 09:23:15',384,'2024-09-17 09:41:05',2,7,9),(23036166,318881,355,9,'2024-09-17 09:42:54',236,'2024-09-17 09:50:56',1,10,9),(23038219,233259,130,9,'2024-09-17 11:50:49',46,'2024-09-17 12:09:29',1,3,9),(23038540,998429,255,9,'2024-09-17 12:08:57',231,'2024-09-17 12:31:06',2,5,9),(23038593,1209509,128,9,'2024-09-17 12:12:51',128,'2024-09-17 12:22:28',2,8,9),(23038601,992511,384,9,'2024-09-17 12:13:10',182,'2024-09-17 12:27:36',1,1,9),(23041010,4143,235,9,'2024-09-17 14:24:05',417,'2024-09-17 14:35:32',1,10,9),(23042577,634494,524,9,'2024-09-17 15:50:32',556,'2024-09-17 16:15:47',1,6,9),(23043174,673248,235,9,'2024-09-17 16:16:53',102,'2024-09-17 16:36:08',1,10,9),(23043699,94456,329,9,'2024-09-17 16:42:51',167,'2024-09-17 16:58:29',1,8,9),(23045168,946252,41,9,'2024-09-17 17:47:42',403,'2024-09-17 17:56:22',1,1,9),(23045393,858252,187,9,'2024-09-17 17:56:26',278,'2024-09-17 18:09:19',1,7,9),(23045775,851072,307,9,'2024-09-17 18:10:11',41,'2024-09-17 18:29:47',2,9,9),(23046625,94456,167,9,'2024-09-17 18:44:23',56,'2024-09-17 19:05:01',1,8,9),(23047180,1175815,322,9,'2024-09-17 19:14:42',435,'2024-09-17 19:21:29',2,5,9),(23047590,851072,477,9,'2024-09-17 19:40:04',199,'2024-09-17 20:03:50',2,7,9),(23048232,1175815,435,9,'2024-09-17 20:22:17',489,'2024-09-17 20:25:51',2,5,9),(23048294,1038185,32,9,'2024-09-17 20:26:36',228,'2024-09-17 20:42:05',2,3,9),(23049183,940541,435,9,'2024-09-17 21:48:03',524,'2024-09-17 22:12:13',1,5,9),(23049478,851072,199,9,'2024-09-17 22:22:53',307,'2024-09-17 22:41:37',2,8,9),(23050046,1057397,132,9,'2024-09-18 00:01:28',45,'2024-09-18 00:10:07',2,6,9),(23051080,1189286,176,9,'2024-09-18 06:46:27',533,'2024-09-18 06:51:33',2,9,9),(23051579,318881,275,9,'2024-09-18 07:35:04',521,'2024-09-18 07:58:09',2,8,9),(23052185,858252,278,9,'2024-09-18 08:12:56',322,'2024-09-18 08:24:37',2,6,9),(23054660,1185150,101,9,'2024-09-18 10:55:23',522,'2024-09-18 11:06:54',1,1,9),(23055174,1168860,82,9,'2024-09-18 11:36:43',329,'2024-09-18 12:02:50',2,9,9),(23056519,705928,515,9,'2024-09-18 13:08:33',434,'2024-09-18 13:33:43',1,3,9),(23058597,1189286,533,9,'2024-09-18 15:06:38',176,'2024-09-18 15:09:31',2,5,9),(23059181,673248,102,9,'2024-09-18 15:39:47',194,'2024-09-18 15:57:13',2,2,9),(23059282,233259,353,9,'2024-09-18 15:44:43',46,'2024-09-18 16:02:59',1,5,9),(23059382,318881,521,9,'2024-09-18 15:49:03',537,'2024-09-18 16:08:48',1,6,9),(23064369,1210467,516,9,'2024-09-18 19:20:22',516,'2024-09-18 19:20:44',2,2,9),(23064379,1210467,516,9,'2024-09-18 19:20:52',516,'2024-09-18 20:26:45',1,6,9),(23064512,946252,41,9,'2024-09-18 19:27:42',424,'2024-09-18 19:38:57',1,10,9),(23065984,1199519,460,9,'2024-09-18 21:00:17',241,'2024-09-18 21:10:01',2,8,9),(23067209,1057397,36,9,'2024-09-18 23:14:20',45,'2024-09-18 23:20:13',2,6,9),(23068155,1191334,536,9,'2024-09-19 03:13:46',149,'2024-09-19 03:23:28',1,4,9),(23068641,1189286,176,9,'2024-09-19 06:38:32',533,'2024-09-19 06:42:49',1,6,9),(23069716,858252,278,9,'2024-09-19 08:08:45',322,'2024-09-19 08:19:41',2,10,9),(23070106,634494,556,9,'2024-09-19 08:29:01',524,'2024-09-19 08:57:13',2,4,9),(23070379,705928,2,9,'2024-09-19 08:41:23',6,'2024-09-19 09:01:49',2,6,9),(23071764,1166625,8,9,'2024-09-19 09:59:38',174,'2024-09-19 10:16:47',2,5,9),(23073024,1179924,112,9,'2024-09-19 11:31:02',132,'2024-09-19 11:45:13',2,8,9),(23073702,1105388,247,9,'2024-09-19 12:10:48',247,'2024-09-19 12:11:10',2,10,9),(23076349,1189286,533,9,'2024-09-19 15:51:55',176,'2024-09-19 15:54:49',1,4,9),(23077073,1122137,13,9,'2024-09-19 17:02:24',118,'2024-09-19 17:09:59',2,9,9),(23077552,858252,187,9,'2024-09-19 17:30:08',278,'2024-09-19 17:44:49',1,8,9),(23078952,914135,444,9,'2024-09-19 18:44:17',444,'2024-09-19 18:46:31',2,8,9),(23079094,1175815,322,9,'2024-09-19 18:53:25',489,'2024-09-19 19:03:04',1,6,9),(23079366,946252,41,9,'2024-09-19 19:11:13',251,'2024-09-19 19:19:41',1,5,9),(23080102,1175815,435,9,'2024-09-19 20:05:46',322,'2024-09-19 20:12:33',1,10,9),(23080357,1166625,188,9,'2024-09-19 20:26:45',8,'2024-09-19 20:35:09',1,4,9),(23080569,1168860,8,9,'2024-09-19 20:50:13',29,'2024-09-19 21:27:06',1,2,9),(23080838,1040266,464,9,'2024-09-19 21:14:49',464,'2024-09-19 21:15:06',2,7,9),(23080956,1040266,420,9,'2024-09-19 21:28:04',464,'2024-09-19 22:02:55',1,7,9),(23081800,1057397,36,9,'2024-09-19 23:29:56',45,'2024-09-19 23:29:58',1,2,9),(23081867,860672,91,9,'2024-09-19 23:42:45',117,'2024-09-19 23:58:52',1,2,9),(23082524,166754,516,9,'2024-09-20 02:19:04',516,'2024-09-20 02:19:41',1,6,9),(23082526,166754,516,9,'2024-09-20 02:20:02',44,'2024-09-20 02:23:32',1,6,9),(23083175,1189286,176,9,'2024-09-20 06:51:58',533,'2024-09-20 06:56:42',1,3,9),(23083878,233259,492,9,'2024-09-20 07:53:15',46,'2024-09-20 08:23:34',2,7,9),(23084426,634494,556,9,'2024-09-20 08:29:10',524,'2024-09-20 08:52:13',1,2,9),(23085043,673248,418,9,'2024-09-20 09:07:37',534,'2024-09-20 09:13:43',1,1,9),(23087773,858252,278,9,'2024-09-20 12:12:27',236,'2024-09-20 12:23:51',2,7,9),(23090401,317840,426,9,'2024-09-20 14:57:05',538,'2024-09-20 15:25:09',2,1,9),(23090619,1189286,533,9,'2024-09-20 15:09:49',176,'2024-09-20 15:12:58',1,3,9),(23090899,697099,329,9,'2024-09-20 15:23:38',22,'2024-09-20 16:23:11',2,6,9),(23092850,1211333,536,9,'2024-09-20 16:51:02',536,'2024-09-20 16:53:51',2,5,9),(23093097,1211333,2,9,'2024-09-20 17:01:45',4,'2024-09-20 17:16:06',2,10,9),(23094025,946252,70,9,'2024-09-20 17:36:33',25,'2024-09-20 17:44:14',1,1,9),(23095889,1211333,128,9,'2024-09-20 18:47:31',128,'2024-09-20 18:47:56',1,9,9),(23095917,1211333,128,9,'2024-09-20 18:48:55',79,'2024-09-20 19:04:16',1,9,9),(23095972,1057397,71,9,'2024-09-20 18:51:02',132,'2024-09-20 18:56:43',2,7,9),(23097055,858252,278,9,'2024-09-20 19:50:32',278,'2024-09-20 20:04:21',1,7,9),(23097522,1211333,128,9,'2024-09-20 20:21:54',128,'2024-09-20 20:22:51',1,1,9),(23097547,1211333,128,9,'2024-09-20 20:23:28',135,'2024-09-20 20:46:16',2,5,9),(23098070,1058741,5,9,'2024-09-20 21:04:37',516,'2024-09-20 21:14:53',2,4,9),(23098411,1076431,323,9,'2024-09-20 21:38:46',400,'2024-09-20 21:59:02',2,7,9),(23098473,1058741,222,9,'2024-09-20 21:46:25',5,'2024-09-20 21:53:07',1,7,9),(23099387,1057397,132,9,'2024-09-20 23:52:39',132,'2024-09-20 23:53:00',1,10,9),(23104024,1212273,515,9,'2024-09-21 16:15:41',516,'2024-09-21 17:01:27',1,8,9),(23105228,1212273,515,9,'2024-09-21 17:55:55',515,'2024-09-21 18:59:02',2,4,9),(23105973,1057397,71,9,'2024-09-21 19:00:44',132,'2024-09-21 19:06:22',2,2,9),(23106078,1211333,153,9,'2024-09-21 19:14:23',536,'2024-09-21 20:05:05',1,6,9),(23106970,1136325,539,9,'2024-09-21 21:42:20',79,'2024-09-21 22:08:49',1,5,9),(23107339,1057397,132,9,'2024-09-21 23:36:49',45,'2024-09-21 23:45:29',2,2,9),(23108142,1212713,547,9,'2024-09-22 03:21:53',199,'2024-09-22 11:39:28',2,1,9),(23109099,1158497,378,9,'2024-09-22 08:40:39',199,'2024-09-22 09:08:26',2,6,9),(23110389,1207082,168,9,'2024-09-22 12:13:37',542,'2024-09-22 13:51:09',2,4,9),(23110440,1192846,229,9,'2024-09-22 12:22:24',229,'2024-09-22 12:22:45',1,5,9),(23110449,1192846,229,9,'2024-09-22 12:23:56',229,'2024-09-22 12:24:18',1,3,9),(23110457,1192846,540,9,'2024-09-22 12:25:44',431,'2024-09-23 02:52:15',2,2,9),(23111059,1207082,542,9,'2024-09-22 14:08:20',168,'2024-09-22 15:07:50',2,5,9),(23113140,860672,29,9,'2024-09-22 19:17:51',220,'2024-09-22 19:41:03',1,1,9),(23115217,1189286,176,9,'2024-09-23 06:50:26',533,'2024-09-23 06:54:47',1,5,9),(23115786,318881,275,9,'2024-09-23 07:41:02',521,'2024-09-23 08:02:34',2,7,9),(23116757,634494,556,9,'2024-09-23 08:33:23',524,'2024-09-23 08:58:23',2,7,9),(23117137,94456,229,9,'2024-09-23 08:56:59',329,'2024-09-23 09:06:57',1,2,9),(23118106,673248,534,9,'2024-09-23 10:04:14',102,'2024-09-23 10:15:07',1,7,9),(23119256,1175815,322,9,'2024-09-23 11:30:08',435,'2024-09-23 11:35:36',1,4,9),(23120040,1175815,435,9,'2024-09-23 12:21:32',322,'2024-09-23 12:29:42',2,3,9),(23120137,1122137,118,9,'2024-09-23 12:28:17',13,'2024-09-23 12:35:13',2,6,9),(23120277,318881,387,9,'2024-09-23 12:36:24',275,'2024-09-23 13:02:33',2,9,9),(23120686,1168860,121,9,'2024-09-23 12:58:49',194,'2024-09-23 13:32:04',2,10,9),(23122887,946928,476,9,'2024-09-23 14:57:09',148,'2024-09-23 15:33:58',1,10,9),(23123190,1189286,533,9,'2024-09-23 15:10:57',176,'2024-09-23 15:14:38',2,2,9),(23123498,520039,386,9,'2024-09-23 15:24:54',461,'2024-09-23 15:41:26',2,10,9),(23124034,634494,524,9,'2024-09-23 15:52:08',556,'2024-09-23 16:18:14',1,9,9),(23124795,1213802,138,9,'2024-09-23 16:24:24',175,'2024-09-23 16:40:42',2,8,9),(23124838,868349,473,9,'2024-09-23 16:26:36',475,'2024-09-23 16:44:40',2,4,9),(23125940,868349,475,9,'2024-09-23 17:10:09',473,'2024-09-23 17:28:46',1,9,9),(23127927,417515,336,9,'2024-09-23 18:21:28',531,'2024-09-23 18:49:20',2,1,9),(23128837,946928,453,9,'2024-09-23 19:03:08',407,'2024-09-23 19:18:51',1,9,9),(23129529,946252,41,9,'2024-09-23 19:42:14',403,'2024-09-23 19:49:48',1,10,9),(23130312,306187,254,9,'2024-09-23 20:33:37',316,'2024-09-23 20:46:43',2,9,9),(23130324,791509,118,9,'2024-09-23 20:34:24',167,'2024-09-23 21:03:32',2,2,9),(23130682,1199519,460,9,'2024-09-23 21:05:26',241,'2024-09-23 21:26:25',1,4,9),(23131108,791509,318,9,'2024-09-23 21:45:35',146,'2024-09-23 22:22:48',2,8,9),(23131150,1058741,222,9,'2024-09-23 21:50:34',5,'2024-09-23 21:56:52',2,10,9),(23131304,1100181,8,9,'2024-09-23 22:11:17',131,'2024-09-23 22:28:00',1,8,9),(23133705,220681,375,9,'2024-09-24 07:46:09',385,'2024-09-24 07:50:49',1,5,9),(23133835,705928,130,9,'2024-09-24 07:54:09',6,'2024-09-24 08:14:35',2,8,9),(23133836,673248,102,9,'2024-09-24 07:54:11',500,'2024-09-24 08:16:55',2,3,9),(23134466,634494,556,9,'2024-09-24 08:29:31',524,'2024-09-24 08:54:29',2,7,9),(23134934,220681,385,9,'2024-09-24 08:55:12',375,'2024-09-24 09:01:25',1,6,9),(23135026,618128,477,9,'2024-09-24 09:00:10',403,'2024-09-24 09:06:59',2,10,9),(23135913,1213514,413,9,'2024-09-24 09:45:35',413,'2024-09-24 10:14:24',1,8,9),(23139506,417515,241,9,'2024-09-24 13:22:33',336,'2024-09-24 13:30:33',2,4,9),(23140416,4143,235,9,'2024-09-24 14:11:57',417,'2024-09-24 14:21:13',1,10,9),(23140554,1038185,32,9,'2024-09-24 14:18:47',228,'2024-09-24 14:33:18',2,2,9),(23140868,1199519,385,9,'2024-09-24 14:38:15',385,'2024-09-24 14:55:39',1,9,9),(23141353,810016,96,9,'2024-09-24 15:07:56',121,'2024-09-24 15:29:48',2,4,9),(23141575,705928,196,9,'2024-09-24 15:18:12',130,'2024-09-24 15:34:04',1,9,9),(23142233,634494,524,9,'2024-09-24 15:50:05',556,'2024-09-24 16:16:38',1,2,9),(23144305,1122137,13,9,'2024-09-24 17:14:29',118,'2024-09-24 17:20:45',2,1,9),(23145364,946252,41,9,'2024-09-24 17:57:16',403,'2024-09-24 18:06:16',1,6,9),(23145855,1214631,278,9,'2024-09-24 18:15:00',101,'2024-09-24 18:52:30',2,6,9),(23146317,1040266,464,9,'2024-09-24 18:33:49',431,'2024-09-24 18:40:03',2,2,9),(23146831,1040266,431,9,'2024-09-24 18:57:22',464,'2024-09-24 19:33:12',1,6,9),(23147267,581423,116,9,'2024-09-24 19:18:45',190,'2024-09-24 19:27:00',1,3,9),(23147513,1214631,101,9,'2024-09-24 19:33:28',278,'2024-09-24 20:01:10',1,4,9),(23148159,1195205,486,9,'2024-09-24 20:14:01',264,'2024-09-24 20:25:38',1,7,9),(23148338,853638,86,9,'2024-09-24 20:27:17',468,'2024-09-24 20:51:03',1,4,9),(23149013,631240,229,9,'2024-09-24 21:22:34',182,'2024-09-24 21:34:09',1,4,9),(23149602,1195205,392,9,'2024-09-24 22:31:21',486,'2024-09-24 22:42:31',1,1,9),(23149900,1140611,265,9,'2024-09-24 23:34:13',265,'2024-09-24 23:34:34',2,1,9),(23149906,1140611,265,9,'2024-09-24 23:35:16',265,'2024-09-24 23:49:22',2,4,9),(23150652,791509,146,9,'2024-09-25 01:54:05',24,'2024-09-25 02:20:15',1,9,9),(23151354,1189286,176,9,'2024-09-25 06:42:29',533,'2024-09-25 06:46:33',1,2,9),(23152604,634494,556,9,'2024-09-25 08:31:19',524,'2024-09-25 08:54:49',2,6,9),(23153351,1214631,278,9,'2024-09-25 09:17:45',524,'2024-09-25 09:26:07',2,8,9),(23154724,673248,102,9,'2024-09-25 11:01:24',12,'2024-09-25 11:37:03',1,10,9),(23154727,1185150,101,9,'2024-09-25 11:01:31',74,'2024-09-25 11:18:14',1,6,9),(23156837,673248,12,9,'2024-09-25 13:19:30',208,'2024-09-25 13:44:54',2,4,9),(23157504,673248,556,9,'2024-09-25 13:59:59',102,'2024-09-25 14:05:50',2,1,9),(23158130,156938,26,9,'2024-09-25 14:33:18',132,'2024-09-25 14:41:25',2,2,9),(23159268,318881,521,9,'2024-09-25 15:32:39',537,'2024-09-25 15:52:44',1,1,9),(23159547,156938,128,9,'2024-09-25 15:46:32',26,'2024-09-25 15:53:21',1,5,9),(23159746,634494,58,9,'2024-09-25 15:56:46',556,'2024-09-25 16:07:37',1,4,9),(23160306,1040909,69,9,'2024-09-25 16:20:29',64,'2024-09-25 16:32:08',2,1,9),(23161484,417515,336,9,'2024-09-25 17:09:57',476,'2024-09-25 17:25:02',1,2,9),(23161836,1136325,5,9,'2024-09-25 17:23:40',210,'2024-09-25 17:33:05',1,6,9),(23161978,1215114,532,9,'2024-09-25 17:29:36',497,'2024-09-25 18:16:24',1,4,9),(23162638,1166625,8,9,'2024-09-25 17:56:05',166,'2024-09-25 18:52:52',1,7,9),(23163052,353310,426,9,'2024-09-25 18:10:50',416,'2024-09-25 18:18:28',1,4,9),(23163366,1136325,177,9,'2024-09-25 18:22:00',515,'2024-09-25 18:52:03',1,10,9),(23164229,673248,102,9,'2024-09-25 18:59:06',190,'2024-09-25 19:20:29',1,3,9),(23164556,1136325,515,9,'2024-09-25 19:14:17',5,'2024-09-25 19:26:18',1,1,9),(23164691,946252,41,9,'2024-09-25 19:21:51',403,'2024-09-25 19:31:21',1,3,9),(23165657,1195205,526,9,'2024-09-25 20:22:06',500,'2024-09-25 20:30:13',2,9,9),(23166001,1058741,5,9,'2024-09-25 20:49:50',516,'2024-09-25 20:58:30',1,6,9),(23166423,1058741,222,9,'2024-09-25 21:29:54',5,'2024-09-25 21:36:09',1,5,9),(23166828,1195205,500,9,'2024-09-25 22:13:57',526,'2024-09-25 22:22:29',2,8,9),(23168626,1189286,176,9,'2024-09-26 06:46:46',533,'2024-09-26 06:50:56',2,6,9),(23169311,220681,375,9,'2024-09-26 07:52:10',385,'2024-09-26 07:57:16',2,7,9),(23169562,858252,278,9,'2024-09-26 08:08:41',322,'2024-09-26 08:18:52',2,10,9),(23169967,634494,364,9,'2024-09-26 08:33:50',524,'2024-09-26 08:56:20',2,3,9),(23170184,415713,181,9,'2024-09-26 08:46:42',12,'2024-09-26 09:02:59',2,5,9),(23170349,220681,385,9,'2024-09-26 08:54:37',375,'2024-09-26 09:00:55',2,6,9),(23172220,417515,336,9,'2024-09-26 11:02:02',385,'2024-09-26 11:17:45',1,8,9),(23173823,4143,235,9,'2024-09-26 12:54:33',417,'2024-09-26 13:06:15',2,6,9),(23174507,1179924,149,9,'2024-09-26 13:33:28',132,'2024-09-26 13:54:40',2,5,9),(23175415,317840,204,9,'2024-09-26 14:23:27',29,'2024-09-26 14:32:09',2,6,9),(23176609,992511,182,9,'2024-09-26 15:21:06',65,'2024-09-26 15:35:59',2,3,9),(23177147,634494,524,9,'2024-09-26 15:50:22',364,'2024-09-26 16:15:18',2,9,9),(23177268,677472,14,9,'2024-09-26 15:56:13',364,'2024-09-26 16:09:39',2,10,9),(23177278,992511,65,9,'2024-09-26 15:56:38',182,'2024-09-26 16:06:41',2,5,9),(23177701,810016,457,9,'2024-09-26 16:13:47',460,'2024-09-26 16:47:45',1,7,9),(23178006,1215672,516,9,'2024-09-26 16:28:13',516,'2024-09-26 16:28:35',1,9,9),(23178029,1215672,516,9,'2024-09-26 16:28:39',516,'2024-09-26 16:29:05',2,8,9),(23178060,1215672,516,9,'2024-09-26 16:29:56',12,'2024-09-26 17:06:27',1,6,9),(23178704,673248,194,9,'2024-09-26 16:59:09',102,'2024-09-26 17:15:43',1,8,9),(23178763,1189286,533,9,'2024-09-26 17:01:15',434,'2024-09-26 17:20:15',1,3,9),(23178836,162663,484,9,'2024-09-26 17:03:39',241,'2024-09-26 17:36:35',2,1,9),(23180073,1038185,150,9,'2024-09-26 17:48:34',150,'2024-09-26 18:23:20',1,5,9),(23181705,673248,102,9,'2024-09-26 18:57:45',89,'2024-09-26 19:25:39',1,9,9),(23181869,94456,329,9,'2024-09-26 19:05:15',17,'2024-09-26 19:27:48',1,2,9),(23181999,955829,242,9,'2024-09-26 19:11:57',202,'2024-09-26 19:19:05',1,9,9),(23182432,705928,434,9,'2024-09-26 19:37:10',526,'2024-09-26 19:51:45',2,7,9),(23184048,877812,193,9,'2024-09-26 21:47:20',216,'2024-09-26 21:52:34',2,10,9),(23184971,877812,25,9,'2024-09-27 00:13:56',193,'2024-09-27 00:22:47',1,1,9),(23185947,1193347,393,9,'2024-09-27 05:34:31',393,'2024-09-27 05:34:53',1,5,9),(23185949,1193347,393,9,'2024-09-27 05:35:20',393,'2024-09-27 05:35:46',2,6,9),(23185955,1193347,150,9,'2024-09-27 05:37:43',539,'2024-09-27 05:58:22',1,3,9),(23186226,1189286,176,9,'2024-09-27 06:46:10',533,'2024-09-27 06:50:38',2,6,9),(23187600,634494,556,9,'2024-09-27 08:32:20',524,'2024-09-27 08:54:57',2,5,9),(23188094,705928,187,9,'2024-09-27 09:01:06',526,'2024-09-27 09:08:05',1,1,9),(23188194,820699,168,9,'2024-09-27 09:09:22',7,'2024-09-27 09:24:20',1,8,9),(23189162,820699,7,9,'2024-09-27 10:16:54',168,'2024-09-27 10:25:52',1,2,9),(23190246,858252,278,9,'2024-09-27 11:25:30',278,'2024-09-27 11:49:55',1,10,9),(23190508,94456,329,9,'2024-09-27 11:39:11',215,'2024-09-27 11:48:46',1,10,9),(23194244,4143,235,9,'2024-09-27 15:14:33',417,'2024-09-27 15:23:33',2,5,9),(23194509,1215114,497,9,'2024-09-27 15:27:45',497,'2024-09-27 16:09:45',1,8,9),(23194544,1189286,533,9,'2024-09-27 15:29:50',176,'2024-09-27 15:33:08',1,9,9),(23195267,697099,364,9,'2024-09-27 16:04:19',22,'2024-09-27 16:49:49',2,9,9),(23196719,156938,26,9,'2024-09-27 17:08:14',60,'2024-09-27 17:15:12',1,5,9),(23197455,156938,132,9,'2024-09-27 17:37:58',26,'2024-09-27 17:47:32',1,9,9),(23198164,1216445,166,9,'2024-09-27 18:03:58',166,'2024-09-27 18:05:53',1,1,9),(23198257,1216445,166,9,'2024-09-27 18:06:21',440,'2024-09-27 19:16:42',1,2,9),(23199391,1156710,8,9,'2024-09-27 18:54:28',104,'2024-09-27 20:47:50',1,4,9),(23200547,1168860,86,9,'2024-09-27 19:59:31',86,'2024-09-27 20:02:38',2,9,9),(23200639,1168860,86,9,'2024-09-27 20:04:26',83,'2024-09-27 20:28:21',1,7,9),(23200794,233259,2,9,'2024-09-27 20:14:03',46,'2024-09-27 20:32:26',1,1,9),(23201126,1058741,5,9,'2024-09-27 20:40:07',516,'2024-09-27 20:50:39',1,1,9),(23204519,1216189,230,9,'2024-09-28 10:47:58',230,'2024-09-28 10:48:20',2,4,9),(23204526,1216189,230,9,'2024-09-28 10:49:18',230,'2024-09-28 10:49:40',1,5,9),(23204547,1216189,230,9,'2024-09-28 10:51:37',230,'2024-09-28 10:51:59',2,5,9),(23206337,862550,96,9,'2024-09-28 14:27:15',379,'2024-09-28 15:44:10',2,7,9),(23208020,1136325,5,9,'2024-09-28 16:38:14',289,'2024-09-28 17:17:06',1,2,9),(23210042,862550,515,9,'2024-09-28 18:57:10',161,'2024-09-28 19:29:37',2,10,9),(23211297,1038185,228,9,'2024-09-28 22:04:31',228,'2024-09-28 22:04:50',1,8,9),(23211591,1217491,507,9,'2024-09-28 23:24:23',327,'2024-09-28 23:24:25',2,1,9),(23213733,1158497,235,9,'2024-09-29 10:56:45',176,'2024-09-29 11:10:19',1,10,9),(23215574,1217993,508,9,'2024-09-29 14:19:23',148,'2024-09-29 15:13:33',2,2,9),(23215616,1076431,362,9,'2024-09-29 14:23:48',521,'2024-09-29 14:58:01',2,2,9),(23215992,1204181,542,9,'2024-09-29 14:56:21',542,'2024-09-29 14:56:42',2,2,9),(23216008,1204181,542,9,'2024-09-29 14:57:24',482,'2024-09-29 16:39:50',2,1,9),(23216464,1076431,521,9,'2024-09-29 15:27:37',102,'2024-09-29 15:40:45',2,7,9),(23218178,1217993,407,9,'2024-09-29 17:15:20',407,'2024-09-29 18:00:13',1,2,9),(23218850,1136325,175,9,'2024-09-29 18:00:43',79,'2024-09-29 18:20:27',1,5,9),(23219387,1072204,124,9,'2024-09-29 18:33:37',124,'2024-09-29 19:56:13',1,9,9),(23219616,1076431,70,9,'2024-09-29 18:48:02',400,'2024-09-29 18:48:02',2,4,9),(23220051,1218632,29,9,'2024-09-29 19:17:34',29,'2024-09-29 19:47:00',2,3,9),(23220249,1136325,79,9,'2024-09-29 19:35:39',175,'2024-09-29 20:04:46',1,2,9),(23220637,1217993,407,9,'2024-09-29 20:19:02',508,'2024-09-29 20:40:20',1,5,9),(23221005,1038185,184,9,'2024-09-29 21:11:09',184,'2024-09-29 21:11:31',2,4,9),(23221008,1038185,184,9,'2024-09-29 21:11:40',184,'2024-09-29 21:12:01',1,6,9),(23221013,1038185,184,9,'2024-09-29 21:12:33',184,'2024-09-29 21:12:54',2,8,9),(23221018,1038185,184,9,'2024-09-29 21:13:27',184,'2024-09-29 21:13:48',2,4,9),(23222885,1189286,176,9,'2024-09-30 06:51:10',533,'2024-09-30 06:56:13',1,7,9),(23223484,318881,275,9,'2024-09-30 07:38:43',521,'2024-09-30 08:01:03',2,7,9),(23224176,634494,556,9,'2024-09-30 08:20:26',524,'2024-09-30 08:40:55',1,2,9),(23225360,233259,2,9,'2024-09-30 09:27:50',46,'2024-09-30 09:48:43',2,6,9),(23228048,318881,521,9,'2024-09-30 12:33:26',275,'2024-09-30 12:55:08',1,10,9),(23230226,220681,219,9,'2024-09-30 15:16:05',219,'2024-09-30 15:16:26',1,5,9),(23230243,220681,219,9,'2024-09-30 15:17:07',219,'2024-09-30 15:17:29',1,9,9),(23230253,220681,348,9,'2024-09-30 15:17:53',375,'2024-09-30 15:26:11',1,3,9),(23230885,1189286,533,9,'2024-09-30 15:58:20',176,'2024-09-30 16:01:16',1,4,9),(23231822,157730,175,9,'2024-09-30 16:44:44',60,'2024-09-30 17:14:10',1,5,9),(23232183,1201699,385,9,'2024-09-30 17:03:02',385,'2024-09-30 17:03:24',2,1,9),(23232217,1201699,385,9,'2024-09-30 17:04:21',311,'2024-09-30 17:20:55',1,1,9),(23233127,946252,41,9,'2024-09-30 17:44:26',403,'2024-09-30 17:52:56',2,6,9),(23233517,417515,474,9,'2024-09-30 18:02:21',197,'2024-09-30 18:18:35',1,4,9),(23233788,1175559,3,9,'2024-09-30 18:11:54',57,'2024-09-30 18:47:28',1,7,9),(23235662,1038185,73,9,'2024-09-30 19:50:52',172,'2024-09-30 19:59:34',2,8,9),(23236571,1058741,5,9,'2024-09-30 20:51:39',516,'2024-09-30 21:00:46',1,3,9),(23237078,1058741,222,9,'2024-09-30 21:33:54',5,'2024-09-30 21:39:53',2,3,9),(23237707,851072,307,9,'2024-09-30 22:55:05',307,'2024-09-30 23:34:10',2,4,9),(23239004,1189286,176,10,'2024-10-01 06:38:11',533,'2024-10-01 06:42:43',2,9,10),(23239796,673248,102,10,'2024-10-01 07:47:58',527,'2024-10-01 07:48:00',1,6,10),(23239871,220681,375,10,'2024-10-01 07:52:39',385,'2024-10-01 07:58:02',2,5,10),(23240252,1213514,413,10,'2024-10-01 08:14:56',413,'2024-10-01 08:15:18',1,2,10),(23240261,1213514,413,10,'2024-10-01 08:15:34',413,'2024-10-01 08:38:40',1,5,10),(23240518,634494,556,10,'2024-10-01 08:28:48',524,'2024-10-01 08:51:59',1,2,10),(23241037,220681,385,10,'2024-10-01 08:54:25',375,'2024-10-01 09:02:34',2,6,10),(23241109,1106224,168,10,'2024-10-01 08:57:56',57,'2024-10-01 09:06:49',1,1,10),(23243904,1158533,45,10,'2024-10-01 11:56:01',69,'2024-10-01 12:10:41',2,4,10),(23244174,1219333,118,10,'2024-10-01 12:11:33',118,'2024-10-01 12:41:20',1,7,10),(23244468,1122137,118,10,'2024-10-01 12:27:14',118,'2024-10-01 12:27:33',1,8,10),(23245010,156938,130,10,'2024-10-01 12:59:09',353,'2024-10-01 13:09:44',2,9,10),(23245135,415713,181,10,'2024-10-01 13:06:00',12,'2024-10-01 13:23:33',2,3,10),(23245409,1219333,186,10,'2024-10-01 13:21:53',186,'2024-10-01 13:22:15',1,10,10),(23245435,1219333,186,10,'2024-10-01 13:23:03',186,'2024-10-01 13:45:11',2,8,10),(23247213,1205642,260,10,'2024-10-01 15:10:08',260,'2024-10-01 15:10:49',2,6,10),(23247838,1189286,533,10,'2024-10-01 15:41:34',176,'2024-10-01 15:44:52',2,10,10),(23248896,4143,235,10,'2024-10-01 16:31:04',417,'2024-10-01 16:41:49',2,3,10),(23250038,1219790,9,10,'2024-10-01 17:18:33',242,'2024-10-01 18:01:59',2,8,10),(23252473,946252,41,10,'2024-10-01 18:50:45',41,'2024-10-01 18:50:56',2,6,10),(23252484,946252,41,10,'2024-10-01 18:51:16',403,'2024-10-01 18:59:12',2,5,10),(23252730,505717,96,10,'2024-10-01 19:04:15',54,'2024-10-01 19:11:39',2,8,10),(23252846,955829,242,10,'2024-10-01 19:09:09',163,'2024-10-01 19:38:49',2,8,10),(23253138,1214631,277,10,'2024-10-01 19:25:59',278,'2024-10-01 19:51:24',2,5,10),(23253673,1215114,417,10,'2024-10-01 19:57:22',497,'2024-10-01 20:28:15',2,5,10),(23253712,851072,302,10,'2024-10-01 19:59:55',458,'2024-10-01 20:23:33',2,6,10),(23254846,1038185,151,10,'2024-10-01 21:17:02',196,'2024-10-01 21:17:04',2,8,10),(23254931,631240,229,10,'2024-10-01 21:23:59',182,'2024-10-01 21:35:19',1,2,10),(23255860,1044331,193,10,'2024-10-01 23:27:40',25,'2024-10-01 23:38:17',1,3,10),(23256019,1044331,25,10,'2024-10-01 23:58:36',56,'2024-10-02 00:14:04',2,8,10),(23256436,1200813,494,10,'2024-10-02 01:38:45',476,'2024-10-02 02:19:04',1,2,10),(23256605,1200813,476,10,'2024-10-02 02:39:31',494,'2024-10-02 02:51:24',2,6,10),(23257290,1189286,176,10,'2024-10-02 06:59:48',533,'2024-10-02 07:04:09',1,4,10),(23257689,318881,275,10,'2024-10-02 07:34:36',387,'2024-10-02 07:59:40',2,2,10),(23258235,858252,278,10,'2024-10-02 08:07:06',187,'2024-10-02 08:17:34',1,7,10),(23258633,634494,364,10,'2024-10-02 08:30:32',524,'2024-10-02 08:50:52',1,9,10),(23259032,1199519,241,10,'2024-10-02 08:53:47',375,'2024-10-02 09:04:41',1,3,10),(23259346,1106224,539,10,'2024-10-02 09:15:50',57,'2024-10-02 09:27:49',2,9,10),(23259519,1214631,278,10,'2024-10-02 09:29:22',524,'2024-10-02 09:37:41',2,7,10),(23260009,955829,202,10,'2024-10-02 10:01:03',242,'2024-10-02 10:06:33',2,9,10),(23261165,1185150,101,10,'2024-10-02 11:25:11',99,'2024-10-02 11:34:02',1,8,10),(23263080,725842,556,10,'2024-10-02 13:31:32',556,'2024-10-02 13:55:53',1,3,10),(23263691,1205642,187,10,'2024-10-02 14:07:02',234,'2024-10-02 14:11:40',1,6,10),(23263743,1067928,146,10,'2024-10-02 14:09:14',146,'2024-10-02 14:12:28',1,10,10),(23263846,1067928,146,10,'2024-10-02 14:13:51',13,'2024-10-02 14:24:35',1,6,10),(23264039,1044331,215,10,'2024-10-02 14:24:33',289,'2024-10-02 14:51:51',1,8,10),(23264125,1199519,375,10,'2024-10-02 14:29:24',449,'2024-10-02 14:56:56',1,6,10),(23264888,1189286,533,10,'2024-10-02 15:13:02',176,'2024-10-02 15:16:26',2,5,10),(23264977,810016,309,10,'2024-10-02 15:17:28',336,'2024-10-02 15:51:37',1,3,10),(23265571,318881,521,10,'2024-10-02 15:48:57',275,'2024-10-02 16:12:02',2,7,10),(23266089,156938,26,10,'2024-10-02 16:12:51',191,'2024-10-02 16:37:01',2,3,10),(23266390,1044331,289,10,'2024-10-02 16:25:57',56,'2024-10-02 16:55:38',1,6,10),(23266965,417515,336,10,'2024-10-02 16:47:42',476,'2024-10-02 17:01:53',2,1,10),(23267384,679929,466,10,'2024-10-02 17:04:32',27,'2024-10-02 17:21:16',1,10,10),(23268171,810016,552,10,'2024-10-02 17:30:36',475,'2024-10-02 18:00:46',2,5,10),(23268393,705928,435,10,'2024-10-02 17:37:23',435,'2024-10-02 17:43:47',2,9,10),(23268523,858252,359,10,'2024-10-02 17:41:05',278,'2024-10-02 17:52:51',1,2,10),(23268686,946252,41,10,'2024-10-02 17:48:29',403,'2024-10-02 17:56:31',2,9,10),(23269028,306187,75,10,'2024-10-02 18:02:59',167,'2024-10-02 18:31:23',1,4,10),(23270014,1199519,375,10,'2024-10-02 18:40:03',369,'2024-10-02 18:56:40',2,7,10),(23270365,1215114,497,10,'2024-10-02 18:59:12',497,'2024-10-02 19:19:47',2,8,10),(23270376,1219790,124,10,'2024-10-02 18:59:58',515,'2024-10-02 19:24:13',1,2,10),(23272274,1076431,400,10,'2024-10-02 21:06:44',362,'2024-10-02 21:18:24',1,4,10),(23273659,1192846,57,10,'2024-10-03 00:54:07',48,'2024-10-03 01:07:46',2,1,10),(23273898,1200813,309,10,'2024-10-03 02:03:03',309,'2024-10-03 02:39:18',2,5,10),(23274143,1192846,48,10,'2024-10-03 04:18:50',228,'2024-10-03 04:31:25',2,5,10),(23274968,317840,492,10,'2024-10-03 07:32:12',120,'2024-10-03 07:46:38',1,7,10),(23275300,220681,375,10,'2024-10-03 07:52:58',385,'2024-10-03 07:58:46',1,6,10),(23275356,705928,2,10,'2024-10-03 07:56:36',2,'2024-10-03 07:58:16',2,2,10),(23275924,634494,556,10,'2024-10-03 08:33:30',524,'2024-10-03 08:58:00',2,8,10),(23276509,156938,35,10,'2024-10-03 09:03:19',353,'2024-10-03 09:07:48',2,8,10),(23276955,1106224,149,10,'2024-10-03 09:32:01',57,'2024-10-03 09:37:44',2,6,10),(23277805,1038185,46,10,'2024-10-03 10:29:27',444,'2024-10-03 10:37:42',2,1,10),(23278967,156938,26,10,'2024-10-03 11:47:18',117,'2024-10-03 12:04:08',2,10,10),(23279510,156938,117,10,'2024-10-03 12:24:11',26,'2024-10-03 12:43:21',2,2,10),(23280643,1038185,117,10,'2024-10-03 13:26:14',83,'2024-10-03 13:56:44',1,1,10),(23282474,202671,431,10,'2024-10-03 15:16:51',541,'2024-10-03 15:35:23',1,4,10),(23284298,1220154,64,10,'2024-10-03 16:43:22',2,'2024-10-03 16:57:12',2,9,10),(23285188,156938,353,10,'2024-10-03 17:19:57',33,'2024-10-03 17:37:05',2,7,10),(23285246,1175815,435,10,'2024-10-03 17:22:21',322,'2024-10-03 17:27:45',1,2,10),(23286494,1106224,57,10,'2024-10-03 18:10:34',539,'2024-10-03 18:22:45',2,3,10),(23286780,1215114,417,10,'2024-10-03 18:20:40',417,'2024-10-03 18:21:01',2,3,10),(23286795,1215114,417,10,'2024-10-03 18:21:10',417,'2024-10-03 18:31:46',1,2,10),(23286895,1204181,336,10,'2024-10-03 18:24:53',336,'2024-10-03 18:35:38',1,8,10),(23287408,1215114,417,10,'2024-10-03 18:48:21',417,'2024-10-03 19:11:19',1,1,10),(23290099,1166820,408,10,'2024-10-03 21:47:08',408,'2024-10-03 21:47:30',2,9,10),(23290107,1166820,235,10,'2024-10-03 21:47:59',304,'2024-10-03 22:04:01',1,9,10),(23290922,1221324,403,10,'2024-10-04 00:03:52',403,'2024-10-04 00:16:09',1,7,10),(23291079,1221324,403,10,'2024-10-04 00:32:59',228,'2024-10-04 01:09:41',2,10,10),(23291346,1221324,228,10,'2024-10-04 01:28:50',403,'2024-10-04 01:53:52',1,1,10),(23291523,1161152,449,10,'2024-10-04 02:20:59',530,'2024-10-04 03:03:36',1,8,10),(23291728,1161152,530,10,'2024-10-04 03:24:59',449,'2024-10-04 03:56:06',1,10,10),(23293077,581423,190,10,'2024-10-04 08:03:03',116,'2024-10-04 08:10:32',2,3,10),(23293414,634494,556,10,'2024-10-04 08:25:41',524,'2024-10-04 08:49:35',2,10,10),(23294383,1106224,175,10,'2024-10-04 09:22:23',57,'2024-10-04 09:35:22',2,3,10),(23296248,1220154,130,10,'2024-10-04 11:27:01',166,'2024-10-04 11:40:05',1,5,10),(23297933,1195205,526,10,'2024-10-04 13:01:30',264,'2024-10-04 13:12:22',1,2,10),(23298600,4143,235,10,'2024-10-04 13:39:54',417,'2024-10-04 13:50:16',2,5,10),(23298608,679929,464,10,'2024-10-04 13:40:12',379,'2024-10-04 13:55:14',1,7,10),(23300443,992511,208,10,'2024-10-04 15:19:23',289,'2024-10-04 15:44:50',1,2,10),(23300806,1189286,533,10,'2024-10-04 15:38:35',533,'2024-10-04 15:39:03',1,3,10),(23300836,1189286,533,10,'2024-10-04 15:40:02',434,'2024-10-04 16:00:11',1,3,10),(23301967,675215,179,10,'2024-10-04 16:31:24',252,'2024-10-04 16:41:30',1,8,10),(23302861,992511,289,10,'2024-10-04 17:09:19',182,'2024-10-04 17:35:42',2,7,10),(23303193,1220154,166,10,'2024-10-04 17:20:57',2,'2024-10-04 17:35:11',1,1,10),(23305412,1106224,164,10,'2024-10-04 18:55:11',175,'2024-10-04 19:08:03',1,7,10),(23305464,946252,41,10,'2024-10-04 18:58:14',403,'2024-10-04 19:05:58',1,2,10),(23312838,1222438,464,10,'2024-10-05 14:57:27',431,'2024-10-05 15:28:21',2,5,10),(23312955,1176406,175,10,'2024-10-05 15:07:20',131,'2024-10-05 15:07:20',1,9,10),(23313136,1029969,516,10,'2024-10-05 15:25:35',516,'2024-10-05 16:29:36',1,2,10),(23313408,1222438,431,10,'2024-10-05 15:47:32',464,'2024-10-05 16:46:47',2,7,10),(23313522,1222370,542,10,'2024-10-05 15:57:17',490,'2024-10-05 16:42:07',1,2,10),(23313951,944982,540,10,'2024-10-05 16:30:26',540,'2024-10-05 17:15:42',1,6,10),(23314762,1005084,458,10,'2024-10-05 17:36:34',458,'2024-10-05 18:00:43',1,4,10),(23315271,962542,548,10,'2024-10-05 18:18:59',327,'2024-10-05 18:40:29',1,10,10),(23316699,1166820,235,10,'2024-10-05 21:08:44',235,'2024-10-05 21:10:25',1,1,10),(23316712,1166820,383,10,'2024-10-05 21:14:32',235,'2024-10-05 23:21:09',2,10,10),(23316936,851072,228,10,'2024-10-05 22:21:51',132,'2024-10-05 22:43:25',2,8,10),(23322376,1136325,539,10,'2024-10-06 17:14:41',48,'2024-10-06 17:31:54',1,10,10),(23322738,1223656,418,10,'2024-10-06 17:39:42',289,'2024-10-06 18:39:30',1,4,10),(23325004,1004430,492,10,'2024-10-07 00:46:20',492,'2024-10-07 00:46:42',1,7,10),(23325010,1004430,492,10,'2024-10-07 00:47:04',492,'2024-10-07 00:47:04',2,4,10),(23325019,1004430,492,10,'2024-10-07 00:48:07',492,'2024-10-07 00:48:28',1,7,10),(23325028,1004430,492,10,'2024-10-07 00:50:01',492,'2024-10-07 00:50:42',2,4,10),(23326194,1189286,176,10,'2024-10-07 07:08:07',533,'2024-10-07 07:12:27',1,10,10),(23327374,156938,114,10,'2024-10-07 08:29:11',353,'2024-10-07 08:35:48',2,5,10),(23327378,634494,556,10,'2024-10-07 08:29:26',524,'2024-10-07 08:50:31',2,6,10),(23328519,1106224,149,10,'2024-10-07 09:31:31',57,'2024-10-07 09:37:57',1,9,10),(23330152,1158533,444,10,'2024-10-07 11:29:13',165,'2024-10-07 12:00:12',1,9,10),(23330797,1219333,186,10,'2024-10-07 12:04:58',186,'2024-10-07 12:34:56',2,1,10),(23331061,992511,182,10,'2024-10-07 12:20:46',311,'2024-10-07 12:56:48',2,8,10),(23331170,1122137,118,10,'2024-10-07 12:25:51',13,'2024-10-07 12:34:52',2,2,10),(23331629,1219333,186,10,'2024-10-07 12:51:08',186,'2024-10-07 13:22:06',1,3,10),(23332019,992511,311,10,'2024-10-07 13:12:07',182,'2024-10-07 13:41:49',1,6,10),(23332624,1220154,175,10,'2024-10-07 13:48:23',33,'2024-10-07 14:16:39',1,1,10),(23333114,1224204,75,10,'2024-10-07 14:14:08',75,'2024-10-07 14:31:54',2,7,10),(23334308,1189286,533,10,'2024-10-07 15:29:43',176,'2024-10-07 15:32:57',1,8,10),(23335387,156938,26,10,'2024-10-07 16:21:46',132,'2024-10-07 16:30:03',1,5,10),(23337140,417515,336,10,'2024-10-07 17:33:09',476,'2024-10-07 17:50:38',2,1,10),(23338032,864392,242,10,'2024-10-07 18:09:24',516,'2024-10-07 18:16:23',1,5,10),(23339199,1040266,464,10,'2024-10-07 18:58:21',431,'2024-10-07 19:29:41',2,7,10),(23339400,1106224,164,10,'2024-10-07 19:11:08',539,'2024-10-07 19:20:56',1,1,10),(23339627,946252,41,10,'2024-10-07 19:21:59',403,'2024-10-07 19:29:34',2,5,10),(23339932,1168860,146,10,'2024-10-07 19:41:04',17,'2024-10-07 19:58:48',1,6,10),(23340832,417515,476,10,'2024-10-07 20:44:44',336,'2024-10-07 21:05:02',2,8,10),(23342194,1221324,403,10,'2024-10-07 23:42:36',403,'2024-10-07 23:52:24',2,4,10),(23342429,1221324,403,10,'2024-10-08 00:34:51',424,'2024-10-08 00:42:18',2,3,10),(23342533,1221324,424,10,'2024-10-08 00:58:59',403,'2024-10-08 02:55:50',2,9,10),(23343504,1189286,176,10,'2024-10-08 06:43:15',533,'2024-10-08 06:50:44',2,7,10),(23344412,858252,278,10,'2024-10-08 07:52:13',322,'2024-10-08 08:02:56',1,3,10),(23344453,220681,526,10,'2024-10-08 07:54:48',526,'2024-10-08 07:55:09',1,7,10),(23344463,220681,526,10,'2024-10-08 07:55:15',526,'2024-10-08 07:55:36',2,3,10),(23344981,1213514,413,10,'2024-10-08 08:22:20',413,'2024-10-08 08:45:19',2,5,10),(23345197,634494,556,10,'2024-10-08 08:34:18',524,'2024-10-08 08:58:27',1,4,10),(23345938,1106224,539,10,'2024-10-08 09:10:47',57,'2024-10-08 09:22:21',2,5,10),(23346429,18475,220,10,'2024-10-08 09:37:36',254,'2024-10-08 09:49:58',2,7,10),(23348693,1220154,269,10,'2024-10-08 11:47:46',269,'2024-10-08 11:48:08',1,7,10),(23348743,1220154,519,10,'2024-10-08 11:52:24',166,'2024-10-08 12:06:28',2,10,10),(23349597,156938,32,10,'2024-10-08 12:39:06',26,'2024-10-08 12:48:07',1,2,10),(23350635,417515,385,10,'2024-10-08 13:35:49',29,'2024-10-08 14:15:28',1,4,10),(23352864,858252,187,10,'2024-10-08 15:43:26',278,'2024-10-08 15:54:37',2,3,10),(23353737,417515,29,10,'2024-10-08 16:23:52',336,'2024-10-08 17:40:45',1,4,10),(23353888,1201699,385,10,'2024-10-08 16:31:41',311,'2024-10-08 16:45:41',1,10,10),(23354111,4143,235,10,'2024-10-08 16:40:30',417,'2024-10-08 16:49:49',2,5,10),(23354219,760203,199,10,'2024-10-08 16:44:57',253,'2024-10-08 16:50:23',2,6,10),(23355632,156938,26,10,'2024-10-08 17:41:59',444,'2024-10-08 17:49:58',1,5,10),(23355985,864392,242,10,'2024-10-08 17:56:52',516,'2024-10-08 18:04:45',1,2,10),(23356067,1106224,3,10,'2024-10-08 18:00:24',539,'2024-10-08 18:17:48',1,9,10),(23356424,1201699,311,10,'2024-10-08 18:13:55',385,'2024-10-08 18:30:28',2,4,10),(23356774,1076431,362,10,'2024-10-08 18:27:53',400,'2024-10-08 18:42:19',1,2,10),(23356911,1205642,234,10,'2024-10-08 18:32:47',187,'2024-10-08 18:38:57',1,3,10),(23358417,1215114,417,10,'2024-10-08 20:04:53',417,'2024-10-08 20:23:09',2,7,10),(23358449,923683,385,10,'2024-10-08 20:06:28',278,'2024-10-08 20:06:30',1,2,10),(23358500,1040266,431,10,'2024-10-08 20:09:14',464,'2024-10-08 20:13:47',1,5,10),(23359180,1058741,5,10,'2024-10-08 21:01:31',516,'2024-10-08 21:10:02',1,10,10),(23359417,851072,41,10,'2024-10-08 21:23:42',307,'2024-10-08 21:46:07',1,7,10),(23359464,631240,229,10,'2024-10-08 21:28:46',182,'2024-10-08 21:39:14',2,6,10),(23359576,1058741,222,10,'2024-10-08 21:42:19',5,'2024-10-08 21:48:18',2,6,10),(23359863,979114,46,10,'2024-10-08 22:20:10',79,'2024-10-08 22:36:36',2,6,10),(23360885,1195205,526,10,'2024-10-09 02:09:09',526,'2024-10-09 02:22:24',2,5,10),(23361518,1189286,176,10,'2024-10-09 06:42:44',533,'2024-10-09 06:47:11',1,2,10),(23362762,858252,278,10,'2024-10-09 08:13:43',187,'2024-10-09 08:24:30',2,4,10),(23363099,634494,556,10,'2024-10-09 08:31:05',524,'2024-10-09 08:54:15',2,8,10),(23363893,1214631,278,10,'2024-10-09 09:11:26',278,'2024-10-09 09:11:48',1,6,10),(23363906,1214631,278,10,'2024-10-09 09:12:06',524,'2024-10-09 09:20:31',1,4,10),(23364161,1106224,149,10,'2024-10-09 09:29:38',57,'2024-10-09 09:36:10',2,10,10),(23365593,1185150,101,10,'2024-10-09 11:02:04',29,'2024-10-09 11:20:20',2,4,10),(23367962,877812,128,10,'2024-10-09 13:19:29',200,'2024-10-09 13:44:04',1,8,10),(23368105,1067928,146,10,'2024-10-09 13:26:01',13,'2024-10-09 13:38:09',2,1,10),(23368386,1136325,175,10,'2024-10-09 13:39:52',91,'2024-10-09 14:09:12',1,3,10),(23368491,1205642,187,10,'2024-10-09 13:46:17',234,'2024-10-09 13:50:22',2,10,10),(23373871,864392,242,10,'2024-10-09 18:06:16',516,'2024-10-09 18:16:08',2,8,10),(23374244,1106224,164,10,'2024-10-09 18:19:13',539,'2024-10-09 18:31:04',2,5,10),(23375175,946252,41,10,'2024-10-09 19:03:34',403,'2024-10-09 19:11:05',2,9,10),(23376570,1166820,235,10,'2024-10-09 20:33:35',275,'2024-10-09 21:09:04',1,1,10),(23376837,1058741,5,10,'2024-10-09 20:58:10',516,'2024-10-09 21:06:54',2,9,10),(23377228,1058741,222,10,'2024-10-09 21:36:45',5,'2024-10-09 21:44:20',1,4,10),(23379516,1189286,176,10,'2024-10-10 06:59:30',533,'2024-10-10 07:04:13',2,5,10),(23380532,858252,278,10,'2024-10-10 08:17:15',187,'2024-10-10 08:28:30',2,2,10),(23380775,634494,556,10,'2024-10-10 08:30:06',524,'2024-10-10 08:54:08',2,6,10),(23380842,1213514,429,10,'2024-10-10 08:35:24',429,'2024-10-10 09:04:09',1,5,10),(23381661,1106224,175,10,'2024-10-10 09:20:06',57,'2024-10-10 09:31:22',2,8,10),(23382663,923683,385,10,'2024-10-10 10:18:25',474,'2024-10-10 10:38:16',1,2,10),(23383711,1158533,444,10,'2024-10-10 11:24:06',165,'2024-10-10 11:44:55',1,10,10),(23384852,1219333,118,10,'2024-10-10 12:32:08',118,'2024-10-10 12:36:28',1,4,10),(23384899,1225912,156,10,'2024-10-10 12:34:07',516,'2024-10-10 13:04:27',1,2,10),(23385087,1220154,2,10,'2024-10-10 12:42:55',166,'2024-10-10 13:00:38',2,8,10),(23386206,417515,336,10,'2024-10-10 13:41:47',336,'2024-10-10 13:42:09',2,7,10),(23386230,417515,336,10,'2024-10-10 13:42:51',336,'2024-10-10 13:43:13',2,7,10),(23386236,417515,336,10,'2024-10-10 13:43:24',385,'2024-10-10 13:56:56',2,1,10),(23386341,4143,235,10,'2024-10-10 13:49:17',417,'2024-10-10 13:58:23',2,3,10),(23386788,1214631,323,10,'2024-10-10 14:18:49',278,'2024-10-10 14:18:51',2,8,10),(23387764,1189286,533,10,'2024-10-10 15:22:29',176,'2024-10-10 15:26:12',2,9,10),(23388355,760203,253,10,'2024-10-10 15:55:09',199,'2024-10-10 16:00:52',2,2,10),(23390882,946252,41,10,'2024-10-10 17:45:17',403,'2024-10-10 17:52:45',2,7,10),(23391618,818062,269,10,'2024-10-10 18:12:56',269,'2024-10-10 18:13:17',1,2,10),(23391638,818062,269,10,'2024-10-10 18:13:21',269,'2024-10-10 18:13:43',1,2,10),(23391651,818062,269,10,'2024-10-10 18:13:52',269,'2024-10-10 18:14:14',1,1,10),(23391680,818062,289,10,'2024-10-10 18:14:54',229,'2024-10-10 18:43:19',2,10,10),(23391752,1220154,166,10,'2024-10-10 18:17:18',130,'2024-10-10 18:32:00',2,2,10),(23393527,417515,336,10,'2024-10-10 19:54:30',333,'2024-10-10 20:00:24',1,9,10),(23393874,1221324,144,10,'2024-10-10 20:19:50',403,'2024-10-10 21:00:19',1,9,10),(23394743,417515,333,10,'2024-10-10 21:39:03',336,'2024-10-10 21:44:04',1,1,10),(23395360,1168860,82,10,'2024-10-10 22:55:18',29,'2024-10-10 23:01:05',2,5,10),(23398897,703593,196,10,'2024-10-11 13:45:47',150,'2024-10-11 17:04:08',2,9,10),(23399183,299264,546,10,'2024-10-11 14:14:25',237,'2024-10-11 14:39:10',2,9,10),(23400100,972031,96,10,'2024-10-11 15:41:01',96,'2024-10-11 15:41:28',2,10,10),(23400217,972031,96,10,'2024-10-11 15:48:37',29,'2024-10-11 16:11:22',2,7,10),(23400465,1227091,557,10,'2024-10-11 16:09:34',5,'2024-10-11 16:38:32',2,3,10),(23402148,1227383,27,10,'2024-10-11 18:08:14',206,'2024-10-11 18:40:56',2,3,10),(23402608,371018,275,10,'2024-10-11 18:44:30',247,'2024-10-11 19:12:00',2,9,10),(23403343,673248,102,10,'2024-10-11 19:48:00',269,'2024-10-11 19:56:32',2,1,10),(23403732,634494,364,10,'2024-10-11 20:27:34',58,'2024-10-11 20:33:35',2,4,10),(23403920,1215672,490,10,'2024-10-11 20:54:56',540,'2024-10-11 21:39:44',1,7,10),(23404202,1218632,29,10,'2024-10-11 21:46:40',74,'2024-10-11 22:38:48',1,3,10),(23404467,1192145,9,10,'2024-10-11 23:08:08',193,'2024-10-12 00:03:20',2,3,10),(23406311,673248,102,10,'2024-10-12 12:01:08',56,'2024-10-12 12:13:58',2,1,10),(23406645,1227383,83,10,'2024-10-12 12:46:10',152,'2024-10-12 13:13:56',1,6,10),(23409173,1227383,353,10,'2024-10-12 17:09:09',5,'2024-10-12 18:00:33',1,8,10),(23410502,1227383,440,10,'2024-10-12 19:06:47',440,'2024-10-12 19:07:13',2,4,10),(23410525,1227383,440,10,'2024-10-12 19:07:59',440,'2024-10-12 19:08:20',2,1,10),(23410533,1227383,440,10,'2024-10-12 19:08:40',50,'2024-10-12 19:32:39',1,7,10),(23410562,157730,215,10,'2024-10-12 19:13:04',74,'2024-10-12 19:13:06',1,6,10),(23411245,1218632,29,10,'2024-10-12 21:01:49',29,'2024-10-12 21:32:44',2,5,10),(23411264,1228664,228,10,'2024-10-12 21:06:15',543,'2024-10-12 21:49:54',1,6,10),(23411291,1228256,385,10,'2024-10-12 21:13:50',336,'2024-10-12 21:34:58',1,1,10),(23411745,1228256,336,10,'2024-10-12 23:59:28',336,'2024-10-13 00:14:47',1,1,10),(23411897,1228256,336,10,'2024-10-13 00:38:40',336,'2024-10-13 00:42:11',1,1,10),(23411923,1076431,362,10,'2024-10-13 00:46:18',400,'2024-10-13 01:00:22',1,5,10),(23412024,1228256,336,10,'2024-10-13 01:12:41',336,'2024-10-13 01:13:01',1,7,10),(23412027,1228256,336,10,'2024-10-13 01:13:10',476,'2024-10-13 01:27:05',2,1,10),(23412427,1228256,476,10,'2024-10-13 03:59:19',385,'2024-10-13 04:12:48',1,9,10),(23415789,1228664,89,10,'2024-10-13 19:05:27',166,'2024-10-13 19:22:21',1,8,10),(23416527,1228825,530,10,'2024-10-13 22:12:34',70,'2024-10-13 22:31:01',2,8,10),(23418081,1189286,176,10,'2024-10-14 06:46:23',533,'2024-10-14 06:51:08',2,1,10),(23421899,1227383,83,10,'2024-10-14 11:08:59',353,'2024-10-14 11:23:39',2,10,10),(23422207,1158533,444,10,'2024-10-14 11:34:00',165,'2024-10-14 11:52:04',2,3,10),(23422650,1219333,186,10,'2024-10-14 12:05:37',186,'2024-10-14 12:07:19',2,10,10),(23422976,318881,521,10,'2024-10-14 12:26:39',275,'2024-10-14 12:50:35',1,4,10),(23423143,1122137,186,10,'2024-10-14 12:37:23',466,'2024-10-14 12:48:57',2,4,10),(23423334,1220154,130,10,'2024-10-14 12:49:13',64,'2024-10-14 13:12:13',2,5,10),(23424558,1228256,336,10,'2024-10-14 14:06:42',474,'2024-10-14 14:16:28',2,2,10),(23426017,1228256,385,10,'2024-10-14 15:36:36',385,'2024-10-14 16:07:00',1,5,10),(23426035,1189286,533,10,'2024-10-14 15:37:51',176,'2024-10-14 15:41:21',1,7,10),(23427626,1122137,13,10,'2024-10-14 16:59:29',118,'2024-10-14 17:07:41',1,5,10),(23428135,946252,70,10,'2024-10-14 17:33:22',25,'2024-10-14 17:39:54',1,2,10),(23431576,1189286,176,10,'2024-10-15 07:17:48',533,'2024-10-15 07:22:55',2,3,10),(23431966,673248,102,10,'2024-10-15 07:45:36',527,'2024-10-15 07:50:15',1,9,10),(23432630,634494,556,10,'2024-10-15 08:23:09',524,'2024-10-15 08:47:58',1,3,10),(23432826,858252,278,10,'2024-10-15 08:31:29',187,'2024-10-15 08:42:09',2,3,10),(23434607,1158533,444,10,'2024-10-15 10:10:05',165,'2024-10-15 10:27:55',1,4,10),(23435267,1229893,517,10,'2024-10-15 10:59:30',75,'2024-10-15 11:39:48',2,5,10),(23436268,1219333,186,10,'2024-10-15 12:04:56',186,'2024-10-15 12:39:32',2,1,10),(23436875,1229893,91,10,'2024-10-15 12:41:53',91,'2024-10-15 12:42:15',1,6,10),(23436882,1229893,91,10,'2024-10-15 12:42:18',91,'2024-10-15 12:42:40',2,6,10),(23436894,1229893,91,10,'2024-10-15 12:42:47',91,'2024-10-15 12:43:09',1,7,10),(23436903,1229893,91,10,'2024-10-15 12:43:18',91,'2024-10-15 12:43:40',2,6,10),(23436915,1229893,91,10,'2024-10-15 12:44:01',91,'2024-10-15 12:48:36',1,8,10),(23436993,1229893,91,10,'2024-10-15 12:49:40',5,'2024-10-15 13:41:27',1,3,10),(23437075,1219333,186,10,'2024-10-15 12:55:35',186,'2024-10-15 12:59:28',2,10,10),(23437132,1229960,64,10,'2024-10-15 12:57:56',64,'2024-10-15 12:58:17',2,7,10),(23437175,1229960,64,10,'2024-10-15 13:00:01',215,'2024-10-15 13:32:36',2,5,10),(23437189,1219333,186,10,'2024-10-15 13:00:58',186,'2024-10-15 13:40:28',2,4,10),(23437352,1185150,101,10,'2024-10-15 13:07:57',99,'2024-10-15 13:13:53',1,6,10),(23438021,1220154,175,10,'2024-10-15 13:47:08',33,'2024-10-15 14:17:57',1,9,10),(23438167,1228256,460,10,'2024-10-15 13:54:55',476,'2024-10-15 14:10:00',2,1,10),(23438698,1219333,118,10,'2024-10-15 14:25:03',186,'2024-10-15 14:28:09',1,9,10),(23439018,1219333,186,10,'2024-10-15 14:43:15',118,'2024-10-15 17:29:31',2,10,10),(23439122,1176406,24,10,'2024-10-15 14:49:14',172,'2024-10-15 15:11:27',1,5,10),(23439758,1189286,533,10,'2024-10-15 15:22:44',392,'2024-10-15 15:37:50',2,7,10),(23439897,1100181,508,10,'2024-10-15 15:30:03',299,'2024-10-15 15:57:49',2,1,10),(23441031,1100181,299,10,'2024-10-15 16:20:22',281,'2024-10-15 17:00:54',2,8,10),(23441589,760203,199,10,'2024-10-15 16:45:39',253,'2024-10-15 16:51:33',1,1,10),(23442292,810016,336,10,'2024-10-15 17:12:02',336,'2024-10-15 17:38:03',2,5,10),(23442633,858252,187,10,'2024-10-15 17:25:03',278,'2024-10-15 17:36:50',2,9,10),(23442735,843828,474,10,'2024-10-15 17:28:35',429,'2024-10-15 18:03:23',1,2,10),(23442766,1230218,35,10,'2024-10-15 17:29:31',35,'2024-10-15 17:42:26',2,5,10),(23443277,679929,44,10,'2024-10-15 17:49:30',379,'2024-10-15 18:03:37',1,8,10),(23443765,673248,373,10,'2024-10-15 18:08:35',102,'2024-10-15 18:22:05',1,5,10),(23444956,851072,302,10,'2024-10-15 18:49:53',307,'2024-10-15 18:54:08',2,6,10),(23445632,851072,307,10,'2024-10-15 19:15:57',302,'2024-10-15 19:41:48',1,2,10),(23445978,679929,379,10,'2024-10-15 19:33:21',239,'2024-10-15 19:40:16',1,10,10),(23445991,1220154,166,10,'2024-10-15 19:34:04',130,'2024-10-15 19:47:11',2,2,10),(23446128,1100181,281,10,'2024-10-15 19:40:55',508,'2024-10-15 20:49:35',1,6,10),(23446332,581423,116,10,'2024-10-15 19:49:37',190,'2024-10-15 19:56:36',1,9,10),(23446783,1230347,548,10,'2024-10-15 20:12:37',548,'2024-10-15 21:02:34',1,7,10),(23446829,1228256,385,10,'2024-10-15 20:15:05',476,'2024-10-15 20:26:48',1,7,10),(23447787,571134,516,10,'2024-10-15 21:26:54',208,'2024-10-15 21:39:21',2,9,10),(23447928,851072,477,10,'2024-10-15 21:43:55',307,'2024-10-15 22:15:45',2,9,10),(23448718,1221324,403,10,'2024-10-15 23:29:15',73,'2024-10-15 23:59:42',1,9,10),(23449151,1221324,73,10,'2024-10-16 00:20:17',152,'2024-10-16 00:37:46',1,7,10),(23449177,1230443,200,10,'2024-10-16 00:25:09',540,'2024-10-16 00:43:49',1,1,10),(23449365,1221324,152,10,'2024-10-16 01:07:40',6,'2024-10-16 01:34:08',1,6,10),(23449569,1221324,6,10,'2024-10-16 02:01:08',403,'2024-10-16 02:16:48',2,6,10),(23450339,1189286,176,10,'2024-10-16 06:40:57',533,'2024-10-16 06:46:00',2,2,10),(23451054,318881,275,10,'2024-10-16 07:40:58',521,'2024-10-16 08:01:34',1,6,10),(23451701,858252,278,10,'2024-10-16 08:17:31',322,'2024-10-16 08:27:54',1,10,10),(23451945,634494,556,10,'2024-10-16 08:32:25',524,'2024-10-16 08:57:10',1,9,10),(23454343,1185150,101,10,'2024-10-16 11:02:37',74,'2024-10-16 11:18:14',1,7,10),(23455063,1220154,130,10,'2024-10-16 11:48:21',166,'2024-10-16 12:00:38',2,7,10),(23457447,156938,26,10,'2024-10-16 14:01:30',63,'2024-10-16 14:09:12',2,2,10),(23457502,1219333,186,10,'2024-10-16 14:04:51',118,'2024-10-16 14:21:18',1,10,10),(23458091,156938,63,10,'2024-10-16 14:38:12',353,'2024-10-16 14:44:59',2,2,10),(23459296,1230699,323,10,'2024-10-16 15:38:16',275,'2024-10-16 17:51:23',1,7,10),(23459494,318881,521,10,'2024-10-16 15:48:33',537,'2024-10-16 16:06:06',1,6,10),(23460033,1189286,533,10,'2024-10-16 16:10:37',434,'2024-10-16 16:30:53',1,4,10),(23460468,843828,474,10,'2024-10-16 16:27:14',429,'2024-10-16 16:57:12',1,3,10),(23461304,1228256,476,10,'2024-10-16 17:00:53',385,'2024-10-16 17:16:56',2,4,10),(23461893,1204374,14,10,'2024-10-16 17:19:58',14,'2024-10-16 17:46:44',2,6,10),(23463367,1168860,329,10,'2024-10-16 18:11:43',82,'2024-10-16 18:36:47',2,7,10),(23466327,851072,307,10,'2024-10-16 20:34:20',41,'2024-10-16 20:52:22',1,8,10),(23466399,1166820,324,10,'2024-10-16 20:39:22',275,'2024-10-16 21:09:23',1,2,10),(23466770,1058741,5,10,'2024-10-16 21:07:13',516,'2024-10-16 21:14:43',1,5,10),(23467225,1058741,222,10,'2024-10-16 21:46:27',222,'2024-10-16 21:47:23',2,5,10),(23467226,851072,302,10,'2024-10-16 21:46:40',41,'2024-10-16 21:58:57',2,5,10),(23467266,1058741,222,10,'2024-10-16 21:51:03',5,'2024-10-16 21:58:26',2,4,10),(23467335,1201699,385,10,'2024-10-16 21:58:33',267,'2024-10-16 22:12:29',2,6,10),(23467349,618128,403,10,'2024-10-16 22:00:13',403,'2024-10-16 22:14:23',1,10,10),(23467463,1221324,403,10,'2024-10-16 22:11:06',83,'2024-10-16 22:46:45',1,2,10),(23468216,1221324,130,10,'2024-10-17 00:00:56',490,'2024-10-17 00:37:18',1,8,10),(23468514,1221324,490,10,'2024-10-17 00:52:45',482,'2024-10-17 01:39:16',2,3,10),(23469595,1189286,176,10,'2024-10-17 06:44:32',533,'2024-10-17 06:49:42',2,4,10),(23470164,220681,375,10,'2024-10-17 07:54:02',385,'2024-10-17 07:58:51',1,2,10),(23470352,858252,278,10,'2024-10-17 08:13:47',322,'2024-10-17 08:25:30',1,6,10),(23470884,220681,385,10,'2024-10-17 08:56:20',375,'2024-10-17 09:02:32',1,7,10),(23474662,877812,111,10,'2024-10-17 13:14:02',200,'2024-10-17 13:40:11',2,3,10),(23477343,1100181,93,10,'2024-10-17 15:48:40',146,'2024-10-17 16:05:19',2,4,10),(23477445,1189286,533,10,'2024-10-17 15:53:45',176,'2024-10-17 15:57:48',1,6,10),(23481763,1168860,86,10,'2024-10-17 18:54:33',17,'2024-10-17 19:17:06',1,9,10),(23481936,946252,41,10,'2024-10-17 19:03:18',424,'2024-10-17 19:07:43',1,5,10),(23483056,618128,403,10,'2024-10-17 20:08:23',424,'2024-10-17 20:42:14',2,9,10),(23484698,1192145,193,10,'2024-10-17 22:23:48',193,'2024-10-17 23:02:06',2,10,10),(23484927,679929,458,10,'2024-10-17 22:58:38',261,'2024-10-17 23:12:20',2,4,10),(23485377,1228664,9,10,'2024-10-18 00:05:15',89,'2024-10-18 00:31:00',1,10,10),(23486694,1189286,176,10,'2024-10-18 06:36:46',533,'2024-10-18 06:41:14',2,8,10),(23487600,1231836,68,10,'2024-10-18 07:51:13',434,'2024-10-18 08:03:27',1,3,10),(23488376,818062,44,10,'2024-10-18 08:39:29',516,'2024-10-18 12:16:51',1,2,10),(23490556,1133541,208,10,'2024-10-18 11:01:12',13,'2024-10-18 11:01:14',1,5,10),(23492737,1228664,89,10,'2024-10-18 13:08:30',65,'2024-10-18 13:21:25',2,3,10),(23493291,259881,33,10,'2024-10-18 13:40:25',107,'2024-10-18 14:06:15',2,8,10),(23493492,1228256,460,10,'2024-10-18 13:53:13',385,'2024-10-18 14:11:08',2,8,10),(23493855,1228664,190,10,'2024-10-18 14:12:32',89,'2024-10-18 14:19:12',2,2,10),(23493971,760203,199,10,'2024-10-18 14:17:42',253,'2024-10-18 14:22:38',2,5,10),(23500276,259881,107,10,'2024-10-18 19:13:07',33,'2024-10-18 19:37:32',2,5,10),(23500964,989293,478,10,'2024-10-18 19:50:35',213,'2024-10-18 20:28:17',1,9,10),(23501606,1232356,245,10,'2024-10-18 20:34:09',489,'2024-10-18 20:45:43',2,3,10),(23501868,1058741,5,10,'2024-10-18 20:55:44',516,'2024-10-18 21:04:36',1,7,10),(23502283,877812,200,10,'2024-10-18 21:30:20',216,'2024-10-18 21:40:34',1,3,10),(23502306,851072,307,10,'2024-10-18 21:33:27',41,'2024-10-18 21:52:56',2,1,10),(23502350,1058741,222,10,'2024-10-18 21:37:40',5,'2024-10-18 21:45:24',2,6,10),(23502682,1220154,166,10,'2024-10-18 22:24:21',130,'2024-10-18 22:36:42',2,9,10),(23503865,1117667,206,10,'2024-10-19 03:05:20',186,'2024-10-19 03:30:30',2,9,10),(23505206,1231836,434,10,'2024-10-19 11:19:41',501,'2024-10-19 11:53:36',1,7,10),(23505712,696630,524,10,'2024-10-19 12:29:40',416,'2024-10-19 12:42:53',1,8,10),(23507171,697099,22,10,'2024-10-19 15:38:52',14,'2024-10-19 16:22:45',1,6,10),(23508180,989293,436,10,'2024-10-19 17:03:16',116,'2024-10-19 17:35:40',2,6,10),(23508637,1233003,423,10,'2024-10-19 17:38:38',236,'2024-10-19 17:59:28',2,6,10),(23511599,1228256,385,10,'2024-10-20 02:22:11',336,'2024-10-20 02:37:51',2,1,10),(23511637,1233003,236,10,'2024-10-20 02:34:00',423,'2024-10-20 02:50:00',2,10,10),(23511711,1228256,336,10,'2024-10-20 03:01:31',385,'2024-10-20 03:12:44',1,9,10),(23512611,1158497,324,10,'2024-10-20 09:47:59',176,'2024-10-20 10:03:57',1,5,10),(23512963,783157,14,10,'2024-10-20 10:58:43',516,'2024-10-20 11:30:04',1,6,10),(23513794,989293,38,10,'2024-10-20 13:22:18',116,'2024-10-20 13:35:59',2,9,10),(23514105,560833,6,10,'2024-10-20 14:12:08',152,'2024-10-20 16:56:10',2,2,10),(23515770,560833,152,10,'2024-10-20 17:47:21',6,'2024-10-20 18:02:40',2,5,10),(23517475,1233003,466,10,'2024-10-20 22:09:57',533,'2024-10-20 22:51:18',2,4,10),(23518978,1189286,176,10,'2024-10-21 06:43:19',533,'2024-10-21 06:48:06',2,10,10),(23519534,318881,275,10,'2024-10-21 07:35:52',521,'2024-10-21 07:58:06',1,10,10),(23520507,634494,418,10,'2024-10-21 08:35:52',524,'2024-10-21 08:55:26',1,10,10),(23521263,1213514,413,10,'2024-10-21 09:19:09',413,'2024-10-21 09:28:17',1,1,10),(23522470,1231836,434,10,'2024-10-21 10:56:05',501,'2024-10-21 11:24:02',1,6,10),(23522766,1158533,444,10,'2024-10-21 11:20:01',165,'2024-10-21 11:37:28',2,2,10),(23522946,1220154,130,10,'2024-10-21 11:33:25',166,'2024-10-21 11:50:52',2,5,10),(23523396,673248,102,10,'2024-10-21 12:07:04',208,'2024-10-21 12:13:45',1,4,10),(23523585,156938,26,10,'2024-10-21 12:21:40',132,'2024-10-21 12:34:54',2,5,10),(23523795,318881,521,10,'2024-10-21 12:36:54',275,'2024-10-21 12:58:44',2,3,10),(23524092,156938,60,10,'2024-10-21 12:55:08',353,'2024-10-21 13:10:52',2,10,10),(23525177,1205642,187,10,'2024-10-21 14:16:28',364,'2024-10-21 14:39:35',2,4,10),(23525626,1220154,64,10,'2024-10-21 14:45:13',71,'2024-10-21 14:59:33',2,6,10),(23525686,1234143,359,10,'2024-10-21 14:49:06',359,'2024-10-21 15:00:16',1,4,10),(23525739,259881,33,10,'2024-10-21 14:54:45',107,'2024-10-21 15:16:49',1,3,10),(23526015,1168860,171,10,'2024-10-21 15:11:46',24,'2024-10-21 15:32:45',1,8,10),(23526290,1189286,533,10,'2024-10-21 15:29:10',533,'2024-10-21 15:29:59',1,4,10),(23526469,1189286,564,10,'2024-10-21 15:40:47',248,'2024-10-21 15:53:33',1,8,10),(23526849,618128,175,10,'2024-10-21 16:02:43',403,'2024-10-21 16:15:03',1,6,10),(23527455,843828,474,10,'2024-10-21 16:34:21',429,'2024-10-21 17:02:54',1,10,10),(23528103,1122137,13,10,'2024-10-21 17:06:39',118,'2024-10-21 17:12:44',1,7,10),(23530984,259881,107,10,'2024-10-21 19:22:33',33,'2024-10-21 19:47:10',2,10,10),(23531690,1122137,466,10,'2024-10-21 19:58:39',466,'2024-10-21 20:14:42',2,2,10),(23532799,851072,307,10,'2024-10-21 21:07:52',425,'2024-10-21 21:15:54',2,3,10),(23533289,317840,87,10,'2024-10-21 21:46:52',120,'2024-10-21 22:01:16',1,8,10),(23533293,851072,425,10,'2024-10-21 21:47:18',41,'2024-10-21 22:05:16',2,6,10),(23533597,317840,120,10,'2024-10-21 22:16:34',492,'2024-10-21 22:27:57',1,9,10),(23533701,851072,41,10,'2024-10-21 22:26:47',307,'2024-10-21 22:49:46',1,3,10),(23535895,1189286,176,10,'2024-10-22 06:51:02',533,'2024-10-22 06:56:16',1,4,10),(23536700,673248,102,10,'2024-10-22 07:47:26',527,'2024-10-22 07:51:56',2,2,10),(23536780,220681,375,10,'2024-10-22 07:52:31',385,'2024-10-22 07:57:05',2,3,10),(23537112,858252,278,10,'2024-10-22 08:10:41',322,'2024-10-22 08:20:19',2,7,10),(23538023,220681,385,10,'2024-10-22 08:54:22',375,'2024-10-22 09:01:06',1,10,10),(23539387,1158533,444,10,'2024-10-22 10:04:51',165,'2024-10-22 10:24:41',2,8,10),(23540162,1158533,165,10,'2024-10-22 10:50:23',171,'2024-10-22 10:57:21',1,4,10),(23540679,1148617,435,10,'2024-10-22 11:28:47',426,'2024-10-22 11:39:24',2,6,10),(23540937,1220154,130,10,'2024-10-22 11:45:25',166,'2024-10-22 11:57:13',2,1,10),(23540992,760203,253,10,'2024-10-22 11:49:52',199,'2024-10-22 11:57:00',2,3,10),(23541486,1231836,58,10,'2024-10-22 12:18:48',501,'2024-10-22 12:54:31',1,10,10),(23541615,1122137,118,10,'2024-10-22 12:27:31',466,'2024-10-22 12:41:59',2,9,10),(23541617,1134303,116,10,'2024-10-22 12:27:34',76,'2024-10-22 13:02:54',1,2,10),(23541963,725842,556,10,'2024-10-22 12:47:34',556,'2024-10-22 13:07:36',2,7,10),(23542582,1185150,101,10,'2024-10-22 13:24:51',99,'2024-10-22 13:30:51',2,9,10),(23542724,760203,199,10,'2024-10-22 13:35:30',253,'2024-10-22 13:40:51',1,8,10),(23544443,4143,235,10,'2024-10-22 15:16:11',417,'2024-10-22 15:26:35',1,7,10),(23545466,1134303,444,10,'2024-10-22 16:05:34',444,'2024-10-22 16:05:55',1,8,10),(23545482,1134303,444,10,'2024-10-22 16:06:06',444,'2024-10-22 16:06:28',1,5,10),(23545498,1134303,444,10,'2024-10-22 16:06:41',444,'2024-10-22 16:07:03',1,8,10),(23545518,1134303,13,10,'2024-10-22 16:07:08',116,'2024-10-22 16:26:56',2,1,10),(23545835,1133745,183,10,'2024-10-22 16:18:36',188,'2024-10-22 16:30:19',1,4,10),(23545950,1220154,166,10,'2024-10-22 16:23:14',277,'2024-10-22 16:47:41',2,3,10),(23546073,1189286,533,10,'2024-10-22 16:27:40',434,'2024-10-22 16:48:29',2,1,10),(23546078,868349,263,10,'2024-10-22 16:27:47',473,'2024-10-22 16:54:09',2,6,10),(23547179,1227091,359,10,'2024-10-22 17:11:31',534,'2024-10-22 19:53:41',2,6,10),(23547608,843828,474,10,'2024-10-22 17:27:30',481,'2024-10-22 17:59:07',1,5,10),(23549947,851072,307,10,'2024-10-22 18:58:25',41,'2024-10-22 19:16:58',2,5,10),(23550965,1166820,235,10,'2024-10-22 19:55:29',235,'2024-10-23 03:32:00',1,9,10),(23551636,851072,302,10,'2024-10-22 20:36:26',21,'2024-10-22 20:36:28',2,2,10),(23551845,1058741,5,10,'2024-10-22 20:53:46',516,'2024-10-22 21:02:52',1,9,10),(23552307,1058741,222,10,'2024-10-22 21:33:54',5,'2024-10-22 21:40:43',1,8,10),(23553287,1133745,544,10,'2024-10-23 00:00:06',188,'2024-10-23 00:20:19',2,8,10),(23555670,156938,130,10,'2024-10-23 08:42:44',353,'2024-10-23 08:50:55',2,10,10),(23556282,1213514,413,10,'2024-10-23 09:24:25',413,'2024-10-23 09:44:12',1,6,10),(23556574,1133745,183,10,'2024-10-23 09:44:48',183,'2024-10-23 09:47:25',1,2,10),(23558181,156938,26,10,'2024-10-23 11:44:27',130,'2024-10-23 11:51:47',2,9,10),(23558989,1220154,130,10,'2024-10-23 12:36:32',166,'2024-10-23 12:48:45',2,8,10),(23559723,1133745,188,10,'2024-10-23 15:37:22',188,'2024-10-23 16:11:24',2,9,10),(23561273,673248,527,10,'2024-10-23 17:46:16',70,'2024-10-23 17:54:21',2,8,10),(23561797,1215114,417,10,'2024-10-23 18:32:25',417,'2024-10-23 18:51:56',2,4,10),(23562921,1220154,166,10,'2024-10-23 20:26:03',130,'2024-10-23 20:41:54',1,5,10),(23563202,317840,120,10,'2024-10-23 21:03:35',492,'2024-10-23 21:17:51',1,5,10),(23565433,1189286,176,10,'2024-10-24 06:45:45',533,'2024-10-24 06:50:47',2,2,10),(23566084,220681,375,10,'2024-10-24 07:46:48',385,'2024-10-24 07:52:24',1,6,10),(23566431,858252,278,10,'2024-10-24 08:10:34',187,'2024-10-24 08:20:47',1,9,10),(23566827,634494,556,10,'2024-10-24 08:35:35',524,'2024-10-24 08:56:57',1,4,10),(23567978,673248,102,10,'2024-10-24 09:51:06',63,'2024-10-24 10:36:23',2,2,10),(23568169,156938,35,10,'2024-10-24 10:02:52',26,'2024-10-24 10:09:21',1,7,10),(23570829,156938,26,10,'2024-10-24 16:07:42',130,'2024-10-24 16:17:11',1,8,10),(23570924,417515,241,10,'2024-10-24 16:18:51',336,'2024-10-24 16:28:04',1,10,10),(23573122,1220154,166,10,'2024-10-24 19:06:22',130,'2024-10-24 19:23:08',2,2,10),(23573918,673248,102,10,'2024-10-24 20:08:48',89,'2024-10-24 20:29:36',1,3,10),(23574195,1228664,156,10,'2024-10-24 20:35:46',515,'2024-10-24 20:57:15',2,3,10),(23574555,1228664,210,10,'2024-10-24 21:13:12',44,'2024-10-24 21:36:59',2,3,10),(23574806,673248,89,10,'2024-10-24 21:47:02',102,'2024-10-24 22:10:18',2,3,10),(23575805,851072,432,10,'2024-10-25 00:41:52',307,'2024-10-25 01:00:27',2,6,10),(23576764,1189286,176,10,'2024-10-25 06:38:58',533,'2024-10-25 06:44:06',1,9,10),(23578886,1213514,413,10,'2024-10-25 09:06:58',413,'2024-10-25 09:31:23',1,3,10),(23580908,1158533,444,10,'2024-10-25 11:22:13',165,'2024-10-25 11:43:32',1,6,10),(23581226,760203,253,10,'2024-10-25 11:47:45',199,'2024-10-25 11:54:18',2,2,10),(23582244,1148617,426,10,'2024-10-25 12:55:35',489,'2024-10-25 13:04:45',2,10,10),(23585367,1233003,232,10,'2024-10-25 16:48:56',500,'2024-10-25 16:58:12',1,5,10),(23585870,673248,440,10,'2024-10-25 17:13:05',208,'2024-10-25 17:21:24',2,10,10),(23586369,673248,556,10,'2024-10-25 17:36:28',102,'2024-10-25 17:40:13',1,2,10),(23588937,666040,93,10,'2024-10-25 20:56:57',93,'2024-10-25 21:14:33',2,4,10),(23589031,1168860,212,10,'2024-10-25 21:10:52',194,'2024-10-25 21:26:24',2,4,10),(23592631,696630,358,10,'2024-10-26 12:56:11',416,'2024-10-26 13:02:39',1,6,10),(23594704,1236773,291,10,'2024-10-26 16:53:14',291,'2024-10-26 17:37:11',2,4,10),(23595520,634494,14,10,'2024-10-26 18:06:40',364,'2024-10-26 18:13:45',1,10,10),(23598142,1233003,248,10,'2024-10-27 02:06:09',533,'2024-10-27 02:17:47',2,2,10),(23599266,1158497,512,10,'2024-10-27 09:59:06',176,'2024-10-27 10:15:41',2,10,10),(23600321,1050860,498,10,'2024-10-27 12:48:10',369,'2024-10-27 14:30:05',1,9,10),(23600378,1237088,519,10,'2024-10-27 12:55:07',151,'2024-10-27 13:25:07',2,3,10),(23601020,1237088,152,10,'2024-10-27 14:09:21',35,'2024-10-27 14:45:12',1,10,10),(23601186,1166625,8,10,'2024-10-27 14:26:11',567,'2024-10-27 14:33:23',1,10,10),(23602506,1166625,567,10,'2024-10-27 16:17:57',8,'2024-10-27 16:27:02',1,8,10),(23603820,1228664,156,10,'2024-10-27 17:54:13',516,'2024-10-27 18:40:48',2,5,10),(23604281,634494,364,10,'2024-10-27 18:27:57',14,'2024-10-27 18:35:09',2,4,10),(23604689,1234143,268,10,'2024-10-27 18:56:02',308,'2024-10-27 19:27:19',1,8,10),(23607615,1189286,176,10,'2024-10-28 06:43:41',533,'2024-10-28 06:48:27',2,5,10),(23607793,868349,71,10,'2024-10-28 07:05:03',567,'2024-10-28 07:10:17',1,8,10),(23608602,318881,511,10,'2024-10-28 08:03:50',521,'2024-10-28 08:15:53',1,3,10),(23608971,1213514,413,10,'2024-10-28 08:25:42',413,'2024-10-28 08:49:39',1,6,10),(23609024,634494,556,10,'2024-10-28 08:28:48',556,'2024-10-28 08:29:10',1,5,10),(23609041,634494,556,10,'2024-10-28 08:29:40',486,'2024-10-28 11:06:14',1,9,10),(23611237,1158533,444,10,'2024-10-28 10:48:33',165,'2024-10-28 11:10:24',2,9,10),(23612585,318881,521,10,'2024-10-28 12:24:11',275,'2024-10-28 12:46:48',2,5,10),(23612593,94456,99,10,'2024-10-28 12:24:36',99,'2024-10-28 12:55:25',1,1,10),(23612602,1220154,130,10,'2024-10-28 12:24:52',166,'2024-10-28 12:41:51',1,4,10),(23612652,1122137,118,10,'2024-10-28 12:28:14',13,'2024-10-28 12:40:41',1,5,10),(23613236,755905,435,10,'2024-10-28 13:07:12',322,'2024-10-28 13:12:55',1,10,10),(23615649,1234143,308,10,'2024-10-28 15:39:26',379,'2024-10-28 17:50:41',2,7,10),(23615961,1189286,533,10,'2024-10-28 15:55:07',533,'2024-10-28 15:55:51',1,10,10),(23615986,1189286,533,10,'2024-10-28 15:56:15',176,'2024-10-28 15:59:41',1,8,10),(23616512,1133745,183,10,'2024-10-28 16:18:32',183,'2024-10-28 16:23:06',2,9,10),(23616674,1133745,183,10,'2024-10-28 16:25:43',188,'2024-10-28 16:36:54',2,9,10),(23616727,843828,474,10,'2024-10-28 16:27:49',474,'2024-10-28 16:28:57',2,7,10),(23616767,843828,474,10,'2024-10-28 16:29:48',481,'2024-10-28 17:03:39',1,9,10),(23618325,755905,322,10,'2024-10-28 17:31:26',435,'2024-10-28 17:35:45',2,9,10),(23618633,1133745,175,10,'2024-10-28 17:42:19',175,'2024-10-28 17:47:45',2,3,10),(23620437,862550,418,10,'2024-10-28 18:46:00',165,'2024-10-28 19:27:33',2,7,10),(23620582,1236221,155,10,'2024-10-28 18:51:55',155,'2024-10-28 18:52:16',1,7,10),(23620606,1236221,155,10,'2024-10-28 18:52:40',155,'2024-10-28 18:53:46',2,2,10),(23620678,1236221,155,10,'2024-10-28 18:55:45',155,'2024-10-28 18:56:06',2,6,10),(23620738,1236221,155,10,'2024-10-28 18:58:34',155,'2024-10-28 18:58:55',2,1,10),(23620760,1236221,155,10,'2024-10-28 18:59:12',21,'2024-10-28 19:41:29',1,2,10),(23620940,805997,353,10,'2024-10-28 19:06:59',111,'2024-10-28 19:24:02',1,5,10),(23621431,1220154,166,10,'2024-10-28 19:28:31',130,'2024-10-28 19:47:04',1,10,10),(23621610,1237088,2,10,'2024-10-28 19:36:47',2,'2024-10-28 19:37:12',2,7,10),(23621640,1237088,2,10,'2024-10-28 19:38:20',557,'2024-10-28 20:17:57',1,1,10),(23622026,1236221,21,10,'2024-10-28 19:56:35',155,'2024-10-28 20:35:24',1,2,10),(23622575,755905,435,10,'2024-10-28 20:23:00',258,'2024-10-28 20:23:02',2,10,10),(23622679,1200813,455,10,'2024-10-28 20:28:35',197,'2024-10-28 20:58:11',2,5,10),(23622920,417515,476,10,'2024-10-28 20:43:03',476,'2024-10-28 20:43:24',2,5,10),(23622937,417515,476,10,'2024-10-28 20:43:58',336,'2024-10-28 21:00:54',1,3,10),(23624255,862550,165,10,'2024-10-28 22:29:06',418,'2024-10-28 22:58:12',2,2,10),(23626677,1189286,176,10,'2024-10-29 07:12:56',533,'2024-10-29 07:17:19',2,8,10),(23627361,673248,102,10,'2024-10-29 07:51:40',524,'2024-10-29 08:11:56',1,9,10),(23627452,858252,278,10,'2024-10-29 07:57:06',187,'2024-10-29 08:08:25',2,8,10),(23629373,1106224,175,10,'2024-10-29 09:33:44',57,'2024-10-29 09:46:28',2,3,10),(23631438,1158533,444,10,'2024-10-29 11:34:59',69,'2024-10-29 11:58:06',1,10,10),(23631875,417515,336,10,'2024-10-29 11:59:52',267,'2024-10-29 12:09:41',2,7,10),(23631936,1228664,63,10,'2024-10-29 12:04:33',89,'2024-10-29 12:33:15',2,5,10),(23632383,1122137,118,10,'2024-10-29 12:31:52',466,'2024-10-29 12:44:10',2,1,10),(23633478,417515,385,10,'2024-10-29 13:36:30',29,'2024-10-29 14:17:02',1,10,10),(23635336,1122137,466,10,'2024-10-29 15:19:57',186,'2024-10-29 15:27:47',1,2,10),(23635445,4143,235,10,'2024-10-29 15:27:36',417,'2024-10-29 15:38:10',1,7,10),(23635854,1189286,533,10,'2024-10-29 15:47:41',434,'2024-10-29 16:04:38',1,6,10),(23636508,1234143,308,10,'2024-10-29 16:16:40',478,'2024-10-29 17:26:16',1,1,10),(23638150,843828,474,10,'2024-10-29 17:23:51',429,'2024-10-29 17:51:01',2,8,10),(23638483,1044331,70,10,'2024-10-29 17:35:51',65,'2024-10-29 17:44:13',2,6,10),(23640480,666040,46,10,'2024-10-29 18:43:43',93,'2024-10-29 18:55:05',1,6,10),(23642255,755905,435,10,'2024-10-29 19:56:32',322,'2024-10-29 20:05:37',2,1,10),(23643122,1058741,5,10,'2024-10-29 20:42:26',5,'2024-10-29 20:42:47',2,10,10),(23643138,1058741,5,10,'2024-10-29 20:43:29',516,'2024-10-29 20:52:47',1,5,10),(23643315,1168860,212,10,'2024-10-29 20:54:55',82,'2024-10-29 21:14:33',1,6,10),(23643822,1058741,222,10,'2024-10-29 21:28:41',5,'2024-10-29 21:34:07',1,3,10),(23643826,1200813,455,10,'2024-10-29 21:29:08',309,'2024-10-29 21:37:49',1,4,10),(23645124,564952,359,10,'2024-10-30 00:02:33',324,'2024-10-30 00:20:54',1,3,10),(23646080,1239788,200,10,'2024-10-30 02:38:24',216,'2024-10-30 02:52:52',1,7,10),(23646269,1239788,216,10,'2024-10-30 03:54:20',200,'2024-10-30 04:00:03',2,3,10),(23646311,1239788,200,10,'2024-10-30 04:27:09',200,'2024-10-30 05:06:25',1,8,10),(23646388,1234143,308,10,'2024-10-30 05:18:11',540,'2024-10-30 05:47:02',1,7,10),(23646694,634494,364,10,'2024-10-30 06:36:17',58,'2024-10-30 06:42:48',1,1,10),(23646719,1234143,541,10,'2024-10-30 06:39:48',431,'2024-10-30 07:20:11',1,9,10),(23646812,1189286,176,10,'2024-10-30 06:49:46',533,'2024-10-30 06:53:50',2,9,10),(23647488,1234143,431,10,'2024-10-30 07:38:27',277,'2024-10-30 08:11:44',1,2,10),(23647489,318881,275,10,'2024-10-30 07:38:29',521,'2024-10-30 07:59:20',2,2,10),(23647864,858252,278,10,'2024-10-30 08:02:24',187,'2024-10-30 08:14:23',2,9,10),(23649285,1238755,517,10,'2024-10-30 09:29:45',156,'2024-10-30 10:07:29',1,10,10),(23650254,1185150,101,10,'2024-10-30 10:34:09',167,'2024-10-30 10:51:24',1,4,10),(23650709,1158533,444,10,'2024-10-30 11:05:12',165,'2024-10-30 11:28:11',2,7,10),(23651901,1220154,130,10,'2024-10-30 12:21:17',166,'2024-10-30 12:38:03',1,4,10),(23652153,417515,336,10,'2024-10-30 12:39:27',278,'2024-10-30 13:16:11',2,3,10),(23652306,843828,429,10,'2024-10-30 12:50:13',473,'2024-10-30 13:13:32',2,6,10),(23655219,318881,387,10,'2024-10-30 15:49:28',537,'2024-10-30 16:09:28',2,7,10),(23655614,1189286,533,10,'2024-10-30 16:08:24',176,'2024-10-30 16:12:36',1,4,10),(23656077,989293,116,10,'2024-10-30 16:25:25',171,'2024-10-30 16:41:46',1,4,10),(23656092,1239788,200,10,'2024-10-30 16:25:24',215,'2024-10-30 16:46:50',2,5,10),(23656588,1220154,242,10,'2024-10-30 16:48:01',490,'2024-10-30 16:58:58',1,2,10),(23657372,1236221,302,10,'2024-10-30 17:17:08',155,'2024-10-30 17:33:10',1,3,10),(23657648,318881,275,10,'2024-10-30 17:27:15',478,'2024-10-30 17:36:19',1,6,10),(23658154,1220154,557,10,'2024-10-30 17:44:37',557,'2024-10-30 17:44:59',2,6,10),(23658163,1220154,557,10,'2024-10-30 17:45:15',557,'2024-10-30 17:45:37',2,3,10),(23658280,1236221,155,10,'2024-10-30 17:50:16',41,'2024-10-30 18:17:45',2,7,10),(23658393,1220154,540,10,'2024-10-30 17:54:19',420,'2024-10-30 18:10:27',2,1,10),(23659458,851072,307,10,'2024-10-30 18:31:57',562,'2024-10-30 18:56:08',2,3,10),(23659952,1236221,41,10,'2024-10-30 18:51:39',251,'2024-10-30 19:11:41',2,8,10),(23660030,1238755,156,10,'2024-10-30 18:54:28',215,'2024-10-30 19:16:28',2,6,10),(23660587,851072,562,10,'2024-10-30 19:15:52',477,'2024-10-30 19:46:04',1,2,10),(23660627,318881,478,10,'2024-10-30 19:17:12',275,'2024-10-30 19:23:57',2,6,10),(23660893,1236221,251,10,'2024-10-30 19:27:10',424,'2024-10-30 19:44:41',1,8,10),(23661623,1236221,424,10,'2024-10-30 20:00:02',302,'2024-10-30 20:23:43',2,9,10),(23661766,1158533,69,10,'2024-10-30 20:06:50',444,'2024-10-30 20:28:06',2,3,10),(23662851,851072,219,10,'2024-10-30 21:07:14',307,'2024-10-30 21:23:21',2,3,10),(23663789,868525,547,10,'2024-10-30 22:27:27',547,'2024-10-30 22:32:49',2,1,10),(23664544,989293,213,10,'2024-10-31 00:22:08',116,'2024-10-31 00:45:42',1,2,10),(23664761,1239788,215,10,'2024-10-31 01:00:37',200,'2024-10-31 01:17:59',2,3,10),(23667309,858252,278,10,'2024-10-31 08:25:32',187,'2024-10-31 08:36:44',1,7,10),(23668168,156938,114,10,'2024-10-31 09:11:32',114,'2024-10-31 09:11:54',1,6,10),(23668276,755905,478,10,'2024-10-31 09:16:56',489,'2024-10-31 09:33:09',1,6,10),(23668988,1106224,175,10,'2024-10-31 09:59:39',57,'2024-10-31 10:11:23',1,6,10),(23669435,417515,241,10,'2024-10-31 10:37:22',336,'2024-10-31 10:46:52',2,2,10),(23670207,1236221,302,10,'2024-10-31 11:40:48',412,'2024-10-31 12:09:10',1,10,10),(23670225,1234143,277,10,'2024-10-31 11:41:35',131,'2024-10-31 12:20:44',1,6,10),(23672074,1185150,101,10,'2024-10-31 13:24:11',29,'2024-10-31 13:40:14',2,3,10),(23672430,1175815,322,10,'2024-10-31 13:42:06',435,'2024-10-31 13:49:31',2,4,10),(23673782,1175815,435,10,'2024-10-31 15:04:05',322,'2024-10-31 15:10:15',2,9,10),(23673936,1189286,533,10,'2024-10-31 15:11:50',176,'2024-10-31 15:14:38',2,1,10),(23674670,1234143,308,10,'2024-10-31 15:49:40',308,'2024-10-31 16:17:29',2,7,10),(23675566,1239788,200,10,'2024-10-31 16:33:03',200,'2024-10-31 16:33:05',1,10,10),(23675567,1239788,200,10,'2024-10-31 16:33:14',215,'2024-10-31 16:54:30',1,8,10),(23675822,156938,26,10,'2024-10-31 16:44:43',27,'2024-10-31 17:05:09',2,2,10),(23675874,1236221,29,10,'2024-10-31 16:46:49',29,'2024-10-31 16:54:27',2,8,10),(23675898,4143,235,10,'2024-10-31 16:47:29',417,'2024-10-31 16:57:36',2,1,10),(23676603,114078,66,10,'2024-10-31 17:13:46',156,'2024-10-31 17:29:07',2,6,10),(23677258,1236221,29,10,'2024-10-31 17:37:12',29,'2024-10-31 18:14:08',2,9,10),(23677358,697099,22,10,'2024-10-31 17:40:37',14,'2024-10-31 18:43:43',1,1,10),(23677737,306187,316,10,'2024-10-31 17:54:32',479,'2024-10-31 18:12:08',2,1,10),(23678823,1236221,29,10,'2024-10-31 18:32:12',302,'2024-10-31 19:55:12',1,1,10),(23678900,1134303,116,10,'2024-10-31 18:35:33',9,'2024-10-31 18:49:10',2,8,10),(23680707,1040266,464,10,'2024-10-31 19:59:40',542,'2024-10-31 20:15:04',1,1,10),(23681379,1040266,542,10,'2024-10-31 20:38:50',464,'2024-10-31 20:55:15',1,9,10),(23682013,1058741,5,10,'2024-10-31 21:22:16',516,'2024-10-31 21:30:33',2,10,10),(23682508,1058741,222,10,'2024-10-31 22:02:28',5,'2024-10-31 22:08:49',2,5,10),(23682636,1088550,491,10,'2024-10-31 22:17:03',82,'2024-10-31 22:35:00',1,6,10),(23683862,306187,479,11,'2024-11-01 00:55:37',167,'2024-11-01 01:08:09',1,3,11),(23684278,1239788,215,11,'2024-11-01 02:10:48',200,'2024-11-01 02:26:15',1,9,11),(23685203,1189286,176,11,'2024-11-01 06:51:02',533,'2024-11-01 06:55:48',1,7,11),(23686667,1213514,413,11,'2024-11-01 08:35:07',413,'2024-11-01 11:11:50',1,2,11),(23686776,1241321,478,11,'2024-11-01 08:42:11',478,'2024-11-01 08:42:33',1,10,11),(23687216,1241321,538,11,'2024-11-01 09:03:55',538,'2024-11-01 09:04:17',1,10,11),(23687235,755905,435,11,'2024-11-01 09:04:59',322,'2024-11-01 09:11:15',2,5,11),(23689279,1228664,89,11,'2024-11-01 11:02:12',289,'2024-11-01 11:28:13',1,10,11),(23690254,1228664,289,11,'2024-11-01 12:13:44',89,'2024-11-01 12:13:46',2,3,11),(23690417,1220154,2,11,'2024-11-01 12:24:24',166,'2024-11-01 12:44:37',1,2,11),(23690822,1191334,59,11,'2024-11-01 12:58:08',73,'2024-11-01 13:09:14',1,3,11),(23691458,1241321,179,11,'2024-11-01 13:39:14',539,'2024-11-01 13:55:28',1,8,11),(23693077,755905,435,11,'2024-11-01 15:20:48',500,'2024-11-01 15:27:21',1,5,11),(23693619,4143,235,11,'2024-11-01 15:53:14',417,'2024-11-01 16:05:08',2,6,11),(23694399,1239788,546,11,'2024-11-01 16:34:06',546,'2024-11-01 16:34:06',1,10,11),(23694567,1058741,311,11,'2024-11-01 16:43:28',521,'2024-11-01 16:48:20',2,9,11),(23696843,1215114,417,11,'2024-11-01 18:24:11',241,'2024-11-01 18:55:11',2,6,11),(23697969,1228256,385,11,'2024-11-01 19:15:06',385,'2024-11-01 19:35:00',1,7,11),(23698004,1215114,513,11,'2024-11-01 19:16:40',417,'2024-11-01 19:38:46',2,4,11),(23698199,1220154,166,11,'2024-11-01 19:26:57',130,'2024-11-01 19:43:38',2,7,11),(23699443,571134,182,11,'2024-11-01 20:37:51',275,'2024-11-01 20:55:46',2,2,11),(23699507,1158533,69,11,'2024-11-01 20:43:17',444,'2024-11-01 21:03:39',1,6,11),(23700504,1088550,491,11,'2024-11-01 22:12:44',82,'2024-11-01 22:29:24',1,2,11),(23701391,571134,275,11,'2024-11-02 00:23:25',182,'2024-11-02 00:39:49',2,2,11),(23701730,877812,216,11,'2024-11-02 01:52:45',200,'2024-11-02 01:57:22',1,1,11),(23702298,1193347,150,11,'2024-11-02 05:36:55',539,'2024-11-02 05:52:20',2,10,11),(23703056,812219,212,11,'2024-11-02 11:20:27',144,'2024-11-02 11:55:43',2,6,11),(23703123,1166625,8,11,'2024-11-02 11:38:40',27,'2024-11-02 12:00:39',2,1,11),(23703471,812219,144,11,'2024-11-02 12:44:45',194,'2024-11-02 13:00:08',2,1,11),(23703758,1076431,400,11,'2024-11-02 13:42:17',393,'2024-11-02 13:51:03',2,8,11),(23707127,1088550,491,11,'2024-11-02 22:14:07',82,'2024-11-02 22:29:25',1,3,11),(23708940,812219,212,11,'2024-11-03 09:20:40',212,'2024-11-03 09:21:41',1,6,11),(23708952,812219,212,11,'2024-11-03 09:22:26',5,'2024-11-03 09:44:47',2,2,11),(23710393,1241857,156,11,'2024-11-03 13:32:26',431,'2024-11-03 14:27:36',1,10,11),(23711268,1241857,431,11,'2024-11-03 15:17:15',541,'2024-11-03 15:17:17',1,2,11),(23712074,1141311,210,11,'2024-11-03 16:27:55',210,'2024-11-03 17:20:14',2,9,11),(23712654,1236221,21,11,'2024-11-03 17:16:41',21,'2024-11-03 18:01:59',1,9,11),(23714601,812219,5,11,'2024-11-03 20:20:02',522,'2024-11-03 20:55:56',2,7,11),(23714603,1228256,385,11,'2024-11-03 20:20:23',336,'2024-11-03 20:35:49',1,9,11),(23714844,1228256,336,11,'2024-11-03 21:10:10',385,'2024-11-03 21:26:12',1,8,11),(23716516,1189286,176,11,'2024-11-04 06:57:34',533,'2024-11-04 07:01:28',2,1,11),(23718181,1106224,539,11,'2024-11-04 09:16:45',57,'2024-11-04 09:28:02',2,7,11),(23718519,755905,435,11,'2024-11-04 10:19:30',322,'2024-11-04 10:23:45',1,4,11),(23721715,666040,558,11,'2024-11-04 18:15:59',188,'2024-11-04 18:33:49',1,4,11),(23721764,697099,22,11,'2024-11-04 18:18:10',468,'2024-11-04 18:33:44',2,3,11),(23722456,4143,215,11,'2024-11-04 18:57:07',182,'2024-11-04 19:10:41',2,6,11),(23724891,1088550,491,11,'2024-11-04 22:14:04',82,'2024-11-04 22:29:43',2,2,11),(23725079,1166625,567,11,'2024-11-04 22:35:44',8,'2024-11-04 22:45:18',2,8,11),(23725444,94456,229,11,'2024-11-04 23:49:25',329,'2024-11-04 23:58:56',2,2,11),(23725664,1230443,281,11,'2024-11-05 00:40:02',490,'2024-11-05 01:11:44',2,7,11),(23726607,1189286,176,11,'2024-11-05 06:46:04',533,'2024-11-05 06:50:42',2,8,11),(23727402,673248,102,11,'2024-11-05 07:47:44',527,'2024-11-05 07:52:08',1,3,11),(23728022,858252,358,11,'2024-11-05 08:26:01',187,'2024-11-05 08:34:44',2,2,11),(23728708,1242053,216,11,'2024-11-05 09:05:03',216,'2024-11-05 09:05:24',1,7,11),(23728718,1242053,216,11,'2024-11-05 09:05:34',216,'2024-11-05 09:05:56',1,7,11),(23728740,1242053,216,11,'2024-11-05 09:06:45',216,'2024-11-05 09:07:07',1,6,11),(23728756,1242053,216,11,'2024-11-05 09:07:46',216,'2024-11-05 09:38:00',1,8,11),(23729218,1106224,291,11,'2024-11-05 09:34:50',57,'2024-11-05 09:41:57',1,10,11),(23729384,705928,524,11,'2024-11-05 09:45:49',434,'2024-11-05 09:53:13',2,7,11),(23731417,697099,22,11,'2024-11-05 11:56:43',468,'2024-11-05 12:15:25',1,6,11),(23731612,1220154,2,11,'2024-11-05 12:05:17',166,'2024-11-05 12:19:54',1,1,11),(23732577,1191334,149,11,'2024-11-05 12:55:51',73,'2024-11-05 13:06:28',2,8,11),(23734265,989293,116,11,'2024-11-05 14:26:28',144,'2024-11-05 14:32:16',1,6,11),(23736931,1189286,533,11,'2024-11-05 16:34:11',176,'2024-11-05 16:39:31',2,5,11),(23739037,868349,449,11,'2024-11-05 17:52:21',473,'2024-11-05 18:10:37',2,8,11),(23739385,1097880,515,11,'2024-11-05 18:05:31',516,'2024-11-05 18:15:36',2,10,11),(23744874,1244292,374,11,'2024-11-06 00:59:04',374,'2024-11-06 01:00:45',2,5,11),(23744901,1244292,374,11,'2024-11-06 01:03:08',407,'2024-11-06 01:50:25',1,2,11),(23745985,1189286,176,11,'2024-11-06 06:45:52',533,'2024-11-06 06:50:58',1,2,11),(23747208,858252,278,11,'2024-11-06 08:15:48',187,'2024-11-06 08:27:38',2,1,11),(23747825,1106224,175,11,'2024-11-06 08:48:18',57,'2024-11-06 09:00:33',2,3,11),(23750159,673248,511,11,'2024-11-06 11:16:07',102,'2024-11-06 11:27:05',1,4,11),(23752220,755905,355,11,'2024-11-06 13:26:44',435,'2024-11-06 13:42:17',2,4,11),(23753905,1189286,533,11,'2024-11-06 15:04:36',176,'2024-11-06 15:08:03',2,4,11),(23754353,571134,308,11,'2024-11-06 15:30:35',14,'2024-11-06 15:43:43',2,1,11),(23755071,755905,435,11,'2024-11-06 16:07:14',426,'2024-11-06 16:18:11',1,2,11),(23757083,697099,22,11,'2024-11-06 17:30:33',22,'2024-11-06 18:08:42',1,7,11),(23757127,1175815,358,11,'2024-11-06 17:32:12',435,'2024-11-06 17:52:07',1,3,11),(23759281,1175815,435,11,'2024-11-06 18:48:57',322,'2024-11-06 18:56:59',1,3,11),(23759636,417515,476,11,'2024-11-06 19:05:21',460,'2024-11-06 19:17:35',1,5,11),(23760236,1244817,490,11,'2024-11-06 19:35:40',541,'2024-11-06 20:32:51',1,5,11),(23761504,673248,102,11,'2024-11-06 20:50:32',208,'2024-11-06 20:57:11',1,4,11),(23762354,673248,208,11,'2024-11-06 22:00:45',102,'2024-11-06 22:09:39',2,6,11),(23762501,1088550,491,11,'2024-11-06 22:12:22',194,'2024-11-06 22:35:36',2,9,11),(23763115,1134303,254,11,'2024-11-06 23:34:18',116,'2024-11-07 00:11:21',1,7,11),(23763698,747541,144,11,'2024-11-07 01:09:33',144,'2024-11-07 01:50:46',2,7,11),(23764013,998744,65,11,'2024-11-07 02:30:54',216,'2024-11-07 02:30:56',1,9,11),(23764058,653260,87,11,'2024-11-07 02:46:18',263,'2024-11-07 02:58:21',2,10,11),(23764553,1189286,176,11,'2024-11-07 06:26:48',533,'2024-11-07 06:31:33',1,9,11),(23765523,673248,102,11,'2024-11-07 07:54:02',500,'2024-11-07 08:15:26',1,1,11),(23765558,1242053,519,11,'2024-11-07 07:56:31',242,'2024-11-07 08:43:37',1,3,11),(23765940,858252,278,11,'2024-11-07 08:21:13',187,'2024-11-07 08:33:54',2,4,11),(23767106,755905,478,11,'2024-11-07 09:28:45',435,'2024-11-07 09:45:20',1,6,11),(23767293,1106224,525,11,'2024-11-07 09:39:09',525,'2024-11-07 09:39:31',1,2,11),(23767302,1106224,525,11,'2024-11-07 09:39:49',525,'2024-11-07 09:40:11',1,10,11),(23767335,1106224,539,11,'2024-11-07 09:41:36',57,'2024-11-07 09:53:04',2,1,11),(23769135,1158533,444,11,'2024-11-07 11:41:33',69,'2024-11-07 12:01:39',1,2,11),(23770354,1179924,132,11,'2024-11-07 12:53:47',175,'2024-11-07 13:20:01',1,10,11),(23770501,1236221,219,11,'2024-11-07 13:02:44',199,'2024-11-07 13:24:23',1,5,11),(23774998,1122137,466,11,'2024-11-07 17:02:17',118,'2024-11-07 17:13:08',2,9,11),(23780786,1088550,491,11,'2024-11-07 22:20:02',194,'2024-11-07 22:39:22',1,4,11),(23782226,18475,204,11,'2024-11-08 02:18:53',220,'2024-11-08 02:30:11',1,2,11),(23782659,1233003,268,11,'2024-11-08 05:36:44',423,'2024-11-08 05:49:22',2,8,11),(23782938,1189286,176,11,'2024-11-08 06:42:26',533,'2024-11-08 06:47:07',1,1,11),(23785135,1106224,168,11,'2024-11-08 09:08:36',57,'2024-11-08 09:14:58',2,10,11),(23786595,1245672,542,11,'2024-11-08 10:39:14',542,'2024-11-08 10:39:38',2,2,11),(23786611,1245672,542,11,'2024-11-08 10:39:48',234,'2024-11-08 11:04:52',1,9,11),(23786852,1245681,4,11,'2024-11-08 10:56:02',3,'2024-11-08 11:29:31',2,9,11),(23787060,306187,318,11,'2024-11-08 11:14:03',271,'2024-11-08 11:36:02',1,1,11),(23787713,1220154,130,11,'2024-11-08 11:58:56',166,'2024-11-08 12:16:37',1,3,11),(23788680,1245724,374,11,'2024-11-08 12:49:02',567,'2024-11-08 14:11:27',2,5,11),(23788772,1191334,59,11,'2024-11-08 12:54:32',73,'2024-11-08 13:04:50',2,3,11),(23789023,259881,45,11,'2024-11-08 13:09:11',33,'2024-11-08 13:18:20',1,7,11),(23789532,1241321,179,11,'2024-11-08 13:38:23',433,'2024-11-08 13:43:25',1,3,11),(23789536,1245672,245,11,'2024-11-08 13:38:50',259,'2024-11-08 13:54:01',1,1,11),(23790085,280113,420,11,'2024-11-08 14:10:38',515,'2024-11-08 14:33:44',2,7,11),(23790101,1242053,166,11,'2024-11-08 14:11:42',166,'2024-11-08 14:14:17',1,3,11),(23790185,1242053,166,11,'2024-11-08 14:16:09',166,'2024-11-08 14:18:10',1,4,11),(23792782,1245532,130,11,'2024-11-08 16:28:58',202,'2024-11-08 16:47:56',2,2,11),(23793956,1106224,57,11,'2024-11-08 17:15:08',539,'2024-11-08 17:26:07',2,3,11),(23795960,1245672,156,11,'2024-11-08 18:32:32',556,'2024-11-08 19:11:15',1,5,11),(23796387,1236221,302,11,'2024-11-08 18:51:25',425,'2024-11-08 19:19:25',1,8,11),(23796539,1043442,56,11,'2024-11-08 18:58:06',131,'2024-11-08 19:45:02',2,7,11),(23797238,1236221,425,11,'2024-11-08 19:35:25',302,'2024-11-08 19:50:25',2,3,11),(23797708,1245532,202,11,'2024-11-08 20:02:58',2,'2024-11-08 20:16:59',1,8,11),(23798239,1113896,74,11,'2024-11-08 20:40:09',116,'2024-11-08 21:09:01',1,1,11),(23798515,1058741,5,11,'2024-11-08 21:01:43',516,'2024-11-08 21:11:33',1,8,11),(23798547,1168860,227,11,'2024-11-08 21:04:08',82,'2024-11-08 21:12:54',2,9,11),(23798837,1245724,45,11,'2024-11-08 21:25:38',13,'2024-11-08 21:39:12',2,7,11),(23799117,1088550,82,11,'2024-11-08 21:57:30',29,'2024-11-08 22:08:04',1,3,11),(23799713,1200813,566,11,'2024-11-08 23:15:44',309,'2024-11-08 23:23:31',2,9,11),(23800565,653260,199,11,'2024-11-09 02:28:17',479,'2024-11-09 02:50:55',2,10,11),(23802823,560833,6,11,'2024-11-09 12:35:57',6,'2024-11-09 14:26:48',1,1,11),(23804156,1246730,56,11,'2024-11-09 15:15:37',210,'2024-11-09 15:48:12',2,9,11),(23805878,1228256,473,11,'2024-11-09 17:57:20',385,'2024-11-09 18:08:17',1,3,11),(23806964,1218632,74,11,'2024-11-09 20:04:51',29,'2024-11-09 20:43:32',2,8,11),(23807774,1247228,5,11,'2024-11-09 22:14:11',14,'2024-11-09 22:39:38',1,1,11),(23807796,940541,234,11,'2024-11-09 22:16:45',187,'2024-11-09 22:28:19',2,3,11),(23807816,1088550,491,11,'2024-11-09 22:18:59',82,'2024-11-09 22:38:52',1,9,11),(23809733,851072,547,11,'2024-11-10 01:36:22',530,'2024-11-10 02:00:13',1,7,11),(23810305,653260,199,11,'2024-11-10 02:24:28',263,'2024-11-10 02:40:40',2,9,11),(23810357,851072,530,11,'2024-11-10 02:29:40',307,'2024-11-10 03:01:01',1,9,11),(23812155,1248320,277,11,'2024-11-10 11:05:34',277,'2024-11-10 11:40:13',2,1,11),(23812233,1233003,533,11,'2024-11-10 11:20:41',555,'2024-11-10 11:40:55',2,8,11),(23816166,731582,524,11,'2024-11-10 19:58:27',418,'2024-11-10 20:18:54',2,7,11),(23816967,653260,199,11,'2024-11-11 03:29:21',263,'2024-11-11 03:43:17',2,7,11),(23818649,1213514,413,11,'2024-11-11 08:40:26',413,'2024-11-11 09:15:29',1,3,11),(23819343,353310,322,11,'2024-11-11 09:34:53',236,'2024-11-11 09:41:26',1,7,11),(23819930,1231836,513,11,'2024-11-11 10:34:24',501,'2024-11-11 11:20:30',2,9,11),(23820167,1242053,181,11,'2024-11-11 10:59:52',242,'2024-11-11 11:19:30',1,10,11),(23821409,156938,26,11,'2024-11-11 12:44:53',135,'2024-11-11 12:55:04',1,4,11),(23821419,1058741,521,11,'2024-11-11 12:45:44',311,'2024-11-11 12:50:54',1,8,11),(23822288,156938,536,11,'2024-11-11 13:40:16',353,'2024-11-11 13:52:40',1,7,11),(23822576,868349,27,11,'2024-11-11 13:57:11',33,'2024-11-11 14:05:57',1,8,11),(23824354,755905,435,11,'2024-11-11 15:50:44',322,'2024-11-11 15:57:00',2,1,11),(23825421,1242053,9,11,'2024-11-11 16:43:24',181,'2024-11-11 16:54:37',2,6,11),(23827021,156938,26,11,'2024-11-11 17:45:38',60,'2024-11-11 17:53:08',1,3,11),(23827574,1220154,166,11,'2024-11-11 18:08:17',166,'2024-11-11 18:30:08',2,8,11),(23828860,697099,22,11,'2024-11-11 19:03:25',468,'2024-11-11 19:22:19',2,3,11),(23830985,1245724,38,11,'2024-11-11 21:26:08',163,'2024-11-11 21:45:32',2,2,11),(23831405,1088550,491,11,'2024-11-11 22:13:05',82,'2024-11-11 22:30:34',1,3,11),(23831782,747541,131,11,'2024-11-11 23:09:50',71,'2024-11-11 23:35:42',1,9,11),(23832214,747541,71,11,'2024-11-12 00:43:12',131,'2024-11-12 01:09:52',2,7,11),(23832595,653260,199,11,'2024-11-12 03:22:37',263,'2024-11-12 03:38:38',2,7,11),(23833913,673248,102,11,'2024-11-12 07:45:12',527,'2024-11-12 07:50:07',2,1,11),(23834585,858252,278,11,'2024-11-12 08:22:57',187,'2024-11-12 08:35:15',1,2,11),(23836412,299264,453,11,'2024-11-12 09:59:31',237,'2024-11-12 10:04:35',1,6,11),(23837488,299264,237,11,'2024-11-12 11:06:31',453,'2024-11-12 11:12:12',1,4,11),(23838435,1220154,130,11,'2024-11-12 12:09:31',166,'2024-11-12 12:28:04',1,6,11),(23841669,697099,468,11,'2024-11-12 15:20:57',38,'2024-11-12 15:39:18',1,7,11),(23842470,156938,130,11,'2024-11-12 15:59:55',353,'2024-11-12 16:09:34',2,6,11),(23843122,4143,235,11,'2024-11-12 16:27:44',417,'2024-11-12 16:41:59',2,8,11),(23843862,1122137,466,11,'2024-11-12 17:01:13',118,'2024-11-12 17:16:18',1,5,11),(23844862,1220154,166,11,'2024-11-12 17:41:25',2,'2024-11-12 18:01:57',2,6,11),(23846783,156938,472,11,'2024-11-12 18:54:13',269,'2024-11-12 18:59:27',1,6,11),(23847955,989293,436,11,'2024-11-12 19:53:33',329,'2024-11-12 20:08:39',2,4,11),(23849023,1058741,5,11,'2024-11-12 21:04:38',516,'2024-11-12 21:12:30',1,10,11),(23849219,1245724,567,11,'2024-11-12 21:19:46',163,'2024-11-12 21:39:34',2,6,11),(23849538,1058741,222,11,'2024-11-12 21:48:16',5,'2024-11-12 21:54:29',1,6,11),(23851429,653260,199,11,'2024-11-13 03:22:38',263,'2024-11-13 03:38:13',1,2,11),(23853167,156938,269,11,'2024-11-13 08:01:45',478,'2024-11-13 08:14:48',1,8,11),(23853360,858252,278,11,'2024-11-13 08:13:19',187,'2024-11-13 08:23:58',1,2,11),(23853598,972031,449,11,'2024-11-13 08:23:54',449,'2024-11-13 08:24:15',1,10,11),(23853624,972031,449,11,'2024-11-13 08:24:56',281,'2024-11-13 08:44:16',2,9,11),(23854266,156938,114,11,'2024-11-13 08:57:55',353,'2024-11-13 09:04:24',1,10,11),(23854910,972031,281,11,'2024-11-13 09:38:38',382,'2024-11-13 09:58:45',1,5,11),(23856416,1185150,158,11,'2024-11-13 11:08:18',74,'2024-11-13 11:21:25',1,6,11),(23856944,1220154,130,11,'2024-11-13 11:40:09',166,'2024-11-13 11:51:56',2,6,11),(23856947,1250554,277,11,'2024-11-13 11:40:42',156,'2024-11-13 12:05:51',1,4,11),(23858082,156938,26,11,'2024-11-13 12:47:05',60,'2024-11-13 12:56:47',2,3,11),(23858216,1250554,156,11,'2024-11-13 12:54:09',156,'2024-11-13 12:55:26',2,3,11),(23858252,1250554,156,11,'2024-11-13 12:56:48',289,'2024-11-13 13:23:12',2,8,11),(23858681,156938,60,11,'2024-11-13 13:18:55',353,'2024-11-13 13:26:50',1,2,11),(23859008,94456,99,11,'2024-11-13 13:37:01',254,'2024-11-13 13:56:16',2,9,11),(23860893,94456,261,11,'2024-11-13 15:16:46',99,'2024-11-13 15:34:29',2,6,11),(23861240,992511,208,11,'2024-11-13 15:34:11',208,'2024-11-13 15:35:01',2,3,11),(23861434,992511,206,11,'2024-11-13 15:43:26',206,'2024-11-13 15:43:54',2,5,11),(23861456,992511,206,11,'2024-11-13 15:44:34',69,'2024-11-13 16:08:46',2,7,11),(23861881,417515,336,11,'2024-11-13 16:02:24',474,'2024-11-13 16:11:23',1,6,11),(23861955,1189286,533,11,'2024-11-13 16:05:00',176,'2024-11-13 16:08:00',2,1,11),(23862002,903289,281,11,'2024-11-13 16:07:01',348,'2024-11-13 16:31:00',2,2,11),(23863028,156938,26,11,'2024-11-13 16:49:28',444,'2024-11-13 16:59:37',2,6,11),(23863487,987008,378,11,'2024-11-13 17:06:58',263,'2024-11-13 17:25:55',2,5,11),(23864784,1247228,275,11,'2024-11-13 17:53:53',361,'2024-11-13 18:04:31',1,10,11),(23864871,867120,175,11,'2024-11-13 17:57:57',191,'2024-11-13 18:10:50',2,4,11),(23866377,94456,212,11,'2024-11-13 18:50:25',491,'2024-11-13 19:03:39',1,8,11),(23866438,992511,69,11,'2024-11-13 18:52:58',69,'2024-11-13 18:53:20',2,1,11),(23866449,992511,69,11,'2024-11-13 18:53:31',182,'2024-11-13 19:15:15',2,9,11),(23870667,1200813,566,11,'2024-11-14 00:04:46',309,'2024-11-14 00:12:39',2,10,11),(23871470,653260,199,11,'2024-11-14 03:24:26',263,'2024-11-14 03:39:18',2,1,11),(23873232,1106636,104,11,'2024-11-14 08:11:37',74,'2024-11-14 08:35:55',1,6,11),(23873527,858252,278,11,'2024-11-14 08:27:23',187,'2024-11-14 08:39:01',2,7,11),(23874276,166754,33,11,'2024-11-14 09:08:46',89,'2024-11-14 09:20:43',1,4,11),(23875812,417515,241,11,'2024-11-14 10:36:29',336,'2024-11-14 10:46:39',1,5,11),(23876793,1220154,2,11,'2024-11-14 11:27:59',166,'2024-11-14 11:42:48',2,8,11),(23877258,1158533,444,11,'2024-11-14 11:59:49',69,'2024-11-14 12:18:45',2,10,11),(23878127,1191334,59,11,'2024-11-14 12:56:21',73,'2024-11-14 13:07:33',2,5,11),(23878229,1122137,186,11,'2024-11-14 13:02:57',466,'2024-11-14 13:10:45',1,10,11),(23879200,1067928,146,11,'2024-11-14 13:56:22',163,'2024-11-14 14:23:20',1,5,11),(23881090,755905,435,11,'2024-11-14 15:48:58',322,'2024-11-14 15:55:15',2,7,11),(23883129,1251422,202,11,'2024-11-14 17:17:32',2,'2024-11-14 17:46:27',1,10,11),(23884239,1220154,166,11,'2024-11-14 18:00:54',130,'2024-11-14 18:19:12',2,9,11),(23884655,1135211,17,11,'2024-11-14 18:14:11',29,'2024-11-14 18:35:06',2,4,11),(23886577,417515,336,11,'2024-11-14 19:42:18',336,'2024-11-14 19:42:39',2,4,11),(23886584,417515,336,11,'2024-11-14 19:42:46',336,'2024-11-14 19:43:07',2,8,11),(23886607,417515,336,11,'2024-11-14 19:43:34',333,'2024-11-14 19:48:00',1,5,11),(23887476,114078,181,11,'2024-11-14 20:33:53',9,'2024-11-14 20:43:05',1,2,11),(23887544,1135211,29,11,'2024-11-14 20:37:16',194,'2024-11-14 20:49:32',2,8,11),(23888261,417515,333,11,'2024-11-14 21:42:20',336,'2024-11-14 21:47:01',2,1,11),(23888647,1088550,491,11,'2024-11-14 22:20:43',491,'2024-11-14 22:21:11',2,8,11),(23888794,306187,263,11,'2024-11-14 22:41:02',167,'2024-11-14 22:51:27',2,5,11),(23889110,1200813,566,11,'2024-11-14 23:22:56',197,'2024-11-14 23:22:58',1,10,11),(23889807,755905,258,11,'2024-11-15 00:54:10',478,'2024-11-15 00:59:49',2,4,11),(23889954,653260,199,11,'2024-11-15 01:14:49',263,'2024-11-15 01:30:17',1,2,11),(23892655,1245724,284,11,'2024-11-15 08:25:20',363,'2024-11-15 08:25:22',1,8,11),(23895503,94456,99,11,'2024-11-15 11:15:13',254,'2024-11-15 11:34:14',1,10,11),(23896768,1051817,374,11,'2024-11-15 12:40:19',407,'2024-11-15 12:44:57',1,8,11),(23896904,1220154,2,11,'2024-11-15 12:49:06',43,'2024-11-15 13:02:27',1,9,11),(23897323,156938,26,11,'2024-11-15 13:14:08',60,'2024-11-15 13:21:50',1,9,11),(23897760,156938,60,11,'2024-11-15 13:41:22',353,'2024-11-15 13:50:16',2,4,11),(23898237,1228664,44,11,'2024-11-15 14:15:52',89,'2024-11-15 14:24:08',2,4,11),(23899480,353310,426,11,'2024-11-15 15:36:54',525,'2024-11-15 15:46:38',2,4,11),(23899511,417515,241,11,'2024-11-15 15:39:13',241,'2024-11-15 15:39:35',2,2,11),(23899526,417515,241,11,'2024-11-15 15:39:53',241,'2024-11-15 15:40:15',1,9,11),(23899540,417515,241,11,'2024-11-15 15:40:31',336,'2024-11-15 15:50:43',2,7,11),(23899940,353310,526,11,'2024-11-15 16:01:45',322,'2024-11-15 16:08:09',1,6,11),(23900635,1252004,29,11,'2024-11-15 16:26:43',80,'2024-11-15 16:55:20',1,2,11),(23901500,1252050,187,11,'2024-11-15 17:06:19',349,'2024-11-15 17:59:52',1,7,11),(23902059,1220154,166,11,'2024-11-15 17:26:52',2,'2024-11-15 17:47:10',2,7,11),(23902630,653260,261,11,'2024-11-15 17:51:58',263,'2024-11-15 18:00:06',1,9,11),(23903938,1228256,262,11,'2024-11-15 18:46:06',262,'2024-11-15 19:22:09',1,1,11),(23904143,1168860,82,11,'2024-11-15 18:54:46',227,'2024-11-15 19:04:07',1,2,11),(23906147,1168860,227,11,'2024-11-15 20:44:06',82,'2024-11-15 20:52:43',1,5,11),(23907056,1161152,63,11,'2024-11-15 21:58:16',468,'2024-11-15 22:43:44',1,9,11),(23907247,1088550,491,11,'2024-11-15 22:17:44',82,'2024-11-15 22:32:55',2,9,11),(23907669,1168860,82,11,'2024-11-15 23:04:38',318,'2024-11-15 23:28:08',1,4,11),(23907899,989293,116,11,'2024-11-15 23:32:52',144,'2024-11-15 23:39:05',2,8,11),(23909881,731582,418,11,'2024-11-16 09:28:53',56,'2024-11-16 09:42:07',2,7,11),(23910164,731582,56,11,'2024-11-16 10:21:30',418,'2024-11-16 10:35:02',1,3,11),(23910323,1228256,262,11,'2024-11-16 10:47:55',262,'2024-11-16 11:50:11',1,5,11),(23911947,571134,182,11,'2024-11-16 15:14:02',516,'2024-11-16 15:27:00',2,2,11),(23911993,1228256,262,11,'2024-11-16 15:21:16',262,'2024-11-16 15:34:01',2,4,11),(23912264,878869,99,11,'2024-11-16 15:55:35',161,'2024-11-16 16:10:43',1,1,11),(23914615,89538,322,11,'2024-11-16 20:47:30',322,'2024-11-16 20:51:52',2,6,11),(23914645,89538,322,11,'2024-11-16 20:53:06',322,'2024-11-16 20:54:30',1,10,11),(23915049,1088550,491,11,'2024-11-16 22:21:18',82,'2024-11-16 22:39:55',2,1,11),(23917068,851072,307,11,'2024-11-17 11:14:51',562,'2024-11-17 11:29:53',1,3,11),(23919272,1253292,267,11,'2024-11-17 22:42:37',336,'2024-11-17 22:57:34',2,2,11),(23919315,1228256,262,11,'2024-11-17 23:03:43',381,'2024-11-17 23:27:19',1,10,11),(23919789,1253292,336,11,'2024-11-18 01:38:53',473,'2024-11-18 01:38:55',2,9,11),(23920053,653260,199,11,'2024-11-18 02:54:36',263,'2024-11-18 03:10:40',2,2,11),(23922638,505717,515,11,'2024-11-18 13:55:09',515,'2024-11-18 13:55:31',2,6,11),(23922644,505717,515,11,'2024-11-18 13:55:40',516,'2024-11-18 14:08:13',1,4,11),(23923439,1253841,542,11,'2024-11-18 15:09:41',542,'2024-11-18 15:39:37',2,2,11),(23923790,673248,102,11,'2024-11-18 15:39:05',70,'2024-11-18 15:52:48',1,8,11),(23923941,505717,516,11,'2024-11-18 15:49:12',516,'2024-11-18 15:49:34',1,10,11),(23923949,505717,516,11,'2024-11-18 15:49:46',515,'2024-11-18 16:24:09',1,4,11),(23924622,1215672,289,11,'2024-11-18 16:36:35',289,'2024-11-18 16:36:59',1,10,11),(23924633,1215672,289,11,'2024-11-18 16:37:15',525,'2024-11-18 16:59:30',1,1,11),(23926594,697099,536,11,'2024-11-18 19:07:05',557,'2024-11-18 20:00:12',2,3,11),(23928765,653260,199,11,'2024-11-19 02:16:22',263,'2024-11-19 02:16:24',1,10,11),(23930213,673248,102,11,'2024-11-19 07:54:00',524,'2024-11-19 08:13:51',2,8,11),(23930488,1106636,104,11,'2024-11-19 08:12:33',74,'2024-11-19 08:32:02',2,8,11),(23932496,755905,322,11,'2024-11-19 10:26:06',435,'2024-11-19 10:30:04',1,1,11),(23933324,1220154,2,11,'2024-11-19 11:29:49',64,'2024-11-19 11:50:15',2,10,11),(23934477,1185150,101,11,'2024-11-19 12:51:48',99,'2024-11-19 12:57:13',2,10,11),(23934589,1051817,374,11,'2024-11-19 13:00:31',559,'2024-11-19 13:08:08',2,10,11),(23935234,417515,385,11,'2024-11-19 13:34:38',29,'2024-11-19 14:11:31',1,3,11),(23938169,1245532,130,11,'2024-11-19 16:20:03',202,'2024-11-19 16:34:56',2,3,11),(23938296,417515,29,11,'2024-11-19 16:26:58',29,'2024-11-19 16:27:20',1,2,11),(23938307,417515,29,11,'2024-11-19 16:27:35',336,'2024-11-19 17:25:58',1,8,11),(23939192,1122137,13,11,'2024-11-19 17:06:00',118,'2024-11-19 17:12:59',2,2,11),(23940747,1143177,172,11,'2024-11-19 18:07:06',539,'2024-11-19 18:14:48',2,7,11),(23940911,1179924,4,11,'2024-11-19 18:12:18',117,'2024-11-19 19:00:29',2,1,11),(23942277,1220154,166,11,'2024-11-19 19:14:19',2,'2024-11-19 19:30:45',1,9,11),(23942305,1179924,117,11,'2024-11-19 19:15:53',175,'2024-11-19 19:44:24',2,7,11),(23942660,1166625,8,11,'2024-11-19 19:40:00',8,'2024-11-19 19:40:40',1,7,11),(23942679,1166625,8,11,'2024-11-19 19:41:32',8,'2024-11-19 19:41:47',2,10,11),(23942889,166754,277,11,'2024-11-19 19:53:52',515,'2024-11-19 20:06:21',1,1,11),(23945850,653260,199,11,'2024-11-20 02:11:44',263,'2024-11-20 02:25:27',1,1,11),(23947003,156938,269,11,'2024-11-20 07:14:37',472,'2024-11-20 07:20:39',1,6,11),(23947562,156938,130,11,'2024-11-20 07:49:58',26,'2024-11-20 08:08:16',2,4,11),(23948978,1214631,278,11,'2024-11-20 09:09:57',524,'2024-11-20 09:17:32',1,5,11),(23951156,1185150,101,11,'2024-11-20 11:17:17',522,'2024-11-20 11:29:52',1,5,11),(23952651,747541,254,11,'2024-11-20 12:36:21',254,'2024-11-20 13:46:01',2,6,11),(23952827,417515,336,11,'2024-11-20 12:45:13',336,'2024-11-20 12:57:55',1,3,11),(23953254,673248,102,11,'2024-11-20 13:06:41',511,'2024-11-20 13:18:24',1,9,11),(23958645,156938,353,11,'2024-11-20 17:25:02',2,'2024-11-20 17:33:42',1,4,11),(23958710,760203,253,11,'2024-11-20 17:27:23',29,'2024-11-20 17:42:26',1,5,11),(23959086,697099,38,11,'2024-11-20 17:40:23',24,'2024-11-20 17:51:22',2,1,11),(23959643,760203,29,11,'2024-11-20 18:03:58',253,'2024-11-20 18:18:22',2,2,11),(23959673,156938,478,11,'2024-11-20 18:05:09',355,'2024-11-20 18:10:51',1,4,11),(23960778,166754,44,11,'2024-11-20 18:47:44',516,'2024-11-20 18:53:50',1,3,11),(23961069,851072,302,11,'2024-11-20 19:02:16',307,'2024-11-20 19:08:34',1,9,11),(23961087,1195205,526,11,'2024-11-20 19:03:21',277,'2024-11-20 19:20:26',2,7,11),(23962110,851072,307,11,'2024-11-20 19:56:56',220,'2024-11-20 20:31:47',1,3,11),(23963667,851072,270,11,'2024-11-20 21:40:34',307,'2024-11-20 21:51:57',2,5,11),(23964020,1088550,491,11,'2024-11-20 22:15:13',82,'2024-11-20 22:33:45',2,5,11),(23964606,1244292,538,11,'2024-11-20 23:37:05',538,'2024-11-21 00:35:06',1,7,11),(23965522,653260,199,11,'2024-11-21 02:12:22',263,'2024-11-21 02:29:36',2,10,11),(23968209,1242053,216,11,'2024-11-21 08:41:00',242,'2024-11-21 08:56:03',1,3,11),(23969793,755905,322,11,'2024-11-21 10:06:38',435,'2024-11-21 10:10:44',1,2,11),(23970322,1220154,130,11,'2024-11-21 10:43:49',166,'2024-11-21 10:59:04',1,10,11),(23971294,166754,44,11,'2024-11-21 11:46:11',44,'2024-11-21 11:47:04',2,3,11),(23971427,166754,515,11,'2024-11-21 11:51:50',277,'2024-11-21 12:02:37',2,7,11),(23972048,94456,254,11,'2024-11-21 12:26:33',99,'2024-11-21 13:11:17',1,10,11),(23972459,581423,116,11,'2024-11-21 12:54:13',190,'2024-11-21 12:59:41',2,6,11),(23973542,94456,99,11,'2024-11-21 13:53:02',227,'2024-11-21 14:08:21',2,7,11),(23977611,1122137,13,11,'2024-11-21 17:13:24',118,'2024-11-21 17:21:24',1,9,11),(23977724,1195205,526,11,'2024-11-21 17:17:14',308,'2024-11-21 17:36:59',2,7,11),(23979698,1135211,144,11,'2024-11-21 18:33:02',515,'2024-11-21 19:17:16',2,5,11),(23979909,851072,307,11,'2024-11-21 18:42:03',302,'2024-11-21 18:47:57',1,8,11),(23980782,851072,302,11,'2024-11-21 19:24:06',307,'2024-11-21 19:40:44',1,2,11),(23980903,417515,336,11,'2024-11-21 19:29:54',333,'2024-11-21 19:34:11',2,3,11),(23981242,666040,149,11,'2024-11-21 19:46:32',93,'2024-11-21 19:58:07',1,5,11),(23981367,1166820,383,11,'2024-11-21 19:52:56',435,'2024-11-21 20:35:50',1,4,11),(23982510,755905,435,11,'2024-11-21 21:04:02',489,'2024-11-21 21:08:23',2,10,11),(23983328,1088550,491,11,'2024-11-21 22:15:23',82,'2024-11-21 22:32:54',1,6,11),(23984853,653260,199,11,'2024-11-22 02:13:41',263,'2024-11-22 02:28:33',1,10,11),(23985068,1195205,277,11,'2024-11-22 03:17:30',526,'2024-11-22 03:31:09',2,10,11),(23990545,280113,202,11,'2024-11-22 11:25:30',420,'2024-11-22 12:00:11',1,1,11),(23991046,1220154,130,11,'2024-11-22 11:52:09',166,'2024-11-22 12:04:36',1,10,11),(23991751,306187,60,11,'2024-11-22 12:27:17',57,'2024-11-22 12:35:34',2,1,11),(23993006,1241321,179,11,'2024-11-22 13:35:12',433,'2024-11-22 13:41:49',2,10,11),(23994975,4143,235,11,'2024-11-22 15:24:10',417,'2024-11-22 15:33:32',2,6,11),(23995478,1189286,533,11,'2024-11-22 15:50:50',502,'2024-11-22 16:09:14',1,10,11),(23998876,747541,210,11,'2024-11-22 18:04:04',202,'2024-11-22 18:37:55',1,10,11),(23999807,1168860,82,11,'2024-11-22 18:39:49',227,'2024-11-22 18:49:08',2,3,11),(24000899,94456,212,11,'2024-11-22 19:29:29',491,'2024-11-22 19:40:46',1,8,11),(24001695,851072,29,11,'2024-11-22 20:13:21',121,'2024-11-22 20:42:01',2,9,11),(24002426,1168860,144,11,'2024-11-22 21:06:07',144,'2024-11-22 21:06:40',2,6,11),(24002481,1168860,261,11,'2024-11-22 21:11:07',117,'2024-11-22 22:02:11',1,8,11),(24003098,1088550,491,11,'2024-11-22 22:11:47',82,'2024-11-22 22:30:15',1,5,11),(24003410,851072,208,11,'2024-11-22 22:51:46',216,'2024-11-22 23:22:54',2,9,11),(24003748,851072,193,11,'2024-11-22 23:41:36',186,'2024-11-23 00:09:13',1,1,11),(24004047,755905,322,11,'2024-11-23 00:31:57',478,'2024-11-23 00:46:27',2,2,11),(24004073,851072,186,11,'2024-11-23 00:40:53',307,'2024-11-23 01:20:26',2,1,11),(24004190,755905,426,11,'2024-11-23 01:06:00',524,'2024-11-23 02:02:57',2,8,11),(24004236,1072204,25,11,'2024-11-23 01:17:10',9,'2024-11-23 01:22:47',1,10,11),(24004382,1072204,9,11,'2024-11-23 01:41:48',124,'2024-11-23 02:52:23',2,10,11),(24004765,653260,199,11,'2024-11-23 03:39:51',263,'2024-11-23 03:52:43',1,4,11),(24005082,1004430,14,11,'2024-11-23 07:38:19',177,'2024-11-23 07:38:21',2,4,11),(24005630,851072,307,11,'2024-11-23 10:10:35',21,'2024-11-23 10:45:59',2,5,11),(24006199,868349,473,11,'2024-11-23 12:25:48',460,'2024-11-23 12:25:48',1,6,11),(24006235,696630,524,11,'2024-11-23 12:30:33',524,'2024-11-23 12:30:55',2,1,11),(24006249,696630,524,11,'2024-11-23 12:32:38',416,'2024-11-23 12:39:38',2,9,11),(24006833,851072,41,11,'2024-11-23 13:47:31',307,'2024-11-23 14:50:56',2,3,11),(24007195,868349,460,11,'2024-11-23 14:37:45',473,'2024-11-23 14:49:42',2,6,11),(24007774,747541,204,11,'2024-11-23 15:56:37',254,'2024-11-23 16:07:02',1,8,11),(24008183,791509,164,11,'2024-11-23 16:40:45',153,'2024-11-23 16:56:06',1,4,11),(24008477,1189286,502,11,'2024-11-23 17:18:34',569,'2024-11-23 17:58:47',2,3,11),(24009200,755905,153,11,'2024-11-23 18:40:04',4,'2024-11-23 18:56:32',2,8,11),(24010237,254982,524,11,'2024-11-23 20:56:57',68,'2024-11-23 21:16:30',2,3,11),(24010878,254982,68,11,'2024-11-23 23:21:15',524,'2024-11-23 23:40:07',2,6,11),(24012112,1004430,14,11,'2024-11-24 07:40:53',210,'2024-11-24 07:54:36',2,3,11),(24014318,560833,6,11,'2024-11-24 15:35:22',6,'2024-11-24 17:04:34',1,2,11),(24014976,755905,322,11,'2024-11-24 16:48:03',355,'2024-11-24 16:59:11',1,7,11),(24015019,806107,175,11,'2024-11-24 16:53:06',152,'2024-11-24 17:15:32',1,8,11),(24015062,1133541,14,11,'2024-11-24 16:56:53',71,'2024-11-24 17:37:13',1,7,11),(24016646,1133541,71,11,'2024-11-24 19:32:06',5,'2024-11-24 20:07:40',2,9,11),(24018108,653260,199,11,'2024-11-25 03:34:26',263,'2024-11-25 03:47:29',1,4,11),(24018595,965549,433,11,'2024-11-25 06:39:18',433,'2024-11-25 07:10:02',2,7,11),(24019083,1004430,14,11,'2024-11-25 07:28:53',210,'2024-11-25 07:39:23',2,4,11),(24019241,965549,433,11,'2024-11-25 07:40:00',6,'2024-11-25 07:56:22',2,3,11),(24019486,808594,569,11,'2024-11-25 07:58:23',13,'2024-11-25 07:58:23',1,3,11),(24020186,1213514,413,11,'2024-11-25 08:39:36',413,'2024-11-25 08:39:58',1,7,11),(24020210,156938,26,11,'2024-11-25 08:40:34',353,'2024-11-25 09:02:36',1,2,11),(24020218,1213514,413,11,'2024-11-25 08:40:56',413,'2024-11-25 09:12:37',2,6,11),(24021882,1158533,444,11,'2024-11-25 10:25:21',165,'2024-11-25 10:46:11',2,9,11),(24022226,1242053,65,11,'2024-11-25 10:53:44',516,'2024-11-25 11:18:49',1,1,11),(24022228,1175962,204,11,'2024-11-25 10:53:52',449,'2024-11-25 11:23:26',1,4,11),(24022777,1242053,516,11,'2024-11-25 11:42:51',156,'2024-11-25 12:00:55',1,5,11),(24023435,1122137,118,11,'2024-11-25 12:36:16',13,'2024-11-25 12:44:10',1,9,11),(24023737,94456,212,11,'2024-11-25 12:58:24',254,'2024-11-25 13:15:02',1,6,11),(24024467,1258298,229,11,'2024-11-25 13:47:20',229,'2024-11-25 14:33:04',1,9,11),(24024925,94456,87,11,'2024-11-25 14:20:39',99,'2024-11-25 14:36:06',2,5,11),(24026834,755905,435,11,'2024-11-25 16:19:25',322,'2024-11-25 16:19:27',2,1,11),(24027738,1122137,466,11,'2024-11-25 17:05:04',466,'2024-11-25 17:05:25',1,2,11),(24027851,1040909,144,11,'2024-11-25 17:09:13',144,'2024-11-25 17:28:10',1,6,11),(24028209,755905,322,11,'2024-11-25 17:24:11',435,'2024-11-25 17:28:37',2,2,11),(24028787,851072,307,11,'2024-11-25 17:50:18',270,'2024-11-25 18:25:33',1,3,11),(24029218,1040909,13,11,'2024-11-25 18:09:24',515,'2024-11-25 18:51:21',2,8,11),(24030596,703593,6,11,'2024-11-25 19:10:24',6,'2024-11-25 19:45:06',1,4,11),(24030890,318881,278,11,'2024-11-25 19:27:05',275,'2024-11-25 19:32:55',2,1,11),(24031382,989293,436,11,'2024-11-25 19:55:43',436,'2024-11-25 19:56:05',1,10,11),(24031390,989293,436,11,'2024-11-25 19:56:09',440,'2024-11-25 20:09:25',1,2,11),(24032628,1258640,75,11,'2024-11-25 21:16:58',75,'2024-11-25 21:33:40',2,4,11),(24033045,306187,49,11,'2024-11-25 21:57:27',167,'2024-11-25 22:15:22',2,9,11),(24033228,1088550,491,11,'2024-11-25 22:18:46',82,'2024-11-25 22:36:38',1,8,11),(24033443,747541,204,11,'2024-11-25 22:46:55',254,'2024-11-25 22:58:23',1,5,11),(24035593,1004430,14,11,'2024-11-26 07:17:46',210,'2024-11-26 07:28:11',2,10,11),(24036084,220681,375,11,'2024-11-26 07:49:25',385,'2024-11-26 07:55:25',1,5,11),(24036150,858252,278,11,'2024-11-26 07:55:04',187,'2024-11-26 08:06:35',2,8,11),(24037148,220681,385,11,'2024-11-26 08:56:17',375,'2024-11-26 09:05:06',2,3,11),(24038920,1242053,9,11,'2024-11-26 11:31:46',216,'2024-11-26 11:40:08',2,7,11),(24039885,1185150,101,11,'2024-11-26 12:45:56',74,'2024-11-26 12:59:36',2,7,11),(24040540,755905,355,11,'2024-11-26 13:20:18',435,'2024-11-26 13:34:43',2,3,11),(24040652,1175815,322,11,'2024-11-26 13:26:54',435,'2024-11-26 13:31:48',1,8,11),(24041239,1133745,152,11,'2024-11-26 14:02:47',152,'2024-11-26 14:23:20',2,10,11),(24042411,1133745,79,11,'2024-11-26 15:08:41',79,'2024-11-26 15:10:53',2,7,11),(24043672,1189286,533,11,'2024-11-26 16:13:25',176,'2024-11-26 16:17:28',2,6,11),(24044105,1189286,555,11,'2024-11-26 16:37:59',502,'2024-11-26 16:47:07',2,7,11),(24045580,697099,38,11,'2024-11-26 17:41:57',71,'2024-11-26 18:21:41',1,5,11),(24046923,1040266,464,11,'2024-11-26 18:33:08',464,'2024-11-26 18:59:11',2,8,11),(24048872,1259122,526,11,'2024-11-26 20:02:25',435,'2024-11-26 20:08:13',1,3,11),(24049513,851072,104,11,'2024-11-26 20:37:49',74,'2024-11-26 21:06:28',2,9,11),(24050434,851072,29,11,'2024-11-26 21:48:09',270,'2024-11-26 22:17:23',2,7,11),(24050928,851072,425,11,'2024-11-26 22:44:01',425,'2024-11-26 22:47:55',2,4,11),(24051598,653260,199,11,'2024-11-27 00:13:29',263,'2024-11-27 00:28:39',1,6,11),(24051827,673248,358,11,'2024-11-27 00:51:43',102,'2024-11-27 01:05:58',2,3,11),(24052223,1195205,526,11,'2024-11-27 02:17:31',275,'2024-11-27 02:41:17',1,2,11),(24054383,858252,278,11,'2024-11-27 08:11:08',187,'2024-11-27 08:20:44',2,4,11),(24058162,220681,348,11,'2024-11-27 15:11:31',348,'2024-11-27 15:13:15',2,10,11),(24058201,220681,348,11,'2024-11-27 15:14:20',375,'2024-11-27 15:23:30',1,7,11),(24059318,1189286,533,11,'2024-11-27 16:11:24',502,'2024-11-27 16:30:19',1,2,11),(24060334,965549,433,11,'2024-11-27 17:05:07',3,'2024-11-27 17:26:42',2,1,11),(24061823,1175815,322,11,'2024-11-27 18:06:38',435,'2024-11-27 18:11:25',2,8,11),(24062667,18475,220,11,'2024-11-27 18:39:56',458,'2024-11-27 18:49:46',1,4,11),(24063970,18475,458,11,'2024-11-27 19:48:22',220,'2024-11-27 19:57:22',2,3,11),(24065002,1058741,5,11,'2024-11-27 20:47:27',5,'2024-11-27 20:47:47',1,7,11),(24065009,1058741,5,11,'2024-11-27 20:48:10',5,'2024-11-27 20:48:31',2,10,11),(24065020,1058741,5,11,'2024-11-27 20:49:15',516,'2024-11-27 20:58:52',2,10,11),(24065539,1058741,222,11,'2024-11-27 21:30:14',576,'2024-11-27 21:37:58',2,1,11),(24066522,989293,436,11,'2024-11-27 23:34:36',116,'2024-11-28 00:08:34',1,10,11),(24066795,653260,199,11,'2024-11-28 00:15:53',263,'2024-11-28 00:33:08',1,5,11),(24069212,912324,436,11,'2024-11-28 07:53:00',94,'2024-11-28 08:05:39',1,3,11),(24069292,673248,229,11,'2024-11-28 07:57:14',524,'2024-11-28 08:16:08',1,9,11),(24069597,858252,278,11,'2024-11-28 08:18:48',187,'2024-11-28 08:30:35',1,2,11),(24069682,1004430,14,11,'2024-11-28 08:23:15',177,'2024-11-28 08:34:20',1,5,11),(24071952,417515,241,11,'2024-11-28 10:35:57',241,'2024-11-28 10:36:18',1,9,11),(24071965,417515,241,11,'2024-11-28 10:36:33',241,'2024-11-28 10:36:54',1,4,11),(24071967,417515,241,11,'2024-11-28 10:37:03',241,'2024-11-28 10:37:25',1,5,11),(24071984,417515,241,11,'2024-11-28 10:37:47',241,'2024-11-28 10:38:09',2,9,11),(24071990,417515,241,11,'2024-11-28 10:38:21',241,'2024-11-28 10:38:43',1,5,11),(24072925,1158533,96,11,'2024-11-28 11:36:07',69,'2024-11-28 11:47:01',2,1,11),(24074641,1242053,156,11,'2024-11-28 13:19:15',216,'2024-11-28 13:41:30',2,1,11),(24075179,94456,99,11,'2024-11-28 13:51:14',99,'2024-11-28 14:10:24',1,2,11),(24076418,1175815,322,11,'2024-11-28 15:09:30',435,'2024-11-28 15:14:26',2,1,11),(24077017,1189286,533,11,'2024-11-28 15:43:43',502,'2024-11-28 16:00:36',1,3,11),(24078276,4143,235,11,'2024-11-28 16:44:01',417,'2024-11-28 16:55:34',1,8,11),(24078451,1175815,435,11,'2024-11-28 16:53:04',322,'2024-11-28 17:03:46',2,3,11),(24079229,858252,187,11,'2024-11-28 17:25:17',278,'2024-11-28 17:35:52',1,10,11),(24081697,851072,307,11,'2024-11-28 19:06:29',80,'2024-11-28 19:35:20',2,7,11),(24082122,233259,117,11,'2024-11-28 19:26:46',151,'2024-11-28 19:53:58',1,3,11),(24082794,851072,80,11,'2024-11-28 20:03:42',204,'2024-11-28 20:18:50',1,2,11),(24083043,666040,291,11,'2024-11-28 20:16:05',93,'2024-11-28 20:25:47',2,8,11),(24083245,233259,151,11,'2024-11-28 20:28:32',46,'2024-11-28 20:44:02',1,8,11),(24083437,306187,263,11,'2024-11-28 20:40:32',167,'2024-11-28 20:51:54',1,6,11),(24083550,989293,116,11,'2024-11-28 20:47:02',116,'2024-11-28 20:50:15',1,9,11),(24085274,1200813,566,11,'2024-11-28 23:47:23',309,'2024-11-29 00:04:44',2,2,11),(24086035,989293,329,11,'2024-11-29 01:37:24',200,'2024-11-29 02:22:13',1,4,11),(24086094,1260349,392,11,'2024-11-29 01:52:55',176,'2024-11-29 02:43:03',2,7,11),(24086198,1260349,176,11,'2024-11-29 02:59:47',392,'2024-11-29 03:10:23',2,1,11),(24086261,1260349,392,11,'2024-11-29 03:41:35',392,'2024-11-29 05:32:35',1,10,11),(24086798,4143,417,11,'2024-11-29 06:56:19',235,'2024-11-29 07:07:50',1,4,11),(24087107,1004430,516,11,'2024-11-29 07:25:10',177,'2024-11-29 07:34:23',2,3,11),(24091099,1231836,68,11,'2024-11-29 11:46:26',501,'2024-11-29 12:09:40',1,2,11),(24092703,1260339,74,11,'2024-11-29 13:16:49',29,'2024-11-29 14:00:21',2,1,11),(24092880,862550,308,11,'2024-11-29 13:25:40',257,'2024-11-29 13:52:11',1,3,11),(24093123,1241321,126,11,'2024-11-29 13:40:22',539,'2024-11-29 13:52:53',1,7,11),(24095480,417515,241,11,'2024-11-29 16:02:20',336,'2024-11-29 16:11:36',1,6,11),(24096016,4143,383,11,'2024-11-29 16:29:23',417,'2024-11-29 16:37:44',2,4,11),(24096361,233259,46,11,'2024-11-29 16:45:49',151,'2024-11-29 17:14:08',1,3,11),(24096476,1204374,13,11,'2024-11-29 16:51:57',13,'2024-11-29 17:15:17',1,6,11),(24096580,1260349,340,11,'2024-11-29 16:56:26',340,'2024-11-29 16:56:48',2,3,11),(24096596,1260349,340,11,'2024-11-29 16:57:11',340,'2024-11-29 17:21:26',1,4,11),(24098961,94456,329,11,'2024-11-29 18:39:21',491,'2024-11-29 19:02:19',2,8,11),(24099382,862550,362,11,'2024-11-29 18:59:12',379,'2024-11-29 19:29:20',1,7,11),(24100521,18475,220,11,'2024-11-29 20:06:22',458,'2024-11-29 20:16:21',1,3,11),(24101116,864392,14,11,'2024-11-29 20:43:28',122,'2024-11-29 20:54:00',2,1,11),(24101573,862550,379,11,'2024-11-29 21:18:42',206,'2024-11-29 21:44:15',2,10,11),(24102116,1088550,491,11,'2024-11-29 22:11:21',82,'2024-11-29 22:28:11',1,9,11),(24103585,653260,199,11,'2024-11-30 02:22:32',263,'2024-11-30 02:38:27',2,8,11),(24104221,1004430,516,11,'2024-11-30 07:33:59',515,'2024-11-30 07:40:25',1,7,11),(24104526,1258298,229,11,'2024-11-30 09:17:34',418,'2024-11-30 09:33:39',2,6,11),(24105013,877812,193,11,'2024-11-30 11:09:27',64,'2024-11-30 11:16:00',2,7,11),(24105194,877812,64,11,'2024-11-30 11:40:47',116,'2024-11-30 11:47:20',2,7,11),(24105508,1133541,525,11,'2024-11-30 12:26:45',489,'2024-11-30 12:45:59',1,1,11),(24107315,1133541,489,11,'2024-11-30 16:36:17',5,'2024-11-30 17:13:39',1,2,11),(24107719,1261480,152,11,'2024-11-30 17:23:05',79,'2024-11-30 17:56:58',1,7,11),(24107971,1261496,75,11,'2024-11-30 17:53:42',6,'2024-11-30 18:24:18',1,5,11),(24109082,1261496,172,11,'2024-11-30 20:23:42',75,'2024-11-30 20:52:10',1,10,11),(24109660,1192987,117,11,'2024-11-30 22:41:18',151,'2024-11-30 23:03:35',2,4,11),(24110783,1004430,14,12,'2024-12-01 08:22:02',177,'2024-12-01 08:31:37',1,8,12),(24111935,1260339,74,12,'2024-12-01 16:25:14',74,'2024-12-01 17:30:08',1,6,12),(24112387,1261827,559,12,'2024-12-01 17:33:58',559,'2024-12-01 18:13:30',1,8,12),(24114546,653260,199,12,'2024-12-02 00:22:19',263,'2024-12-02 00:38:03',1,2,12),(24116407,318881,275,12,'2024-12-02 07:47:03',521,'2024-12-02 08:09:28',1,3,12),(24116806,156938,130,12,'2024-12-02 08:12:49',353,'2024-12-02 08:12:51',1,6,12),(24117375,1242053,216,12,'2024-12-02 08:43:55',156,'2024-12-02 08:57:45',1,7,12),(24118858,1142312,54,12,'2024-12-02 10:15:34',74,'2024-12-02 10:27:16',1,8,12),(24119245,820699,6,12,'2024-12-02 10:43:00',73,'2024-12-02 10:54:17',2,4,12),(24120836,318881,521,12,'2024-12-02 12:25:43',275,'2024-12-02 12:49:07',1,3,12),(24122159,1236221,302,12,'2024-12-02 13:48:08',302,'2024-12-02 14:00:05',1,4,12),(24123139,677472,308,12,'2024-12-02 14:51:35',516,'2024-12-02 15:03:16',1,3,12),(24124100,1236221,155,12,'2024-12-02 15:44:23',302,'2024-12-02 16:10:43',2,6,12),(24124371,634494,58,12,'2024-12-02 15:57:39',364,'2024-12-02 16:03:22',2,2,12),(24124602,677472,516,12,'2024-12-02 16:06:48',308,'2024-12-02 16:16:53',2,1,12),(24125510,1122137,466,12,'2024-12-02 16:52:15',186,'2024-12-02 17:00:57',2,7,12),(24125535,353310,501,12,'2024-12-02 16:52:59',322,'2024-12-02 16:58:07',2,9,12),(24125567,1192987,46,12,'2024-12-02 16:54:24',7,'2024-12-02 17:10:28',1,10,12),(24127386,1069090,329,12,'2024-12-02 18:08:07',492,'2024-12-02 18:27:38',2,5,12),(24130297,965549,433,12,'2024-12-02 20:30:03',73,'2024-12-02 20:38:13',2,4,12),(24134493,673248,102,12,'2024-12-03 08:03:12',524,'2024-12-03 08:23:54',2,2,12),(24134660,858252,278,12,'2024-12-03 08:17:11',187,'2024-12-03 08:28:31',1,10,12),(24137834,1142312,96,12,'2024-12-03 11:35:19',25,'2024-12-03 11:49:41',1,5,12),(24137852,1185150,29,12,'2024-12-03 11:36:59',101,'2024-12-03 11:53:04',2,10,12),(24138770,1122137,118,12,'2024-12-03 12:30:18',466,'2024-12-03 12:45:48',2,10,12),(24138817,417515,336,12,'2024-12-03 12:34:32',241,'2024-12-03 12:49:06',1,3,12),(24139061,1185150,101,12,'2024-12-03 12:49:30',29,'2024-12-03 13:09:17',2,1,12),(24142208,1004430,4,12,'2024-12-03 16:06:34',111,'2024-12-03 16:10:02',1,2,12),(24143169,1189286,392,12,'2024-12-03 16:51:20',502,'2024-12-03 17:03:43',1,1,12),(24143429,755905,322,12,'2024-12-03 17:03:16',289,'2024-12-03 17:09:58',2,8,12),(24143657,1122137,186,12,'2024-12-03 17:11:25',118,'2024-12-03 17:15:19',2,4,12),(24144630,1179924,543,12,'2024-12-03 17:48:39',79,'2024-12-03 18:02:00',1,5,12),(24145395,1179924,79,12,'2024-12-03 18:17:08',175,'2024-12-03 18:38:22',2,10,12),(24146613,1260349,464,12,'2024-12-03 19:07:35',542,'2024-12-03 20:01:53',1,2,12),(24147549,989293,436,12,'2024-12-03 19:52:50',436,'2024-12-03 19:53:12',1,10,12),(24147558,989293,436,12,'2024-12-03 19:53:21',212,'2024-12-03 20:12:47',1,10,12),(24148503,851072,449,12,'2024-12-03 20:48:02',254,'2024-12-03 21:12:13',2,3,12),(24148994,851072,432,12,'2024-12-03 21:28:21',80,'2024-12-03 22:07:34',1,6,12),(24149008,1260349,431,12,'2024-12-03 21:30:50',289,'2024-12-03 22:09:52',1,3,12),(24152783,793568,175,12,'2024-12-04 08:07:10',164,'2024-12-04 08:19:16',2,3,12),(24152889,858252,278,12,'2024-12-04 08:12:19',187,'2024-12-04 08:24:19',1,7,12),(24153207,1106224,175,12,'2024-12-04 08:31:26',98,'2024-12-04 08:31:28',1,6,12),(24154080,1242053,216,12,'2024-12-04 09:21:44',156,'2024-12-04 09:34:19',1,6,12),(24155548,1185150,101,12,'2024-12-04 10:53:48',29,'2024-12-04 10:53:48',2,7,12),(24156100,1158533,444,12,'2024-12-04 11:34:15',69,'2024-12-04 11:54:05',1,6,12),(24156333,673248,102,12,'2024-12-04 11:49:25',212,'2024-12-04 12:01:10',2,7,12),(24156412,1242053,156,12,'2024-12-04 11:54:17',216,'2024-12-04 12:07:31',2,2,12),(24156813,755905,355,12,'2024-12-04 12:21:27',426,'2024-12-04 12:28:07',1,6,12),(24159356,673248,213,12,'2024-12-04 15:04:26',102,'2024-12-04 15:15:53',2,2,12),(24160280,1189286,533,12,'2024-12-04 15:56:31',502,'2024-12-04 16:13:16',2,7,12),(24162455,858252,187,12,'2024-12-04 17:29:30',278,'2024-12-04 17:42:51',2,1,12),(24164983,417515,476,12,'2024-12-04 19:09:39',476,'2024-12-04 19:10:01',2,6,12),(24165009,417515,476,12,'2024-12-04 19:10:28',476,'2024-12-04 19:10:50',1,3,12),(24165880,233259,29,12,'2024-12-04 19:50:56',492,'2024-12-04 19:59:08',2,10,12),(24166488,1261496,118,12,'2024-12-04 20:23:01',118,'2024-12-04 20:23:37',2,7,12),(24166504,1261496,118,12,'2024-12-04 20:23:49',515,'2024-12-04 21:29:52',2,9,12),(24167368,631240,229,12,'2024-12-04 21:25:33',182,'2024-12-04 21:40:23',2,8,12),(24167539,1058741,516,12,'2024-12-04 21:40:42',576,'2024-12-04 21:53:00',1,7,12),(24167892,1088550,491,12,'2024-12-04 22:16:43',82,'2024-12-04 22:33:21',2,9,12),(24171456,858252,278,12,'2024-12-05 08:08:46',187,'2024-12-05 08:19:47',1,2,12),(24172871,1106224,168,12,'2024-12-05 09:31:31',57,'2024-12-05 09:38:31',2,10,12),(24174066,417515,241,12,'2024-12-05 10:38:41',336,'2024-12-05 10:48:40',1,1,12),(24174662,1261496,89,12,'2024-12-05 11:26:06',8,'2024-12-05 11:52:47',1,1,12),(24174793,1158533,444,12,'2024-12-05 11:36:12',69,'2024-12-05 11:56:23',2,8,12),(24175567,1122137,118,12,'2024-12-05 12:27:07',466,'2024-12-05 12:40:51',2,6,12),(24176339,1263995,370,12,'2024-12-05 13:14:41',370,'2024-12-05 13:15:02',1,9,12),(24176353,1263995,370,12,'2024-12-05 13:15:42',498,'2024-12-05 13:48:33',1,7,12),(24176486,1185150,101,12,'2024-12-05 13:25:14',167,'2024-12-05 13:42:14',2,1,12),(24177836,1122137,466,12,'2024-12-05 14:52:23',69,'2024-12-05 15:05:20',2,7,12),(24180411,4143,235,12,'2024-12-05 17:10:34',417,'2024-12-05 17:20:23',1,9,12),(24180465,1122137,13,12,'2024-12-05 17:12:39',118,'2024-12-05 17:19:09',2,5,12),(24180530,233259,46,12,'2024-12-05 17:15:28',71,'2024-12-05 17:33:08',1,8,12),(24182473,666040,291,12,'2024-12-05 18:39:01',93,'2024-12-05 18:55:49',1,8,12),(24182963,673248,102,12,'2024-12-05 19:02:04',89,'2024-12-05 19:25:29',2,5,12),(24183054,306187,60,12,'2024-12-05 19:06:27',167,'2024-12-05 19:39:24',1,6,12),(24184525,851072,425,12,'2024-12-05 20:39:22',284,'2024-12-05 21:19:49',1,3,12),(24184589,673248,89,12,'2024-12-05 20:43:00',102,'2024-12-05 21:08:32',1,1,12),(24185076,631240,229,12,'2024-12-05 21:21:30',182,'2024-12-05 21:47:27',2,3,12),(24185323,851072,80,12,'2024-12-05 21:44:51',449,'2024-12-05 22:11:22',2,1,12),(24185421,1200813,309,12,'2024-12-05 21:55:01',457,'2024-12-05 22:01:20',2,5,12),(24186047,1201699,385,12,'2024-12-05 23:14:52',241,'2024-12-05 23:51:04',1,10,12),(24186124,1117667,158,12,'2024-12-05 23:27:36',186,'2024-12-05 23:50:35',1,5,12),(24186701,851072,299,12,'2024-12-06 00:48:16',80,'2024-12-06 01:15:08',1,5,12),(24190793,1220154,2,12,'2024-12-06 11:35:34',166,'2024-12-06 11:51:06',2,1,12),(24192197,4143,235,12,'2024-12-06 13:17:29',417,'2024-12-06 13:28:51',2,10,12),(24192576,1241321,126,12,'2024-12-06 13:43:02',175,'2024-12-06 13:53:46',2,8,12),(24192664,1261496,98,12,'2024-12-06 13:49:15',144,'2024-12-06 14:57:27',2,2,12),(24194464,417515,267,12,'2024-12-06 15:37:02',333,'2024-12-06 15:44:22',2,6,12),(24194950,353310,322,12,'2024-12-06 16:03:44',236,'2024-12-06 16:10:41',1,8,12),(24195006,1189286,533,12,'2024-12-06 16:05:30',502,'2024-12-06 16:26:56',1,8,12),(24195430,755905,435,12,'2024-12-06 16:25:54',322,'2024-12-06 16:32:03',2,6,12),(24197627,697099,22,12,'2024-12-06 18:05:41',22,'2024-12-06 18:06:02',1,7,12),(24199691,851072,307,12,'2024-12-06 19:48:25',41,'2024-12-06 20:09:00',1,8,12),(24200002,306187,120,12,'2024-12-06 20:06:45',167,'2024-12-06 20:28:07',1,3,12),(24200806,1058741,5,12,'2024-12-06 21:02:09',516,'2024-12-06 21:10:27',1,9,12),(24200956,851072,302,12,'2024-12-06 21:13:08',41,'2024-12-06 21:24:37',2,7,12),(24201257,1058741,516,12,'2024-12-06 21:39:16',515,'2024-12-06 21:50:37',1,3,12),(24201338,851072,41,12,'2024-12-06 21:47:18',307,'2024-12-06 22:12:27',2,8,12),(24202459,653260,199,12,'2024-12-07 00:15:56',75,'2024-12-07 00:29:05',1,9,12),(24205602,673248,478,12,'2024-12-07 14:38:27',102,'2024-12-07 14:51:10',2,5,12),(24206373,1265321,44,12,'2024-12-07 16:17:14',177,'2024-12-07 17:16:26',1,10,12),(24206997,1265404,542,12,'2024-12-07 17:20:35',248,'2024-12-07 18:13:53',1,1,12),(24207136,1265321,177,12,'2024-12-07 17:34:04',156,'2024-12-07 17:52:30',1,9,12),(24207865,1265321,156,12,'2024-12-07 18:48:14',163,'2024-12-07 19:30:58',2,6,12),(24208327,1261496,206,12,'2024-12-07 19:41:34',373,'2024-12-07 20:14:30',2,5,12),(24209565,1079388,65,12,'2024-12-08 00:30:56',254,'2024-12-08 01:06:14',1,10,12),(24209601,1076431,400,12,'2024-12-08 00:40:26',236,'2024-12-08 00:56:49',2,7,12),(24210116,989293,144,12,'2024-12-08 03:09:36',116,'2024-12-08 03:17:45',1,10,12),(24211403,1178463,13,12,'2024-12-08 11:58:05',4,'2024-12-08 12:54:23',1,10,12),(24211734,1261496,373,12,'2024-12-08 12:57:51',440,'2024-12-08 13:33:02',1,3,12),(24212105,1194977,181,12,'2024-12-08 13:59:55',4,'2024-12-08 14:29:45',2,10,12),(24212552,851072,307,12,'2024-12-08 15:00:42',21,'2024-12-08 15:57:18',1,4,12),(24213387,1265950,353,12,'2024-12-08 16:29:33',353,'2024-12-08 17:50:46',1,6,12),(24213662,851072,41,12,'2024-12-08 16:52:45',175,'2024-12-08 17:12:14',1,9,12),(24214176,1266227,515,12,'2024-12-08 17:36:35',515,'2024-12-08 17:36:56',2,1,12),(24214180,1266227,515,12,'2024-12-08 17:37:07',515,'2024-12-08 17:37:28',1,5,12),(24214198,1266227,515,12,'2024-12-08 17:38:25',515,'2024-12-08 17:38:46',2,1,12),(24214210,1266227,515,12,'2024-12-08 17:39:24',515,'2024-12-08 18:29:41',1,9,12),(24214237,851072,175,12,'2024-12-08 17:42:13',6,'2024-12-08 17:55:38',2,5,12),(24215271,851072,172,12,'2024-12-08 19:26:45',199,'2024-12-08 20:12:10',2,8,12),(24218094,318881,275,12,'2024-12-09 07:41:20',521,'2024-12-09 08:01:00',2,1,12),(24219201,1106224,539,12,'2024-12-09 08:50:47',57,'2024-12-09 09:02:19',2,2,12),(24219735,1213514,413,12,'2024-12-09 09:21:18',413,'2024-12-09 09:48:14',1,1,12),(24220236,914135,137,12,'2024-12-09 09:54:16',152,'2024-12-09 10:03:31',2,4,12),(24220765,233259,46,12,'2024-12-09 10:37:26',152,'2024-12-09 10:52:19',2,6,12),(24221744,914135,152,12,'2024-12-09 11:53:08',137,'2024-12-09 11:59:15',2,7,12),(24222362,233259,152,12,'2024-12-09 12:36:35',46,'2024-12-09 12:47:49',2,8,12),(24222418,318881,387,12,'2024-12-09 12:40:10',275,'2024-12-09 13:07:11',2,6,12),(24222534,673248,102,12,'2024-12-09 12:49:48',215,'2024-12-09 13:03:12',2,2,12),(24223535,1158533,174,12,'2024-12-09 13:55:26',69,'2024-12-09 14:04:38',1,2,12),(24224443,673248,206,12,'2024-12-09 14:57:24',102,'2024-12-09 15:05:05',2,4,12),(24225104,1189286,533,12,'2024-12-09 15:36:22',502,'2024-12-09 15:53:16',1,2,12),(24227951,673248,527,12,'2024-12-09 17:51:19',102,'2024-12-09 17:57:18',1,10,12),(24229078,673248,102,12,'2024-12-09 18:35:13',527,'2024-12-09 18:40:20',2,5,12),(24230119,673248,527,12,'2024-12-09 19:24:39',102,'2024-12-09 19:30:38',2,10,12),(24231155,18475,220,12,'2024-12-09 20:22:23',458,'2024-12-09 20:33:04',2,1,12),(24231187,417515,476,12,'2024-12-09 20:24:44',476,'2024-12-09 20:25:05',1,6,12),(24231196,417515,476,12,'2024-12-09 20:25:12',476,'2024-12-09 20:25:34',1,4,12),(24231212,417515,476,12,'2024-12-09 20:26:28',476,'2024-12-09 20:26:49',2,6,12),(24231574,1222438,431,12,'2024-12-09 20:53:26',464,'2024-12-09 21:06:53',2,10,12),(24231840,631240,229,12,'2024-12-09 21:12:48',182,'2024-12-09 21:27:55',1,3,12),(24231898,1058741,5,12,'2024-12-09 21:17:15',516,'2024-12-09 21:24:47',2,1,12),(24232182,571134,556,12,'2024-12-09 21:48:57',182,'2024-12-09 21:54:13',1,1,12),(24232278,1058741,222,12,'2024-12-09 22:00:15',576,'2024-12-09 22:07:44',1,3,12),(24232418,1088550,491,12,'2024-12-09 22:16:28',82,'2024-12-09 22:34:38',1,9,12),(24235196,233259,46,12,'2024-12-10 07:49:34',152,'2024-12-10 07:49:36',1,9,12),(24235428,858252,278,12,'2024-12-10 08:04:02',187,'2024-12-10 08:15:01',1,10,12),(24236667,1106224,175,12,'2024-12-10 09:18:58',57,'2024-12-10 09:31:20',2,9,12),(24238464,233259,152,12,'2024-12-10 11:21:04',46,'2024-12-10 11:34:24',1,4,12),(24239156,1185150,101,12,'2024-12-10 12:01:59',167,'2024-12-10 12:19:05',1,2,12),(24239653,1158533,444,12,'2024-12-10 12:38:24',69,'2024-12-10 12:38:26',2,9,12),(24240315,709019,165,12,'2024-12-10 13:17:50',76,'2024-12-10 13:39:43',1,7,12),(24242281,914135,137,12,'2024-12-10 15:29:27',152,'2024-12-10 16:46:51',2,3,12),(24245767,1261827,559,12,'2024-12-10 18:13:31',559,'2024-12-10 19:17:16',2,2,12),(24246136,851072,307,12,'2024-12-10 18:28:43',41,'2024-12-10 18:46:57',1,2,12),(24246464,1134303,116,12,'2024-12-10 18:41:50',490,'2024-12-10 19:24:18',2,6,12),(24247009,965549,126,12,'2024-12-10 19:08:13',179,'2024-12-10 19:11:10',2,2,12),(24247269,666040,132,12,'2024-12-10 19:20:47',93,'2024-12-10 19:41:20',2,2,12),(24248199,851072,302,12,'2024-12-10 20:10:18',41,'2024-12-10 20:24:50',2,4,12),(24248216,1158533,69,12,'2024-12-10 20:11:12',444,'2024-12-10 20:34:00',1,7,12),(24248344,1134303,490,12,'2024-12-10 20:18:36',116,'2024-12-10 20:51:06',1,4,12),(24248846,851072,41,12,'2024-12-10 20:50:24',307,'2024-12-10 21:12:19',2,9,12),(24250629,1200813,566,12,'2024-12-11 00:01:59',309,'2024-12-11 00:08:22',1,6,12),(24252259,318881,275,12,'2024-12-11 07:40:45',521,'2024-12-11 08:01:09',2,9,12),(24253097,1213514,413,12,'2024-12-11 08:29:08',413,'2024-12-11 08:55:28',2,10,12),(24254255,1106224,175,12,'2024-12-11 09:34:57',57,'2024-12-11 09:46:16',1,3,12),(24254594,1185150,101,12,'2024-12-11 09:58:49',167,'2024-12-11 10:14:36',2,8,12),(24254839,1242053,181,12,'2024-12-11 10:19:31',156,'2024-12-11 10:32:54',1,4,12),(24255791,1220154,130,12,'2024-12-11 11:31:43',64,'2024-12-11 11:57:21',1,4,12),(24256209,1158533,171,12,'2024-12-11 11:58:10',69,'2024-12-11 12:05:21',1,4,12),(24256462,1242053,156,12,'2024-12-11 12:13:34',216,'2024-12-11 12:29:10',2,5,12),(24259103,1189286,533,12,'2024-12-11 15:07:41',502,'2024-12-11 15:23:26',1,1,12),(24259797,318881,387,12,'2024-12-11 15:48:47',537,'2024-12-11 16:08:07',1,8,12),(24264511,851072,307,12,'2024-12-11 19:41:17',41,'2024-12-11 19:59:52',1,4,12),(24265411,1069090,492,12,'2024-12-11 20:30:21',206,'2024-12-11 20:56:20',1,7,12),(24265953,1058741,5,12,'2024-12-11 21:08:40',516,'2024-12-11 21:18:27',1,10,12),(24266452,851072,41,12,'2024-12-11 21:50:06',307,'2024-12-11 22:19:15',2,2,12),(24266477,1058741,222,12,'2024-12-11 21:53:51',576,'2024-12-11 22:02:51',1,2,12),(24266693,1088550,491,12,'2024-12-11 22:15:24',82,'2024-12-11 22:33:22',2,6,12),(24266784,1268173,548,12,'2024-12-11 22:27:22',548,'2024-12-11 22:53:08',2,4,12),(24267192,1268173,548,12,'2024-12-11 23:24:43',548,'2024-12-11 23:48:36',2,6,12),(24271181,1261496,75,12,'2024-12-12 09:28:28',89,'2024-12-12 09:58:14',1,3,12),(24271387,233259,164,12,'2024-12-12 09:40:35',152,'2024-12-12 09:57:59',2,1,12),(24272222,1261496,89,12,'2024-12-12 10:35:20',8,'2024-12-12 11:03:50',2,1,12),(24273100,1158533,444,12,'2024-12-12 11:31:41',69,'2024-12-12 11:54:47',2,3,12),(24273886,1185150,101,12,'2024-12-12 12:21:38',101,'2024-12-12 12:22:47',2,5,12),(24273921,1185150,101,12,'2024-12-12 12:24:13',29,'2024-12-12 12:43:29',2,4,12),(24276234,4143,235,12,'2024-12-12 15:24:59',417,'2024-12-12 15:35:47',2,5,12),(24277014,914135,228,12,'2024-12-12 16:30:15',152,'2024-12-12 17:43:38',1,3,12),(24277224,1133745,252,12,'2024-12-12 16:38:37',252,'2024-12-12 17:51:56',2,7,12),(24277869,233259,151,12,'2024-12-12 17:12:55',46,'2024-12-12 17:30:22',1,1,12),(24281198,1218632,74,12,'2024-12-12 20:03:53',29,'2024-12-12 20:34:51',1,9,12),(24281494,18475,220,12,'2024-12-12 20:21:25',458,'2024-12-12 20:31:16',2,6,12),(24281531,666040,76,12,'2024-12-12 20:23:54',93,'2024-12-12 20:34:26',1,10,12),(24281627,353310,340,12,'2024-12-12 20:30:32',417,'2024-12-12 20:53:05',2,2,12),(24281824,673248,89,12,'2024-12-12 20:45:47',70,'2024-12-12 20:58:11',2,9,12),(24282087,1058741,576,12,'2024-12-12 21:07:10',516,'2024-12-12 21:18:33',2,7,12),(24282499,1058741,44,12,'2024-12-12 21:49:26',576,'2024-12-12 21:56:04',2,9,12),(24283440,1200813,566,12,'2024-12-13 00:22:00',309,'2024-12-13 00:22:02',1,6,12),(24284004,965549,196,12,'2024-12-13 02:41:28',433,'2024-12-13 02:49:57',1,4,12),(24284095,1175815,359,12,'2024-12-13 03:33:34',489,'2024-12-13 03:48:53',2,3,12),(24289388,1261496,373,12,'2024-12-13 13:17:28',373,'2024-12-13 13:19:43',2,10,12),(24289447,1261496,373,12,'2024-12-13 13:20:32',329,'2024-12-13 13:56:47',2,8,12),(24290897,1268892,21,12,'2024-12-13 15:07:54',41,'2024-12-13 15:34:14',1,2,12),(24291299,417515,241,12,'2024-12-13 15:33:38',241,'2024-12-13 15:34:00',2,2,12),(24291309,417515,241,12,'2024-12-13 15:34:23',336,'2024-12-13 15:43:13',2,1,12),(24291535,1268892,21,12,'2024-12-13 15:50:06',21,'2024-12-13 16:48:18',2,2,12),(24293576,1268892,41,12,'2024-12-13 17:38:12',41,'2024-12-13 18:32:02',2,3,12),(24295601,673248,94,12,'2024-12-13 19:23:39',161,'2024-12-13 19:40:32',2,5,12),(24295979,1204280,416,12,'2024-12-13 19:47:03',322,'2024-12-13 19:55:16',2,6,12),(24297089,1200813,197,12,'2024-12-13 21:10:23',309,'2024-12-13 21:29:55',1,6,12),(24298201,1135211,161,12,'2024-12-13 23:18:39',122,'2024-12-13 23:26:39',1,10,12),(24300358,318881,275,12,'2024-12-14 10:27:38',355,'2024-12-14 10:37:01',2,7,12),(24301786,868349,473,12,'2024-12-14 14:21:58',460,'2024-12-14 14:32:54',2,8,12),(24302805,868349,460,12,'2024-12-14 16:50:01',473,'2024-12-14 17:09:28',1,4,12),(24302902,851072,38,12,'2024-12-14 17:02:51',6,'2024-12-14 17:48:06',1,9,12),(24303858,851072,172,12,'2024-12-14 19:03:36',199,'2024-12-14 19:53:31',1,2,12),(24304826,851072,253,12,'2024-12-14 21:21:44',307,'2024-12-14 21:52:19',2,9,12),(24305288,1088550,491,12,'2024-12-14 22:43:39',82,'2024-12-14 22:58:48',2,3,12),(24306520,1269921,161,12,'2024-12-15 05:58:43',235,'2024-12-15 06:30:46',1,9,12),(24307836,1260339,74,12,'2024-12-15 13:09:04',74,'2024-12-15 13:55:36',2,8,12),(24308859,1260339,74,12,'2024-12-15 15:45:38',94,'2024-12-15 16:31:05',2,3,12),(24308961,1076431,400,12,'2024-12-15 15:55:46',289,'2024-12-15 16:22:24',2,6,12),(24309697,1260339,94,12,'2024-12-15 17:07:10',212,'2024-12-15 17:49:50',1,10,12),(24310092,1176406,487,12,'2024-12-15 17:41:04',538,'2024-12-15 18:15:02',1,8,12),(24310747,1270483,210,12,'2024-12-15 18:43:00',210,'2024-12-15 19:21:45',1,10,12),(24314165,318881,275,12,'2024-12-16 07:27:38',521,'2024-12-16 07:51:10',1,10,12),(24315214,755905,322,12,'2024-12-16 08:38:33',431,'2024-12-16 08:54:36',2,6,12),(24315912,755905,431,12,'2024-12-16 09:19:40',234,'2024-12-16 09:30:50',2,2,12),(24316109,1106224,168,12,'2024-12-16 09:33:19',168,'2024-12-16 09:33:40',2,9,12),(24316206,1158533,444,12,'2024-12-16 09:41:24',69,'2024-12-16 09:59:22',2,5,12),(24316865,1242053,66,12,'2024-12-16 10:24:32',156,'2024-12-16 10:45:04',1,4,12),(24318336,1168860,99,12,'2024-12-16 12:09:26',194,'2024-12-16 12:27:55',1,3,12),(24318604,318881,521,12,'2024-12-16 12:28:15',275,'2024-12-16 12:50:34',2,5,12),(24320851,677472,277,12,'2024-12-16 15:00:33',516,'2024-12-16 15:07:22',1,4,12),(24323325,1113896,426,12,'2024-12-16 17:12:59',416,'2024-12-16 17:22:51',1,4,12),(24323773,805997,420,12,'2024-12-16 17:32:23',482,'2024-12-16 17:42:10',2,1,12),(24323848,1228256,336,12,'2024-12-16 17:35:24',336,'2024-12-16 18:12:05',2,7,12),(24324673,1113896,416,12,'2024-12-16 18:09:45',426,'2024-12-16 18:22:40',2,8,12),(24324916,1142312,54,12,'2024-12-16 18:19:23',29,'2024-12-16 18:40:22',2,3,12),(24325360,1076431,362,12,'2024-12-16 18:36:29',362,'2024-12-16 19:05:03',1,4,12),(24327774,851072,307,12,'2024-12-16 20:38:41',41,'2024-12-16 20:58:04',2,3,12),(24328935,851072,302,12,'2024-12-16 22:11:18',41,'2024-12-16 22:21:35',2,5,12),(24329095,998429,212,12,'2024-12-16 22:31:22',231,'2024-12-16 22:49:39',1,4,12),(24329258,998429,231,12,'2024-12-16 23:05:27',231,'2024-12-16 23:30:49',1,4,12),(24335331,1158533,444,12,'2024-12-17 11:29:59',69,'2024-12-17 11:30:01',2,10,12),(24336624,697099,22,12,'2024-12-17 13:10:34',22,'2024-12-17 13:55:53',2,9,12),(24338062,709019,235,12,'2024-12-17 14:43:02',553,'2024-12-17 14:56:48',1,3,12),(24338931,673248,527,12,'2024-12-17 15:41:04',102,'2024-12-17 15:48:29',2,7,12),(24339421,1076431,512,12,'2024-12-17 16:09:53',362,'2024-12-17 16:22:35',1,5,12),(24339623,1242053,25,12,'2024-12-17 16:20:58',156,'2024-12-17 16:39:07',1,9,12),(24339716,1189286,533,12,'2024-12-17 16:25:04',502,'2024-12-17 16:41:29',2,5,12),(24340309,805997,464,12,'2024-12-17 16:55:02',482,'2024-12-17 17:11:49',1,9,12),(24341451,162663,484,12,'2024-12-17 17:40:22',258,'2024-12-17 17:55:25',1,2,12),(24341508,679929,5,12,'2024-12-17 17:42:47',277,'2024-12-17 17:59:35',1,9,12),(24342060,1142312,96,12,'2024-12-17 18:06:46',45,'2024-12-17 18:24:58',2,8,12),(24343470,306187,60,12,'2024-12-17 19:07:14',167,'2024-12-17 19:39:22',1,3,12),(24343884,1242053,156,12,'2024-12-17 19:28:14',216,'2024-12-17 19:42:28',1,8,12),(24345697,1076431,400,12,'2024-12-17 21:18:40',362,'2024-12-17 21:37:09',2,5,12),(24347270,1004430,14,12,'2024-12-18 00:15:48',318,'2024-12-18 00:39:36',1,3,12),(24349321,755905,322,12,'2024-12-18 07:30:44',435,'2024-12-18 07:36:04',1,10,12),(24349424,318881,323,12,'2024-12-18 07:36:47',521,'2024-12-18 07:56:17',2,6,12),(24350108,353310,486,12,'2024-12-18 08:22:48',501,'2024-12-18 08:30:45',1,7,12),(24353066,233259,152,12,'2024-12-18 11:36:50',46,'2024-12-18 11:52:37',2,3,12),(24353157,1158533,444,12,'2024-12-18 11:43:30',69,'2024-12-18 12:04:04',1,3,12),(24353219,1113896,426,12,'2024-12-18 11:48:37',74,'2024-12-18 12:28:27',1,3,12),(24353777,673248,102,12,'2024-12-18 12:28:47',102,'2024-12-18 12:48:29',1,3,12),(24354664,94456,329,12,'2024-12-18 13:34:58',215,'2024-12-18 13:34:58',1,9,12),(24356060,1189286,533,12,'2024-12-18 15:15:03',500,'2024-12-18 15:39:49',1,9,12),(24356095,1268892,425,12,'2024-12-18 15:18:11',41,'2024-12-18 16:18:04',1,3,12),(24356644,318881,521,12,'2024-12-18 15:52:40',275,'2024-12-18 15:52:42',2,10,12),(24357255,1148824,162,12,'2024-12-18 16:26:19',96,'2024-12-18 16:50:23',1,10,12),(24357733,1268892,21,12,'2024-12-18 16:53:06',41,'2024-12-18 17:09:12',2,3,12),(24357790,851072,307,12,'2024-12-18 16:56:21',41,'2024-12-18 17:27:04',2,6,12),(24358130,805997,464,12,'2024-12-18 17:12:34',482,'2024-12-18 17:26:42',2,6,12),(24358764,851072,41,12,'2024-12-18 17:42:50',302,'2024-12-18 17:58:22',2,2,12),(24359413,1148824,466,12,'2024-12-18 18:12:31',530,'2024-12-18 18:33:48',2,1,12),(24359422,677472,242,12,'2024-12-18 18:12:47',308,'2024-12-18 18:38:17',1,6,12),(24359485,353310,501,12,'2024-12-18 18:15:17',486,'2024-12-18 18:25:45',1,7,12),(24359501,1268892,41,12,'2024-12-18 18:16:04',41,'2024-12-18 18:42:11',2,1,12),(24359780,851072,302,12,'2024-12-18 18:28:14',41,'2024-12-18 18:42:25',2,4,12),(24360796,1268892,41,12,'2024-12-18 19:19:26',425,'2024-12-18 20:09:02',1,1,12),(24361725,851072,21,12,'2024-12-18 20:12:24',307,'2024-12-18 20:37:22',2,3,12),(24362449,1058741,576,12,'2024-12-18 21:00:21',516,'2024-12-18 21:12:46',1,4,12),(24363030,1058741,516,12,'2024-12-18 21:51:26',576,'2024-12-18 22:04:17',1,3,12),(24363993,1004430,516,12,'2024-12-18 23:57:56',210,'2024-12-19 00:03:05',2,8,12),(24366920,233259,75,12,'2024-12-19 09:07:34',46,'2024-12-19 09:24:31',1,8,12),(24367921,94456,99,12,'2024-12-19 10:17:01',254,'2024-12-19 10:37:53',1,2,12),(24368892,94456,254,12,'2024-12-19 11:26:30',329,'2024-12-19 11:55:44',2,5,12),(24370045,998429,74,12,'2024-12-19 12:56:25',414,'2024-12-19 13:11:14',2,4,12),(24370203,353310,340,12,'2024-12-19 13:05:37',340,'2024-12-19 13:06:11',1,4,12),(24371462,94456,99,12,'2024-12-19 14:39:37',215,'2024-12-19 14:50:48',1,2,12),(24372817,755905,435,12,'2024-12-19 16:08:18',322,'2024-12-19 16:14:10',1,9,12),(24377167,1268173,548,12,'2024-12-19 19:40:44',548,'2024-12-19 19:58:24',2,6,12),(24377959,417515,336,12,'2024-12-19 20:28:44',336,'2024-12-19 20:29:05',2,7,12),(24377972,417515,336,12,'2024-12-19 20:29:29',333,'2024-12-19 20:35:29',1,8,12),(24378289,1268173,548,12,'2024-12-19 20:54:27',548,'2024-12-19 21:22:32',1,4,12),(24378680,851072,547,12,'2024-12-19 21:24:09',547,'2024-12-19 21:34:30',2,6,12),(24379848,1200813,566,12,'2024-12-19 23:55:22',309,'2024-12-20 00:04:57',2,6,12),(24387317,1241321,126,12,'2024-12-20 13:41:22',126,'2024-12-20 13:41:44',2,3,12),(24387328,1241321,126,12,'2024-12-20 13:42:24',539,'2024-12-20 13:53:53',2,1,12),(24391660,742638,151,12,'2024-12-20 18:13:04',151,'2024-12-20 18:56:28',2,4,12),(24394464,1076431,568,12,'2024-12-20 21:21:07',568,'2024-12-20 21:21:29',1,6,12),(24394472,1076431,568,12,'2024-12-20 21:21:53',393,'2024-12-20 21:53:59',2,1,12),(24394803,1122137,466,12,'2024-12-20 21:57:16',466,'2024-12-20 22:14:15',2,9,12),(24397889,696630,524,12,'2024-12-21 12:05:36',416,'2024-12-21 12:13:53',2,4,12),(24398892,1261827,559,12,'2024-12-21 15:13:00',80,'2024-12-21 16:03:55',2,6,12),(24399070,1158497,466,12,'2024-12-21 15:33:21',263,'2024-12-21 16:27:20',2,9,12),(24399353,709019,247,12,'2024-12-21 16:13:58',304,'2024-12-21 16:44:01',1,9,12),(24399632,1273921,44,12,'2024-12-21 16:53:28',44,'2024-12-21 16:57:46',2,8,12),(24399670,1273921,44,12,'2024-12-21 16:58:33',515,'2024-12-21 17:48:28',2,3,12),(24402690,755905,482,12,'2024-12-22 05:43:22',487,'2024-12-22 06:20:54',1,3,12),(24404779,1260339,74,12,'2024-12-22 15:00:04',94,'2024-12-22 15:25:41',2,8,12),(24405165,1260339,94,12,'2024-12-22 15:55:16',212,'2024-12-22 16:13:25',2,7,12),(24405728,560833,6,12,'2024-12-22 16:59:31',6,'2024-12-22 18:01:11',2,5,12),(24406819,843828,530,12,'2024-12-22 18:57:09',213,'2024-12-22 19:20:37',2,3,12),(24407785,851072,307,12,'2024-12-22 20:58:28',458,'2024-12-22 22:10:16',1,5,12),(24408384,1157458,548,12,'2024-12-22 23:57:18',548,'2024-12-23 00:17:01',1,3,12),(24408609,1043442,56,12,'2024-12-23 00:42:39',27,'2024-12-23 01:14:11',2,2,12),(24408740,1088550,29,12,'2024-12-23 01:07:54',82,'2024-12-23 01:15:43',2,6,12),(24412797,1113896,176,12,'2024-12-23 10:53:08',416,'2024-12-23 11:10:04',2,2,12),(24413326,1242053,25,12,'2024-12-23 11:40:27',156,'2024-12-23 12:00:21',1,5,12),(24413763,1158533,71,12,'2024-12-23 12:16:16',69,'2024-12-23 12:27:54',1,7,12),(24414362,1189286,502,12,'2024-12-23 12:56:43',434,'2024-12-23 13:03:52',1,4,12),(24416829,992511,208,12,'2024-12-23 15:56:55',116,'2024-12-23 16:21:09',1,7,12),(24418473,992511,116,12,'2024-12-23 17:34:51',182,'2024-12-23 18:02:11',1,3,12),(24418905,1242053,156,12,'2024-12-23 17:57:42',156,'2024-12-23 17:58:06',1,9,12),(24418916,1242053,156,12,'2024-12-23 17:58:26',216,'2024-12-23 18:12:07',2,9,12),(24421237,18475,220,12,'2024-12-23 20:16:45',458,'2024-12-23 20:26:10',1,3,12),(24425516,1191334,59,12,'2024-12-24 10:49:39',73,'2024-12-24 11:01:04',1,1,12),(24428717,1113896,74,12,'2024-12-24 16:29:01',426,'2024-12-24 16:29:03',1,5,12),(24429185,1189286,577,12,'2024-12-24 17:22:04',502,'2024-12-24 17:36:58',2,9,12),(24431840,634494,58,12,'2024-12-25 09:32:31',364,'2024-12-25 09:37:01',2,10,12),(24433540,560833,6,12,'2024-12-25 17:14:14',6,'2024-12-25 18:46:11',1,3,12),(24433554,299264,262,12,'2024-12-25 17:16:49',545,'2024-12-25 18:07:14',2,6,12),(24435255,1192987,117,12,'2024-12-25 22:12:08',117,'2024-12-25 22:12:29',2,10,12),(24435258,1192987,117,12,'2024-12-25 22:13:12',570,'2024-12-25 22:39:59',2,2,12),(24435647,1161152,479,12,'2024-12-26 00:41:22',479,'2024-12-26 00:45:23',2,10,12),(24435710,1225080,204,12,'2024-12-26 01:01:01',204,'2024-12-26 01:15:03',2,9,12),(24435752,801666,45,12,'2024-12-26 01:13:18',33,'2024-12-26 01:28:38',2,5,12),(24437514,858252,278,12,'2024-12-26 08:31:34',187,'2024-12-26 08:42:01',2,6,12),(24438533,1261496,186,12,'2024-12-26 09:51:55',186,'2024-12-26 09:52:45',1,7,12),(24438556,1261496,186,12,'2024-12-26 09:53:12',89,'2024-12-26 09:53:14',1,3,12),(24438590,1106224,3,12,'2024-12-26 09:55:48',3,'2024-12-26 09:56:09',2,4,12),(24440698,233259,135,12,'2024-12-26 12:51:51',46,'2024-12-26 13:12:28',2,2,12),(24442568,1276606,247,12,'2024-12-26 15:02:05',527,'2024-12-26 15:29:41',1,9,12),(24445278,1271474,263,12,'2024-12-26 17:24:05',99,'2024-12-26 17:54:09',2,1,12),(24445786,1113896,212,12,'2024-12-26 17:49:37',426,'2024-12-26 18:31:29',2,9,12),(24446981,353310,486,12,'2024-12-26 18:40:03',501,'2024-12-26 18:47:21',1,8,12),(24447382,1158497,378,12,'2024-12-26 19:01:18',29,'2024-12-26 19:31:38',1,2,12),(24448590,851072,21,12,'2024-12-26 20:06:35',270,'2024-12-26 20:27:49',1,3,12),(24448899,1076431,400,12,'2024-12-26 20:24:05',277,'2024-12-26 21:24:29',2,7,12),(24449280,1158497,29,12,'2024-12-26 20:52:07',378,'2024-12-26 21:16:32',1,9,12),(24449586,851072,270,12,'2024-12-26 21:16:05',307,'2024-12-26 21:28:38',2,2,12),(24449753,571134,516,12,'2024-12-26 21:31:30',14,'2024-12-26 21:37:06',1,4,12),(24449882,353310,289,12,'2024-12-26 21:48:21',502,'2024-12-26 22:08:33',1,8,12),(24450249,1200813,455,12,'2024-12-26 22:37:01',455,'2024-12-26 23:37:15',2,7,12),(24453724,353310,486,12,'2024-12-27 08:48:59',501,'2024-12-27 08:55:41',1,1,12),(24454953,1277157,407,12,'2024-12-27 10:17:14',407,'2024-12-27 11:04:06',2,1,12),(24455712,1242053,216,12,'2024-12-27 11:10:27',156,'2024-12-27 11:23:12',1,5,12),(24456215,1158533,444,12,'2024-12-27 11:46:56',69,'2024-12-27 11:46:56',1,4,12),(24456641,965549,444,12,'2024-12-27 12:13:43',433,'2024-12-27 12:34:06',1,10,12),(24456822,1277157,407,12,'2024-12-27 12:30:35',407,'2024-12-27 13:25:57',2,1,12),(24457076,1261496,162,12,'2024-12-27 12:51:34',169,'2024-12-27 13:06:25',2,8,12),(24459782,353310,502,12,'2024-12-27 16:03:50',236,'2024-12-27 16:16:04',1,7,12),(24461334,94456,329,12,'2024-12-27 17:24:37',215,'2024-12-27 17:34:38',2,3,12),(24461538,1277426,516,12,'2024-12-27 17:36:22',516,'2024-12-27 18:10:24',2,6,12),(24462359,353310,236,12,'2024-12-27 18:14:26',502,'2024-12-27 18:26:39',1,10,12),(24462703,810106,232,12,'2024-12-27 18:31:12',422,'2024-12-27 18:45:07',2,3,12),(24463412,851072,307,12,'2024-12-27 19:10:08',562,'2024-12-27 19:24:11',1,2,12),(24464480,1158533,69,12,'2024-12-27 20:11:43',444,'2024-12-27 20:30:01',1,4,12),(24464542,851072,302,12,'2024-12-27 20:16:06',41,'2024-12-27 20:32:26',2,1,12),(24464895,1136325,6,12,'2024-12-27 20:43:11',6,'2024-12-27 20:59:42',1,2,12),(24465793,1228256,336,12,'2024-12-27 22:20:12',460,'2024-12-27 22:28:05',2,9,12),(24466281,851072,251,12,'2024-12-27 23:37:54',307,'2024-12-27 23:59:26',2,4,12),(24466782,965549,66,12,'2024-12-28 01:09:31',66,'2024-12-28 01:38:20',1,9,12),(24470130,1158497,378,12,'2024-12-28 16:17:20',546,'2024-12-28 17:01:32',1,10,12),(24471033,1113896,426,12,'2024-12-28 17:46:58',416,'2024-12-28 17:57:02',2,9,12),(24471281,417515,336,12,'2024-12-28 18:10:42',408,'2024-12-28 18:41:18',2,2,12),(24471386,1158497,458,12,'2024-12-28 18:19:33',378,'2024-12-28 18:42:22',1,7,12),(24472206,1278362,149,12,'2024-12-28 19:51:46',14,'2024-12-28 20:54:17',1,4,12),(24472590,417515,408,12,'2024-12-28 20:45:24',336,'2024-12-28 21:17:28',1,6,12),(24473594,978674,229,12,'2024-12-29 02:01:44',229,'2024-12-29 02:02:06',1,3,12),(24473598,978674,229,12,'2024-12-29 02:02:35',229,'2024-12-29 02:02:57',1,2,12),(24473600,978674,229,12,'2024-12-29 02:03:17',434,'2024-12-29 03:18:00',2,7,12),(24473804,965549,3,12,'2024-12-29 03:26:45',433,'2024-12-29 03:50:43',2,9,12),(24475068,1261496,56,12,'2024-12-29 11:09:21',56,'2024-12-29 11:10:52',1,8,12),(24475104,1261496,56,12,'2024-12-29 11:12:19',162,'2024-12-29 11:40:09',2,8,12),(24476791,1278846,164,12,'2024-12-29 15:27:15',490,'2024-12-29 16:33:44',1,4,12),(24479203,1217993,508,12,'2024-12-29 19:18:11',559,'2024-12-29 20:20:52',1,8,12),(24482243,318881,323,12,'2024-12-30 07:36:44',521,'2024-12-30 07:54:15',1,7,12),(24484107,1261496,75,12,'2024-12-30 10:01:03',89,'2024-12-30 10:27:32',1,8,12),(24485156,1158533,444,12,'2024-12-30 11:25:16',444,'2024-12-30 11:25:45',1,1,12),(24485167,1158533,444,12,'2024-12-30 11:26:31',69,'2024-12-30 11:26:33',1,3,12),(24485285,1279422,8,12,'2024-12-30 11:37:06',202,'2024-12-30 12:38:21',2,4,12),(24486243,1204280,416,12,'2024-12-30 12:48:23',268,'2024-12-30 12:53:14',1,1,12),(24486289,318881,521,12,'2024-12-30 12:52:28',323,'2024-12-30 13:12:05',1,5,12),(24486994,114078,66,12,'2024-12-30 13:50:26',9,'2024-12-30 13:57:32',1,5,12),(24487436,1279422,557,12,'2024-12-30 14:23:54',464,'2024-12-30 15:57:37',1,10,12),(24489082,1279422,464,12,'2024-12-30 16:14:33',234,'2024-12-30 16:44:40',2,5,12),(24490008,1279422,234,12,'2024-12-30 17:07:28',515,'2024-12-30 18:00:00',2,6,12),(24490256,1158497,330,12,'2024-12-30 17:20:12',378,'2024-12-30 17:39:33',1,10,12),(24491865,1225080,204,12,'2024-12-30 18:46:20',530,'2024-12-30 19:09:33',1,2,12),(24492356,1279422,210,12,'2024-12-30 19:11:39',215,'2024-12-30 19:44:50',1,8,12),(24493418,1113896,426,12,'2024-12-30 20:22:40',74,'2024-12-30 20:59:56',1,7,12),(24494300,1279915,457,12,'2024-12-30 21:46:29',336,'2024-12-30 22:18:41',1,9,12),(24494325,1279422,568,12,'2024-12-30 21:51:51',8,'2024-12-30 22:43:41',2,4,12),(24494668,1279915,336,12,'2024-12-30 22:48:29',197,'2024-12-30 23:10:00',1,2,12),(24494710,1278362,291,12,'2024-12-30 22:54:36',215,'2024-12-30 23:35:27',2,5,12),(24497936,1279422,8,12,'2024-12-31 10:48:33',174,'2024-12-31 11:01:31',1,6,12),(24498303,1279422,64,12,'2024-12-31 11:32:42',166,'2024-12-31 11:40:46',1,6,12),(24500756,1279422,126,12,'2024-12-31 15:56:43',543,'2024-12-31 17:15:50',2,8,12),(24502963,1088550,491,12,'2024-12-31 21:33:37',82,'2024-12-31 21:49:34',2,1,12);
/*!40000 ALTER TABLE `recorridos` ENABLE KEYS */;
UNLOCK TABLES;

--
-- Table structure for table `usuarios`
--

DROP TABLE IF EXISTS `usuarios`;
/*!40101 SET @saved_cs_client     = @@character_set_client */;
/*!50503 SET character_set_client = utf8mb4 */;
CREATE TABLE `usuarios` (
  `id_usuario` int NOT NULL,
  `id_genero` int NOT NULL,
  `edad_usuario` int NOT NULL,
  `fecha_alta` date NOT NULL,
  `hora_alta` time DEFAULT NULL,
  PRIMARY KEY (`id_usuario`),
  KEY `id_genero` (`id_genero`),
  CONSTRAINT `usuarios_ibfk_1` FOREIGN KEY (`id_genero`) REFERENCES `genero` (`id_genero`)
) ENGINE=InnoDB DEFAULT CHARSET=utf8mb4 COLLATE=utf8mb4_0900_ai_ci;
/*!40101 SET character_set_client = @saved_cs_client */;

--
-- Dumping data for table `usuarios`
--

LOCK TABLES `usuarios` WRITE;
/*!40000 ALTER TABLE `usuarios` DISABLE KEYS */;
INSERT INTO `usuarios` VALUES (4143,2,33,'2019-02-25','06:54:55'),(7404,1,45,'2019-02-26','11:30:08'),(10596,1,30,'2019-02-27','11:13:41'),(12767,2,31,'2019-02-27','20:55:28'),(18475,1,43,'2019-03-01','15:28:39'),(20794,1,29,'2019-03-02','16:35:30'),(24091,1,55,'2019-03-03','17:17:19'),(58450,1,27,'2019-03-12','18:10:41'),(64704,2,30,'2019-03-14','08:07:42'),(74516,2,27,'2019-03-16','14:11:59'),(89538,3,38,'2019-03-22','21:22:53'),(94456,2,60,'2019-03-25','11:17:44'),(114078,2,52,'2019-04-04','15:07:23'),(131240,2,39,'2019-04-16','10:43:17'),(140842,2,31,'2019-04-22','18:45:02'),(150470,3,37,'2019-05-01','20:07:34'),(156938,2,48,'2019-05-10','15:51:31'),(157730,2,22,'2019-05-11','11:49:05'),(162663,3,34,'2019-05-13','17:29:25'),(166754,2,46,'2019-05-15','14:48:04'),(202671,2,39,'2019-05-23','21:06:05'),(220681,1,53,'2019-05-26','18:24:42'),(226494,3,56,'2013-01-16','02:47:51'),(233259,1,29,'2019-05-28','14:37:37'),(254982,2,39,'2019-05-31','00:29:38'),(259881,3,26,'2019-05-31','21:48:40'),(263203,1,23,'2019-06-01','13:44:03'),(280113,2,26,'2019-06-03','18:40:01'),(282698,2,68,'2019-06-04','09:55:09'),(299264,2,30,'2019-06-06','22:17:08'),(303608,3,32,'2022-10-16','06:35:22'),(306187,1,40,'2019-06-08','09:33:16'),(317840,1,23,'2019-06-09','20:42:44'),(318881,1,40,'2019-06-10','07:41:18'),(326443,1,30,'2019-06-11','15:01:14'),(336651,2,44,'2019-06-13','20:54:04'),(352027,2,28,'2019-06-20','17:13:44'),(352898,3,24,'2009-02-17','07:18:14'),(353310,2,46,'2019-06-20','22:50:24'),(371018,3,48,'2019-06-26','18:34:14'),(415713,3,36,'2005-07-17','10:13:01'),(417515,2,35,'2019-07-22','16:47:25'),(504193,3,57,'2023-01-18','05:53:27'),(505717,2,37,'2019-09-12','15:33:33'),(512317,3,31,'2019-02-18','05:53:54'),(520039,3,43,'2019-09-21','09:55:09'),(553742,2,28,'2019-10-10','22:12:47'),(560833,1,39,'2019-10-16','12:17:52'),(564952,1,34,'2019-10-20','10:50:52'),(571134,3,27,'2030-06-18','05:56:05'),(581423,2,33,'2019-11-11','07:17:40'),(607520,2,33,'2019-12-02','11:27:59'),(615874,2,33,'2019-12-12','20:15:43'),(618128,2,29,'2019-12-15','22:17:23'),(631001,1,25,'2020-01-04','10:52:51'),(631240,3,41,'2020-01-04','14:12:02'),(634494,1,34,'2020-01-07','21:29:21'),(635717,1,58,'2020-01-09','15:52:51'),(646213,1,35,'2020-01-25','11:06:47'),(653260,1,58,'2020-02-11','10:57:19'),(666040,2,38,'2020-05-17','19:05:36'),(673248,2,31,'2020-07-25','15:00:49'),(675215,2,33,'2020-08-01','12:42:54'),(677472,3,50,'2020-08-05','18:41:16'),(679929,2,29,'2020-08-13','22:12:24'),(691149,2,24,'2020-09-06','17:17:51'),(694815,1,22,'2020-09-13','19:06:20'),(695691,1,42,'2020-09-16','17:08:00'),(696630,2,33,'2020-09-18','18:48:08'),(697099,2,24,'2020-09-19','14:42:24'),(703593,1,30,'2020-10-03','15:53:09'),(705928,2,39,'2020-10-09','12:58:03'),(706466,1,50,'2020-10-10','11:43:11'),(709019,1,23,'2020-10-13','13:18:21'),(723799,2,49,'2020-11-18','11:30:32'),(725842,3,23,'2020-11-22','22:31:54'),(729378,2,63,'2020-12-05','19:21:55'),(729522,1,46,'2020-12-06','11:15:51'),(730333,1,25,'2020-12-07','17:23:40'),(731582,1,33,'2020-12-11','20:26:34'),(742638,2,23,'2021-01-24','22:44:18'),(743093,1,21,'2021-01-27','01:31:18'),(747541,2,21,'2021-02-14','12:02:26'),(754303,1,20,'2021-03-04','11:08:08'),(754441,1,47,'2021-03-04','18:44:54'),(755905,1,45,'2021-03-08','14:05:22'),(757305,2,27,'2021-03-12','23:09:52'),(759704,2,39,'2021-03-19','09:40:39'),(760203,2,20,'2021-03-22','13:01:06'),(770318,1,28,'2021-05-19','14:00:32'),(775103,1,21,'2021-07-04','11:21:23'),(776019,2,35,'2021-07-09','16:43:41'),(783157,2,38,'2021-08-14','15:03:20'),(791509,2,24,'2021-09-13','16:17:40'),(792149,2,21,'2021-09-15','18:55:04'),(793568,2,37,'2021-09-20','06:08:47'),(801603,2,27,'2021-10-16','15:09:29'),(801666,2,21,'2021-10-16','16:23:26'),(805997,1,48,'2021-10-30','20:10:50'),(806107,2,23,'2021-10-31','00:11:19'),(808594,2,25,'2021-11-08','19:45:31'),(810016,2,59,'2021-11-13','17:01:05'),(810106,1,43,'2021-11-14','10:32:31'),(812219,2,62,'2021-11-21','09:29:27'),(818062,1,54,'2021-12-11','18:20:57'),(818316,1,30,'2021-12-12','19:55:41'),(819255,1,41,'2021-12-16','16:32:28'),(820699,2,44,'2021-12-22','09:05:53'),(826082,2,41,'2022-01-12','16:12:03'),(827524,1,31,'2022-01-20','13:02:40'),(831388,1,20,'2022-02-04','06:15:42'),(843828,1,35,'2022-03-17','09:56:35'),(846235,2,20,'2022-03-25','14:42:01'),(848657,2,39,'2022-04-02','14:31:33'),(851072,1,45,'2022-04-10','12:43:06'),(852901,2,31,'2022-04-15','13:35:17'),(852981,1,24,'2022-04-15','14:58:50'),(853638,2,56,'2022-04-16','18:14:39'),(858252,2,34,'2022-05-04','13:50:58'),(860672,1,30,'2022-05-13','23:50:32'),(862550,2,36,'2022-05-22','17:48:30'),(864392,2,28,'2022-06-03','18:22:20'),(864516,2,28,'2022-06-04','14:01:20'),(865885,2,26,'2022-06-12','15:28:55'),(867120,2,30,'2022-06-18','11:36:14'),(868098,2,39,'2022-06-21','09:42:32'),(868349,2,30,'2022-06-22','16:38:28'),(868525,1,34,'2022-06-23','21:37:06'),(871802,1,38,'2022-07-12','16:40:12'),(877812,2,20,'2022-08-03','16:09:25'),(878869,1,26,'2022-08-06','22:14:00'),(880658,1,20,'2022-08-12','16:38:44'),(887501,2,23,'2022-08-30','12:05:05'),(891522,1,25,'2022-09-10','16:48:48'),(898824,1,20,'2022-09-26','19:48:41'),(903289,1,25,'2022-10-07','15:04:42'),(906385,2,28,'2022-10-12','23:41:37'),(909915,1,28,'2022-10-22','18:57:13'),(912324,2,35,'2022-10-25','18:36:00'),(912583,2,43,'2022-10-26','13:24:29'),(914135,1,28,'2022-10-28','20:11:50'),(915590,2,27,'2022-10-31','19:08:34'),(923683,2,42,'2022-11-14','18:03:13'),(930118,2,27,'2022-12-04','12:03:50'),(938404,1,18,'2022-12-27','13:42:10'),(940541,1,27,'2023-01-02','20:31:17'),(944982,2,19,'2023-01-13','03:40:18'),(946252,2,26,'2023-01-16','08:19:45'),(946928,2,19,'2023-01-17','21:57:31'),(955829,2,27,'2023-02-10','21:27:27'),(959678,1,26,'2023-02-20','19:53:14'),(962542,2,54,'2023-02-27','20:38:07'),(965549,2,25,'2023-03-09','16:13:56'),(967944,1,25,'2023-03-17','19:17:58'),(969228,2,25,'2023-03-22','01:42:30'),(971045,2,23,'2023-03-26','18:54:21'),(972031,1,31,'2023-03-30','15:05:31'),(978385,2,22,'2023-04-18','11:17:49'),(978674,2,21,'2023-04-19','10:24:20'),(979114,1,25,'2023-04-20','18:36:46'),(979289,1,48,'2023-04-21','15:11:15'),(987008,2,34,'2023-05-17','00:33:40'),(989293,2,30,'2023-05-26','17:32:01'),(992511,2,50,'2023-06-05','19:02:43'),(993574,2,37,'2023-06-09','20:04:09'),(998429,1,55,'2023-06-27','19:41:57'),(998744,2,18,'2023-06-28','23:28:10'),(1002292,2,34,'2023-07-07','16:15:59'),(1004430,2,42,'2023-07-15','15:13:01'),(1005084,1,28,'2023-07-17','13:43:22'),(1011273,2,18,'2023-07-30','20:24:47'),(1011501,1,52,'2023-07-31','15:18:48'),(1016086,2,20,'2023-08-12','15:07:13'),(1020100,2,24,'2023-08-22','17:21:07'),(1021907,2,18,'2023-09-01','15:14:26'),(1025615,1,23,'2023-09-13','15:00:01'),(1029471,1,27,'2023-09-22','13:43:06'),(1029969,1,53,'2023-09-23','16:18:32'),(1031743,2,34,'2023-09-24','15:29:44'),(1032161,1,19,'2023-09-25','14:45:20'),(1032638,2,18,'2023-09-26','23:32:13'),(1032950,2,27,'2023-09-27','17:15:53'),(1035430,2,37,'2023-10-01','20:59:50'),(1038185,2,25,'2023-10-08','01:23:14'),(1040266,2,22,'2023-10-11','20:02:54'),(1040909,1,21,'2023-10-13','10:33:15'),(1043442,2,27,'2023-10-15','19:35:51'),(1044331,1,18,'2023-10-16','17:32:03'),(1045143,1,53,'2023-10-18','10:48:32'),(1045574,1,46,'2023-10-19','10:40:01'),(1050860,1,53,'2023-10-29','12:08:10'),(1051197,1,27,'2023-10-29','17:16:13'),(1051817,2,47,'2023-10-30','20:36:43'),(1053877,1,22,'2023-11-05','17:30:48'),(1054606,2,19,'2023-11-06','18:17:07'),(1054939,2,21,'2023-11-07','12:23:21'),(1055138,2,22,'2023-11-07','18:47:53'),(1056888,1,18,'2023-11-11','15:39:18'),(1056895,1,18,'2023-11-11','15:42:46'),(1056896,2,50,'2023-11-11','15:44:08'),(1057397,1,21,'2023-11-12','08:13:19'),(1058741,3,28,'2023-11-14','11:07:00'),(1059617,1,20,'2023-11-15','21:25:14'),(1065585,2,21,'2023-11-25','04:34:23'),(1067928,1,40,'2023-11-27','13:49:04'),(1069090,2,56,'2023-11-29','14:41:15'),(1069723,1,23,'2023-11-30','19:12:46'),(1071196,1,21,'2023-12-04','00:16:29'),(1072204,2,19,'2023-12-07','00:38:07'),(1076431,1,20,'2023-12-15','00:39:39'),(1079388,2,18,'2023-12-23','19:48:40'),(1080854,1,24,'2023-12-26','18:33:06'),(1082000,2,36,'2023-12-28','19:28:31'),(1082986,2,30,'2023-12-30','18:30:38'),(1083992,1,30,'2024-01-01','15:00:10'),(1084155,3,24,'2024-01-01','16:38:56'),(1086491,3,26,'2024-01-04','19:23:34'),(1088550,1,31,'2024-01-08','16:50:38'),(1088730,1,19,'2024-01-08','19:50:48'),(1089775,2,24,'2024-01-10','16:14:55'),(1090559,1,29,'2024-01-11','22:01:49'),(1090719,1,29,'2024-01-12','11:10:39'),(1091562,1,21,'2024-01-13','15:59:55'),(1092804,1,20,'2024-01-15','14:17:28'),(1093180,2,50,'2024-01-15','21:07:24'),(1094024,3,28,'2024-01-17','15:32:58'),(1094041,2,22,'2024-01-17','15:43:04'),(1095215,2,37,'2024-01-19','14:08:38'),(1096874,1,31,'2024-01-21','17:51:42'),(1096926,2,29,'2024-01-21','18:25:17'),(1097880,1,19,'2024-01-22','21:42:19'),(1097969,1,44,'2024-01-23','00:58:20'),(1100049,3,18,'2024-01-25','12:59:24'),(1100181,2,23,'2024-01-25','16:28:07'),(1103001,2,18,'2024-01-29','22:16:30'),(1103289,2,18,'2024-01-30','16:07:12'),(1104765,1,33,'2024-02-03','09:49:20'),(1105141,1,34,'2024-02-04','12:45:41'),(1105177,2,38,'2024-02-04','13:41:25'),(1105388,2,19,'2024-02-04','17:41:04'),(1106224,2,38,'2024-02-06','07:34:42'),(1106636,1,27,'2024-02-06','19:28:48'),(1107225,2,30,'2024-02-07','18:25:38'),(1109012,1,27,'2024-02-11','09:52:32'),(1111311,1,26,'2024-02-14','16:06:39'),(1112433,2,26,'2024-02-16','03:35:54'),(1112676,2,19,'2024-02-16','15:10:13'),(1113304,2,54,'2024-02-17','16:31:55'),(1113896,2,30,'2024-02-18','16:26:03'),(1114922,3,33,'2024-02-20','11:11:23'),(1115299,1,38,'2024-02-20','19:43:11'),(1116923,2,18,'2024-02-23','16:10:08'),(1117170,2,19,'2024-02-24','03:24:50'),(1117262,2,38,'2024-02-24','12:05:58'),(1117667,2,26,'2024-02-25','01:56:32'),(1118336,3,33,'2024-02-26','17:12:56'),(1119004,3,22,'2024-02-27','19:02:32'),(1120967,1,24,'2024-03-02','16:29:35'),(1121489,1,23,'2024-03-03','14:40:28'),(1121655,2,18,'2024-03-03','16:46:52'),(1121699,1,45,'2024-03-03','17:11:32'),(1121908,2,25,'2024-03-03','22:28:27'),(1121928,2,29,'2024-03-03','23:36:14'),(1122137,1,33,'2024-03-04','12:29:47'),(1122369,2,34,'2024-03-04','16:33:30'),(1123555,1,18,'2024-03-06','13:09:28'),(1124570,2,34,'2024-03-07','18:59:03'),(1124894,1,29,'2024-03-08','13:22:30'),(1125972,3,24,'2024-03-10','11:07:52'),(1125996,1,26,'2024-03-10','11:36:42'),(1126040,1,45,'2024-03-10','12:12:38'),(1126439,2,22,'2024-03-10','18:05:45'),(1129973,2,49,'2024-03-19','13:21:27'),(1130162,1,21,'2024-03-19','17:29:03'),(1131173,3,20,'2024-03-22','14:40:39'),(1131765,2,23,'2024-03-23','15:16:59'),(1133501,1,21,'2024-03-26','08:20:59'),(1133541,2,31,'2024-03-26','10:34:34'),(1133745,2,18,'2024-03-26','15:55:11'),(1134256,2,26,'2024-03-27','15:24:56'),(1134303,2,32,'2024-03-27','16:23:04'),(1135197,3,23,'2024-03-28','19:56:27'),(1135211,2,26,'2024-03-28','20:17:11'),(1135546,1,30,'2024-03-29','12:23:09'),(1135761,2,26,'2024-03-29','15:25:42'),(1135824,3,29,'2024-03-29','15:52:51'),(1136325,1,18,'2024-03-30','01:05:29'),(1137586,1,40,'2024-03-31','14:43:17'),(1137999,2,18,'2024-04-01','07:26:43'),(1138566,2,19,'2024-04-01','18:51:33'),(1138593,1,18,'2024-04-01','19:28:32'),(1140611,1,23,'2024-04-05','23:19:45'),(1141311,2,70,'2024-04-07','11:14:54'),(1141524,1,22,'2024-04-07','14:59:47'),(1141774,2,22,'2024-04-07','17:40:16'),(1141861,1,22,'2024-04-07','18:57:01'),(1142312,1,22,'2024-04-08','16:10:28'),(1143177,1,19,'2024-04-10','13:34:34'),(1143797,2,18,'2024-04-11','10:26:33'),(1144493,2,34,'2024-04-12','10:44:21'),(1145173,2,49,'2024-04-15','16:37:43'),(1145659,2,18,'2024-04-17','13:52:03'),(1145701,3,57,'2024-04-17','15:17:29'),(1145773,1,33,'2024-04-17','17:13:21'),(1146557,1,31,'2024-04-19','14:18:37'),(1147672,1,24,'2024-04-21','16:46:39'),(1147995,1,54,'2024-04-22','18:21:39'),(1148617,2,23,'2024-04-24','09:22:22'),(1148824,2,23,'2024-04-24','16:41:06'),(1149845,2,40,'2024-04-28','13:06:20'),(1150893,1,50,'2024-05-01','11:56:31'),(1152266,2,19,'2024-05-04','20:05:54'),(1153830,1,52,'2024-05-08','23:57:29'),(1155507,2,23,'2024-05-11','00:08:58'),(1156102,1,22,'2024-05-13','15:22:48'),(1156636,1,36,'2024-05-15','12:37:16'),(1156710,2,24,'2024-05-15','15:16:30'),(1157254,3,38,'2024-05-17','11:45:56'),(1157458,2,19,'2024-05-17','21:48:13'),(1158497,2,29,'2024-05-21','07:10:26'),(1158533,2,26,'2024-05-21','10:23:30'),(1159053,1,57,'2024-05-22','17:10:48'),(1160409,2,28,'2024-05-28','17:10:29'),(1161152,2,25,'2024-05-30','23:48:03'),(1161307,2,18,'2024-05-31','14:13:37'),(1161798,1,18,'2024-06-01','17:48:07'),(1162504,1,22,'2024-06-04','14:23:16'),(1162656,2,19,'2024-06-04','23:55:44'),(1166525,2,26,'2024-06-14','17:58:55'),(1166625,2,24,'2024-06-15','04:03:04'),(1166820,1,24,'2024-06-15','14:39:39'),(1167515,2,39,'2024-06-17','12:04:42'),(1167694,1,20,'2024-06-17','15:18:19'),(1168860,1,29,'2024-06-20','09:54:21'),(1169012,1,24,'2024-06-20','13:11:26'),(1170132,1,20,'2024-06-23','11:11:14'),(1170197,1,20,'2024-06-23','12:35:53'),(1170588,2,35,'2024-06-24','08:25:38'),(1171135,3,28,'2024-06-26','09:58:04'),(1172219,2,28,'2024-06-30','12:11:19'),(1175052,2,23,'2024-07-09','12:42:36'),(1175274,2,25,'2024-07-09','18:17:24'),(1175559,2,18,'2024-07-10','21:05:00'),(1175815,2,18,'2024-07-11','17:08:16'),(1175962,2,35,'2024-07-12','09:23:01'),(1176341,2,19,'2024-07-13','04:30:20'),(1176406,2,59,'2024-07-13','12:22:28'),(1177016,1,20,'2024-07-14','16:06:29'),(1177142,2,29,'2024-07-15','01:30:38'),(1177674,2,18,'2024-07-15','18:26:37'),(1178114,1,53,'2024-07-16','15:20:49'),(1178463,2,18,'2024-07-17','09:32:36'),(1178919,2,20,'2024-07-17','17:08:31'),(1179249,2,41,'2024-07-18','11:37:43'),(1179924,2,21,'2024-07-18','19:00:36'),(1180130,1,35,'2024-07-19','11:04:35'),(1180765,1,23,'2024-07-21','12:01:46'),(1180960,2,19,'2024-07-21','17:55:31'),(1182282,2,21,'2024-07-24','17:49:57'),(1182421,2,79,'2024-07-25','07:56:56'),(1182634,1,24,'2024-07-25','14:49:31'),(1183133,2,36,'2024-07-26','11:10:49'),(1183302,1,29,'2024-07-26','14:51:39'),(1183567,1,18,'2024-07-26','18:34:47'),(1184515,2,20,'2024-07-28','14:28:52'),(1185150,2,48,'2024-07-30','10:29:10'),(1185809,2,22,'2024-07-31','23:18:16'),(1186108,2,29,'2024-08-01','16:40:19'),(1186368,2,27,'2024-08-02','10:32:34'),(1186767,1,21,'2024-08-02','17:51:14'),(1189286,2,27,'2024-08-09','07:44:58'),(1189592,1,20,'2024-08-09','16:51:27'),(1189890,1,38,'2024-08-10','13:50:19'),(1190367,1,21,'2024-08-11','11:47:46'),(1190622,2,20,'2024-08-11','16:02:50'),(1191231,2,18,'2024-08-13','00:23:19'),(1191334,2,37,'2024-08-13','12:09:49'),(1192107,1,22,'2024-08-14','17:20:07'),(1192145,1,22,'2024-08-14','17:59:23'),(1192846,2,21,'2024-08-15','21:06:39'),(1192899,2,22,'2024-08-16','00:18:05'),(1192987,1,23,'2024-08-16','11:05:47'),(1193347,1,28,'2024-08-17','00:16:26'),(1194029,2,21,'2024-08-18','15:37:23'),(1194112,1,18,'2024-08-18','17:57:55'),(1194977,2,18,'2024-08-21','17:30:54'),(1195118,2,48,'2024-08-22','11:44:05'),(1195205,2,21,'2024-08-22','16:01:04'),(1198916,2,24,'2024-09-01','15:57:05'),(1199519,1,42,'2024-09-02','19:48:44'),(1200813,2,19,'2024-09-05','01:31:47'),(1201699,2,39,'2024-09-06','16:11:37'),(1201891,2,38,'2024-09-06','20:17:28'),(1202174,2,36,'2024-09-07','13:13:43'),(1202369,1,23,'2024-09-07','15:31:31'),(1203744,1,38,'2024-09-08','18:31:14'),(1204045,2,18,'2024-09-09','12:35:40'),(1204181,1,24,'2024-09-09','15:36:46'),(1204280,2,41,'2024-09-09','18:15:02'),(1204374,1,22,'2024-09-09','21:53:25'),(1204548,3,25,'2024-09-10','13:19:39'),(1204689,2,29,'2024-09-10','17:38:03'),(1204751,2,29,'2024-09-10','20:06:00'),(1205172,1,47,'2024-09-11','17:12:01'),(1205642,2,21,'2024-09-12','14:58:08'),(1206054,1,34,'2024-09-13','10:30:05'),(1207022,1,36,'2024-09-14','15:01:35'),(1207082,2,25,'2024-09-14','15:34:33'),(1207301,1,30,'2024-09-14','18:06:46'),(1208068,1,25,'2024-09-15','16:07:06'),(1208155,2,37,'2024-09-15','16:49:08'),(1209509,1,18,'2024-09-17','12:10:23'),(1210467,2,37,'2024-09-18','19:17:15'),(1211333,2,20,'2024-09-20','14:40:55'),(1212273,2,23,'2024-09-21','15:54:32'),(1212713,2,23,'2024-09-22','03:15:05'),(1213514,2,47,'2024-09-23','09:06:12'),(1213802,2,35,'2024-09-23','15:39:40'),(1214631,2,31,'2024-09-24','18:11:50'),(1215114,2,58,'2024-09-25','17:16:46'),(1215672,2,20,'2024-09-26','16:13:04'),(1216189,1,25,'2024-09-27','13:30:02'),(1216445,2,37,'2024-09-27','17:58:57'),(1217491,2,18,'2024-09-28','20:51:34'),(1217993,1,42,'2024-09-29','13:46:22'),(1218632,1,32,'2024-09-29','19:11:09'),(1219333,2,24,'2024-09-30','21:48:40'),(1219790,1,35,'2024-10-01','17:16:24'),(1220154,2,39,'2024-10-02','11:23:42'),(1221324,1,18,'2024-10-03','23:42:45'),(1222370,1,18,'2024-10-05','13:44:43'),(1222438,2,22,'2024-10-05','14:31:30'),(1223656,3,23,'2024-10-06','16:12:54'),(1224204,2,22,'2024-10-07','13:54:52'),(1225080,1,18,'2024-10-08','22:30:55'),(1225912,2,48,'2024-10-10','12:24:27'),(1227091,1,29,'2024-10-11','15:56:07'),(1227383,2,31,'2024-10-11','18:05:36'),(1228256,2,62,'2024-10-12','15:57:09'),(1228664,1,19,'2024-10-12','20:59:33'),(1228825,3,23,'2024-10-13','10:13:33'),(1229893,2,48,'2024-10-15','10:31:33'),(1229960,3,37,'2024-10-15','12:24:24'),(1230218,1,31,'2024-10-15','17:27:17'),(1230347,1,22,'2024-10-15','20:10:04'),(1230443,2,18,'2024-10-16','00:10:36'),(1230699,1,25,'2024-10-16','13:39:16'),(1231836,2,39,'2024-10-18','07:30:55'),(1232356,1,25,'2024-10-18','20:28:55'),(1233003,2,55,'2024-10-19','17:26:16'),(1234143,1,34,'2024-10-21','11:18:33'),(1236221,2,18,'2024-10-25','18:41:20'),(1236773,2,18,'2024-10-26','16:48:50'),(1237088,2,23,'2024-10-27','00:49:50'),(1238755,2,21,'2024-10-28','18:29:17'),(1239788,2,30,'2024-10-30','02:32:37'),(1241321,2,21,'2024-10-31','23:03:35'),(1241857,3,28,'2024-11-01','20:06:53'),(1242053,1,55,'2024-11-02','10:38:09'),(1244292,2,20,'2024-11-06','00:37:57'),(1244817,2,21,'2024-11-06','19:33:39'),(1245532,1,20,'2024-11-07','22:03:44'),(1245672,1,26,'2024-11-08','10:36:15'),(1245681,1,18,'2024-11-08','10:48:01'),(1245724,1,29,'2024-11-08','11:35:13'),(1246730,1,42,'2024-11-09','15:01:57'),(1247228,1,22,'2024-11-09','19:19:59'),(1248320,1,49,'2024-11-10','01:19:45'),(1250554,1,22,'2024-11-13','11:38:50'),(1251422,1,44,'2024-11-14','17:14:28'),(1252004,2,22,'2024-11-15','16:05:31'),(1252050,2,31,'2024-11-15','17:02:41'),(1253292,2,18,'2024-11-17','22:02:40'),(1253841,1,28,'2024-11-18','15:07:28'),(1258298,2,26,'2024-11-25','13:42:24'),(1258640,3,45,'2024-11-25','20:47:02'),(1259122,1,18,'2024-11-26','19:50:15'),(1260339,1,55,'2024-11-29','00:56:52'),(1260349,2,18,'2024-11-29','01:44:35'),(1261480,2,23,'2024-11-30','17:20:54'),(1261496,2,37,'2024-11-30','17:40:19'),(1261827,1,60,'2024-12-01','17:20:28'),(1263995,2,43,'2024-12-05','10:50:58'),(1265321,2,23,'2024-12-07','16:11:35'),(1265404,2,42,'2024-12-07','17:09:21'),(1265950,1,21,'2024-12-08','14:09:11'),(1266227,2,43,'2024-12-08','17:16:58'),(1268173,1,19,'2024-12-11','21:15:42'),(1268892,2,21,'2024-12-13','14:19:36'),(1269921,2,23,'2024-12-15','05:47:38'),(1270483,1,30,'2024-12-15','18:35:16'),(1271474,1,27,'2024-12-17','12:45:42'),(1273921,1,18,'2024-12-21','16:51:45'),(1276606,2,32,'2024-12-26','14:46:35'),(1277157,1,21,'2024-12-27','10:15:36'),(1277426,1,19,'2024-12-27','15:52:07'),(1278362,3,28,'2024-12-28','19:27:20'),(1278846,2,21,'2024-12-29','15:20:12'),(1279422,3,32,'2024-12-30','09:32:31'),(1279915,1,46,'2024-12-30','19:06:01'),(2000006,2,32,'2025-09-17','15:46:44');
/*!40000 ALTER TABLE `usuarios` ENABLE KEYS */;
UNLOCK TABLES;

--
-- Dumping routines for database 'ecobici'
--
/*!50003 DROP FUNCTION IF EXISTS `fn_calif_barrio` */;
/*!50003 SET @saved_cs_client      = @@character_set_client */ ;
/*!50003 SET @saved_cs_results     = @@character_set_results */ ;
/*!50003 SET @saved_col_connection = @@collation_connection */ ;
/*!50003 SET character_set_client  = utf8mb4 */ ;
/*!50003 SET character_set_results = utf8mb4 */ ;
/*!50003 SET collation_connection  = utf8mb4_0900_ai_ci */ ;
/*!50003 SET @saved_sql_mode       = @@sql_mode */ ;
/*!50003 SET sql_mode              = 'ONLY_FULL_GROUP_BY,STRICT_TRANS_TABLES,NO_ZERO_IN_DATE,NO_ZERO_DATE,ERROR_FOR_DIVISION_BY_ZERO,NO_ENGINE_SUBSTITUTION' */ ;
DELIMITER ;;
CREATE DEFINER=`root`@`localhost` FUNCTION `fn_calif_barrio`(f_id_barrio INT) RETURNS decimal(10,2)
    DETERMINISTIC
BEGIN
  DECLARE promedio DECIMAL(10,2);
  SELECT IFNULL(AVG(r.calificacion), 0)
  INTO promedio
  FROM recorridos r
  INNER JOIN estaciones e ON r.id_estacion_orig = e.id_estacion
  INNER JOIN barrio b ON e.id_barrio = b.id_barrio
  WHERE b.id_barrio = f_id_barrio;
  RETURN promedio;
END ;;
DELIMITER ;
/*!50003 SET sql_mode              = @saved_sql_mode */ ;
/*!50003 SET character_set_client  = @saved_cs_client */ ;
/*!50003 SET character_set_results = @saved_cs_results */ ;
/*!50003 SET collation_connection  = @saved_col_connection */ ;
/*!50003 DROP FUNCTION IF EXISTS `fn_dif_tiempo_minutos` */;
/*!50003 SET @saved_cs_client      = @@character_set_client */ ;
/*!50003 SET @saved_cs_results     = @@character_set_results */ ;
/*!50003 SET @saved_col_connection = @@collation_connection */ ;
/*!50003 SET character_set_client  = utf8mb4 */ ;
/*!50003 SET character_set_results = utf8mb4 */ ;
/*!50003 SET collation_connection  = utf8mb4_0900_ai_ci */ ;
/*!50003 SET @saved_sql_mode       = @@sql_mode */ ;
/*!50003 SET sql_mode              = 'ONLY_FULL_GROUP_BY,STRICT_TRANS_TABLES,NO_ZERO_IN_DATE,NO_ZERO_DATE,ERROR_FOR_DIVISION_BY_ZERO,NO_ENGINE_SUBSTITUTION' */ ;
DELIMITER ;;
CREATE DEFINER=`root`@`localhost` FUNCTION `fn_dif_tiempo_minutos`(fecha_origen DATETIME, fecha_dest DATETIME) RETURNS int
    DETERMINISTIC
BEGIN
    RETURN TIMESTAMPDIFF(MINUTE, fecha_origen, fecha_dest);
END ;;
DELIMITER ;
/*!50003 SET sql_mode              = @saved_sql_mode */ ;
/*!50003 SET character_set_client  = @saved_cs_client */ ;
/*!50003 SET character_set_results = @saved_cs_results */ ;
/*!50003 SET collation_connection  = @saved_col_connection */ ;
/*!50003 DROP PROCEDURE IF EXISTS `estaciones_por_barrio` */;
/*!50003 SET @saved_cs_client      = @@character_set_client */ ;
/*!50003 SET @saved_cs_results     = @@character_set_results */ ;
/*!50003 SET @saved_col_connection = @@collation_connection */ ;
/*!50003 SET character_set_client  = utf8mb4 */ ;
/*!50003 SET character_set_results = utf8mb4 */ ;
/*!50003 SET collation_connection  = utf8mb4_0900_ai_ci */ ;
/*!50003 SET @saved_sql_mode       = @@sql_mode */ ;
/*!50003 SET sql_mode              = 'ONLY_FULL_GROUP_BY,STRICT_TRANS_TABLES,NO_ZERO_IN_DATE,NO_ZERO_DATE,ERROR_FOR_DIVISION_BY_ZERO,NO_ENGINE_SUBSTITUTION' */ ;
DELIMITER ;;
CREATE DEFINER=`root`@`localhost` PROCEDURE `estaciones_por_barrio`(IN p_id_barrio INT)
BEGIN
    SELECT 
		b.nombre_barrio AS barrio,
        c.nombre_comuna AS comuna,
        e.nombre AS estacion,
        e.direccion
    FROM estaciones e
    INNER JOIN barrio b ON e.id_barrio = b.id_barrio
    INNER JOIN comuna c ON b.id_comuna = c.id_comuna
    WHERE b.id_barrio = p_id_barrio
    ORDER BY e.nombre;
END ;;
DELIMITER ;
/*!50003 SET sql_mode              = @saved_sql_mode */ ;
/*!50003 SET character_set_client  = @saved_cs_client */ ;
/*!50003 SET character_set_results = @saved_cs_results */ ;
/*!50003 SET collation_connection  = @saved_col_connection */ ;
/*!50003 DROP PROCEDURE IF EXISTS `recorridos_usuario` */;
/*!50003 SET @saved_cs_client      = @@character_set_client */ ;
/*!50003 SET @saved_cs_results     = @@character_set_results */ ;
/*!50003 SET @saved_col_connection = @@collation_connection */ ;
/*!50003 SET character_set_client  = utf8mb4 */ ;
/*!50003 SET character_set_results = utf8mb4 */ ;
/*!50003 SET collation_connection  = utf8mb4_0900_ai_ci */ ;
/*!50003 SET @saved_sql_mode       = @@sql_mode */ ;
/*!50003 SET sql_mode              = 'ONLY_FULL_GROUP_BY,STRICT_TRANS_TABLES,NO_ZERO_IN_DATE,NO_ZERO_DATE,ERROR_FOR_DIVISION_BY_ZERO,NO_ENGINE_SUBSTITUTION' */ ;
DELIMITER ;;
CREATE DEFINER=`root`@`localhost` PROCEDURE `recorridos_usuario`(IN p_id_usuario INT)
BEGIN
    SELECT 
		u.id_usuario AS usuario,
        g.genero_usuario AS genero,
        u.edad_usuario AS edad,
        r.fecha_origen AS fecha,
        e.nombre AS estacion,
        b.nombre_barrio AS barrio,
        c.nombre_comuna AS comuna,
        e.direccion,
        r.calificacion
    FROM recorridos r
    INNER JOIN usuarios u ON r.id_usuario = u.id_usuario
    INNER JOIN genero g ON u.id_genero = g.id_genero
    INNER JOIN estaciones e ON r.id_estacion_orig = e.id_estacion
    INNER JOIN barrio b ON e.id_barrio = b.id_barrio
    INNER JOIN comuna c ON b.id_comuna = c.id_comuna
    WHERE u.id_usuario = p_id_usuario
    ORDER BY r.fecha_origen;
END ;;
DELIMITER ;
/*!50003 SET sql_mode              = @saved_sql_mode */ ;
/*!50003 SET character_set_client  = @saved_cs_client */ ;
/*!50003 SET character_set_results = @saved_cs_results */ ;
/*!50003 SET collation_connection  = @saved_col_connection */ ;
/*!40103 SET TIME_ZONE=@OLD_TIME_ZONE */;

/*!40101 SET SQL_MODE=@OLD_SQL_MODE */;
/*!40014 SET FOREIGN_KEY_CHECKS=@OLD_FOREIGN_KEY_CHECKS */;
/*!40014 SET UNIQUE_CHECKS=@OLD_UNIQUE_CHECKS */;
/*!40101 SET CHARACTER_SET_CLIENT=@OLD_CHARACTER_SET_CLIENT */;
/*!40101 SET CHARACTER_SET_RESULTS=@OLD_CHARACTER_SET_RESULTS */;
/*!40101 SET COLLATION_CONNECTION=@OLD_COLLATION_CONNECTION */;
/*!40111 SET SQL_NOTES=@OLD_SQL_NOTES */;

-- Dump completed on 2025-09-20 10:04:43
