-- Se genera la base de datos

CREATE DATABASE IF NOT EXISTS ecobici;

DROP database ecobici;

USE ecobici;
 
-- Tabla género:

CREATE TABLE IF NOT EXISTS genero(
id_genero INT PRIMARY KEY NOT NULL,
genero_usuario VARCHAR (10));

-- Se completan los registros:

INSERT INTO genero(id_genero,genero_usuario) VALUES
	(1,"femenino"),
    (2,"masculino"),
    (3,"otros");

-- Se genera la variable USUARIOS (las tablas se van a importar desde el csv descargado de la página de GCBA procesadas en R):

CREATE TABLE IF NOT EXISTS usuarios(
id_usuario INT PRIMARY KEY NOT NULL,
id_genero INT  NOT NULL,
        FOREIGN KEY (id_genero)
        REFERENCES genero(id_genero),
edad_usuario INT NOT NULL,
fecha_alta DATE NOT NULL,
hora_alta TIME); 


-- Acá cargar la base de usuarios desde el panel

/*

LOAD DATA INFILE 'C:\Users\mcipponeri\Desktop\mariano\guithub\proyecto_coderh_mcipponeri\insumos\bases_finales\usuarios_sample.csv'
INTO TABLE usuarios
FIELDS TERMINATED BY ',' 
ENCLOSED BY '"'
LINES TERMINATED BY '\n'
IGNORE 1 ROWS;

SET GLOBAL local_infile = 1;

-- SHOW VARIABLES LIKE 'local_infile';usuarios

-- SHOW GLOBAL VARIABLES LIKE 'local_infile';

*/

SELECT * FROM usuarios;


-- COMUNA:

CREATE TABLE IF NOT EXISTS comuna(
id_comuna INT PRIMARY KEY NOT NULL,
nombre_comuna VARCHAR (10) NOT NULL);

-- Se cargan registros en la tabla comuna:

INSERT INTO comuna(id_comuna,nombre_comuna) VALUES
	(1,"Comuna 1"),
    (2,"Comuna 2"),
    (3,"Comuna 3"),
    (4,"Comuna 4"),
    (5,"Comuna 5"),
    (6,"Comuna 6"),
    (7,"Comuna 7"),
    (8,"Comuna 8"),
    (9,"Comuna 9"),
    (10,"Comuna 10"),
    (11,"Comuna 11"),
    (12,"Comuna 12"),
    (13,"Comuna 13"),
    (14,"Comuna 14"),
    (15,"Comuna 15");

-- BARRIO

CREATE TABLE IF NOT EXISTS barrio(
id_barrio INT PRIMARY KEY NOT NULL,
nombre_barrio VARCHAR (40)  NOT NULL,
id_comuna INT NOT NULL,
        FOREIGN KEY (id_comuna)
        REFERENCES comuna(id_comuna),
poblacion INT NOT NULL,
poblacion_fem INT NOT NULL,
poblacion_masc INT NOT NULL
);

-- Se generan los registros de la tabla barrio:


INSERT INTO barrio (id_barrio, nombre_barrio, id_comuna, poblacion,
 poblacion_fem, poblacion_masc) VALUES
(1,'Agronomia',15,13963,7493,6470),
(2,'Almagro',5,128206,71821,56385),
(3,'Balvanera',3,137521,76332,61189),
(4,'Barracas',4,73377,39030,34347),
(5,'Belgrano',13,126816,70731,56085),
(6,'Boedo',5,45563,24556,21007),
(7,'Caballito',6,170309,95110,75199),
(8,'Chacarita',15,25778,13763,12015),
(9,'Coghlan',12,18021,9788,8233),
(10,'Colegiales',13,52391,29412,22979),
(11,'Constitucion',1,41894,22885,19009),
(12,'Flores',7,142695,77593,65102),
(13,'Floresta',10,37247,20341,16906),
(14,'Boca',4,43413,23007,20406),
(15,'Paternal',15,19058,10123,8935),
(16,'Liniers',9,42083,22949,19134),
(17,'Mataderos',9,62206,33472,28734),
(18,'Monserrat',1,39175,21270,17905),
(19,'Monte Castro',10,32782,17602,15180),
(20,'Nueva Pompeya',4,60465,31547,28918),
(21,'Nuñez',13,49019,26830,22189),
(22,'Palermo',14,225245,126030,99215),
(23,'Parque Avellaneda',9,51678,27462,24216),
(24,'Parque Chacabuco',7,54638,29426,25212),
(25,'Parque Chas',15,18926,10142,8784),
(26,'Parque Patricios',4,37791,20535,17256),
(27,'Puerto Madero',1,406,185,221),
(28,'Recoleta',2,165494,95391,70103),
(29,'Retiro',1,38635,21484,17151),
(30,'Saavedra',12,48956,26380,22576),
(31,'San Cristobal',3,46494,25622,20872),
(32,'San Nicolas',1,28667,15450,13217),
(33,'San Telmo',1,23198,12470,10728),
(34,'Velez Sarsfield',10,34084,18580,15504),
(35,'Versalles',10,13556,7249,6307),
(36,'Villa Crespo',15,83646,45614,38032),
(37,'Villa Del Parque',11,55502,30326,25176),
(38,'Villa Devoto',11,67712,35681,32031),
(39,'Villa Gral. Mitre',11,34204,18519,15685),
(40,'Villa Lugano',8,108170,56666,51504),
(41,'Villa Luro',10,31859,17070,14789),
(42,'Villa Ortuzar',15,21256,11573,9683),
(43,'Villa Pueyrredon',12,38558,20806,17752),
(44,'Villa Real',10,13681,7313,6368),
(45,'Villa Riachuelo',8,13995,7525,6470),
(46,'Villa Santa Rita',11,32248,17469,14779),
(47,'Villa Soldati',8,39477,20374,19103),
(48,'Villa Urquiza',12,85587,46498,39089);




-- Se genera la tabla estaciones de ecobici (se genera en R, se van a importar los registros en el csv a futuro)

CREATE TABLE IF NOT EXISTS estaciones(
id_estacion INT PRIMARY KEY NOT NULL,
nombre VARCHAR (40)  NOT NULL,
direccion VARCHAR (60)  NOT NULL,
id_barrio INT NOT NULL,
        FOREIGN KEY (id_barrio)
        REFERENCES barrio(id_barrio),
latitud DECIMAL(9,6),
longitud DECIMAL(9,6));


-- Se generan los registros de estaciones:

INSERT INTO estaciones (id_estacion, nombre, direccion,
 id_barrio,latitud,longitud) VALUES 
 (2,'RETIRO I','AV. Dr. José María Ramos Mejía 1300',29,-34.592424,-58.37471),
(3,'ADUANA','Av. Paseo Colón 380',18,-34.612207,-58.369129),
(4,'PLAZA ROMA','Av. Corrientes 100',32,-34.603008,-58.368856),
(5,'PLAZA ITALIA','Av. Sarmiento 2601',22,-34.58055,-58.420954),
(6,'PARQUE LEZAMA','Avenida Martin Garcia, 295',33,-34.628526,-58.369758),
(7,'OBELISCO','CARLOS PELEGRINI 215',32,-34.606498,-58.381098),
(8,'CONGRESO','Cevallos, Virrey& Yrigoyen, Hipolito Av.',18,-34.609422,-58.389336),
(9,'PARQUE LAS HERAS','2300 Diaz, Cnel. Av. & French',22,-34.585443,-58.407741),
(12,'PLAZA VICENTE LOPEZ','Parana & Juncal',28,-34.59271,-58.388807),
(13,'ONCE','Av. Pueyrredon & Av. Rivadavia',3,-34.61009,-58.406),
(14,'PACIFICO','Santa Fe Av. & Bullrich, Int. Av.',22,-34.577424,-58.426387),
(17,'PLAZA ALMAGRO','441 Bulnes & Peron, Juan Domingo, Tte. General',2,-34.60641,-58.418731),
(21,'PARQUE PATRICIOS','Iguazu & Uspallata',26,-34.640111,-58.406432),
(22,'ARENALES','Cerrito & Arenales',29,-34.593863,-58.38255),
(24,'ALSINA','Adolfo Alsina& Bernardo De Irigoyen',18,-34.610583,-58.380894),
(25,'PLAZA GUEMES','Salguero, Jeronimo & Mansilla, Lucio Norberto, General',22,-34.589427,-58.416118),
(26,'JUANA MANSO I','Manso Juana & De La Barra, Emma',27,-34.600752,-58.363872),
(27,'MONTEVIDEO','Cordoba Av. & Montevideo',28,-34.599068,-58.390089),
(29,'PARQUE CENTENARIO','Av. Patricias Argentinas & Estivao',7,-34.607941,-58.433557),
(30,'PEÑA','Peña & Azcuenaga',28,-34.590821,-58.39737),
(32,'CATEDRAL','Bartolomé Mitre & San Martín',32,-34.606745,-58.373656),
(33,'FACULTAD DE MEDICINA','Pres. José Evaristo Uriburu 987',28,-34.597091,-58.398981),
(35,'INGENIERO BUTTY','Ing. E. Butty 291',29,-34.596425,-58.371847),
(36,'MAIPÚ','Tucumán 536',32,-34.60106,-58.374535),
(38,'PLAZA LIBERTAD','Cerrito 990 y Av. Marcelo T. De Alvear',29,-34.59705,-58.38284),
(41,'PARQUE PATRICIOS II','Av Caseros 3015',26,-34.637123,-58.405888),
(43,'CENTRO DE EXPOSICIONES','2133 Figueroa Alcorta',28,-34.584018,-58.389921),
(44,'ECOPARQUE','Av. Del Libertador, 3260',22,-34.575515,-58.413883),
(45,'URUGUAY','561 Uruguay & Av. Tucuman',32,-34.601864,-58.386693),
(46,'CHILE','Perú 718',33,-34.616373,-58.37437),
(48,'COLONIA EXPRESS','Elvira Rawson de Dellepiane 150',27,-34.62364,-58.363245),
(49,'33 ORIENTALES','Constitución 4288',6,-34.629176,-58.42482),
(50,'HOSPITAL RIVADAVIA','2516 Pereyra Lucena',22,-34.583735,-58.40108),
(54,'ACUÑA DE FIGUEROA','Lavalle 4015',2,-34.59821,-58.422069),
(56,'PLAZA PALERMO VIEJO','Costa Rica & Armenia',22,-34.588567,-58.425999),
(57,'BELGRANO','Balcarce 482',18,-34.61325,-58.370645),
(58,'MINISTRO CARRANZA','Santa Fe Av. & Dorrego',22,-34.575277,-58.434688),
(59,'INDEPENDENCIA','Idependencia y Bernardo de Irigoyen',11,-34.617654,-58.380565),
(60,'25 DE MAYO','527 25 De Mayo',32,-34.601651,-58.371079),
(61,'BENITO JUAREZ',' Benito Juarez 2231',19,-34.618927,-58.505177),
(63,'RECONQUISTA','Viamonte 555',32,-34.599778,-58.374687),
(64,'RIOBAMBA','Riobamba 1264 & Juncal',28,-34.593651,-58.394109),
(65,'JULIÁN ÁLVAREZ','3822 Guemes',22,-34.587312,-58.415787),
(66,'BILLINGHURST','3508 Carcova',28,-34.594547,-58.413871),
(68,'PARQUE SAAVEDRA','García del Río 3590',30,-34.552148,-58.480464),
(69,'ECUADOR','1226 Ecuador & Mansilla, Lucio Norberto, General',28,-34.596101,-58.404609),
(70,'ARAOZ','1413 Araoz & Gorriti CABA',22,-34.592686,-58.42606),
(71,'CERRITO','Libertad & lavalle',32,-34.602667,-58.383356),
(73,'RUY DÍAZ DE GUZMÁN','Avenida Martin Garcia y Ruy Díaz de Guzmán',4,-34.630681,-58.371824),
(74,'INSTITUTO LELOIR','Juana De Ibarbourou & Av Patricias Argentinas',7,-34.60439,-58.43454),
(75,'PLAZA PRIMERO DE MAYO','238 Pichincha',3,-34.612298,-58.398987),
(76,'AYACUCHO','Ayacucho &Peron, Juan Domingo, Tte. General',3,-34.607408,-58.395055),
(77,'ESTACION PUEYRREDON','Bolivia 5071',43,-34.581135,-58.501487),
(79,'AZUCENA VILLAFLOR','Villaflor, Azucena & Dealessi, Pierina',27,-34.61189,-58.36393),
(80,'VALLE','Valle 486',7,-34.624581,-58.434123),
(82,'HOSPITAL ITALIANO','394 Rawson & Potosi',2,-34.607892,-58.426395),
(83,'PARANÁ','1590 Lavalle',32,-34.603269,-58.389373),
(85,'AGUERO','Aguero & Mansilla, Lucio Norberto, General',28,-34.594806,-58.409178),
(86,'SAAVEDRA','1019 Saavedra',31,-34.621268,-58.401681),
(87,'GUAYAQUIL','Guayaquil & Doblas',7,-34.619845,-58.431494),
(89,'CABELLO','3082 Cabello',22,-34.582547,-58.405667),
(91,'PASCO','708 Pasco & Chile',3,-34.617448,-58.397602),
(92,'SALCEDO','2908 Salcedo & Dean Funes',26,-34.631644,-58.405339),
(93,'CARLOS CALVO','Sarandi 1010',31,-34.620798,-58.394464),
(94,'GÚZMAN','Av Guzman 129 & Leiva',8,-34.591511,-58.449652),
(95,'ESMERALDA','Av. Antártida Argentina & Cecilia Grierson',29,-34.595653,-58.369162),
(96,'CARLOS GARDEL','3302 Guardia Vieja & Aguero',3,-34.602781,-58.411659),
(98,'CLAUDIA PÍA BAUDRACCO','Esmeralda y Rivadavia',32,-34.608164,-58.3779),
(99,'MALABIA','780 Malabia & Loyola',36,-34.596096,-58.435408),
(101,'FITZ ROY','Fitz Roy  1092 & Loyola',8,-34.589186,-58.44244),
(102,'ROSETI','ROSETI 390',8,-34.585121,-58.449299),
(104,'FEDERICO LACROZE','Av. Guzman 1100 & Av. Corrientes',8,-34.587617,-58.455212),
(107,'HOSPITAL GARRAHAN','Brasil 2290',26,-34.630377,-58.395844),
(111,'MACACHA GUEMES','Macacha Guemes 350',5,-34.605488,-58.364686),
(112,'9 DE JULIO','Bernardo Irigoyen 320',18,-34.612075,-58.380384),
(114,'TORRE MACRO',' Av. Eduardo Madero 1180',29,-34.593989,-58.371424),
(116,'HOSPITAL ALEMÁN',' Juncal 2407',28,-34.591472,-58.401282),
(117,'HUMBERTO 1°','Av. Carlos Calvo 513',33,-34.619553,-58.373159),
(118,'MEXICO','Saavedra & Mexico',3,-34.61702,-58.402653),
(120,'HOSPITAL RAMOS MEJIA','3084 Agrelo',3,-34.617509,-58.409288),
(121,'YATAY','925 Yatay& Humahuaca',2,-34.601173,-58.428509),
(122,'COSTA RICA','COSTA RICA 4060',22,-34.591561,-58.419816),
(124,'UGARTECHE',' Juan María Gutiérrez 2069',22,-34.581114,-58.412625),
(126,'MINISTERIO DE JUSTICIA Y SEGURIDAD','Olavarría 1201',4,-34.639225,-58.369589),
(128,'PARQUE DEL BAJO','Tte. Gral. Juan Domingo Perón 133',32,-34.605152,-58.368821),
(130,'RETIRO II','Av. Dr. José María Ramos Mejía 1350',29,-34.591738,-58.374364),
(131,'HOSPITAL DE CLÍNICAS','Uriburu Jose E., Pres. & Paraguay',28,-34.598404,-58.399016),
(132,'CORRIENTES','Reconquista & Corrientes Av.',32,-34.603368,-58.372763),
(134,'SOLDADO DE LA FRONTERA','Ana Díaz 5899',40,-34.683188,-58.468952),
(135,'MARCELO T. DE ALVEAR','Esmeralda & Paraguay',29,-34.597642,-58.378363),
(137,'AZOPARDO Y CHILE','AZOPARDO 700',18,-34.615598,-58.367492),
(138,'HOSPITAL BRITANICO','153 Perdriel',4,-34.63536,-58.387672),
(144,'PUEYRREDÓN','684 Boulogne Sur Mer & Tucuman',3,-34.601874,-58.406094),
(146,'HOSPITAL FRANCÉS','3024 Calvo, Carlos',31,-34.622112,-58.407842),
(148,'PARQUE AVELLANEDA II','Av. Directorio 4295 ',23,-34.645177,-58.484555),
(149,'LIMA','México & Lima',18,-34.615327,-58.381364),
(150,'RODRIGO BUENO','Av. España 2200',27,-34.618755,-58.355465),
(151,'AIME PAINÉ','Av. de los Italianos 1200',27,-34.611298,-58.359138),
(152,'JULIETA LANTERI','Vera Peñaloza, Rosario 599 & Lanteri Julieta',27,-34.618164,-58.359631),
(153,'JUAN MANUEL DE BLANES','Av. Almirante Brown 653',14,-34.631028,-58.362888),
(155,'PARQUE JOSÉ EVARISTO URIBURU',' Quilmes 491',20,-34.645082,-58.417492),
(156,'PLAZA ALEMANIA','2939 Cavia',22,-34.57759,-58.40747),
(158,'VILLARROEL','1321 Villarroel & Humboldt CABA',36,-34.592735,-58.44507),
(161,'HUMAHUACA','3912 Humahuaca',2,-34.602078,-58.419676),
(162,'LARREA Y BARTOLOMÉ MITRE','80 Larrea',3,-34.608985,-58.401924),
(163,'ONCE II','Bartolome Mitre & Av. Puyrredon',3,-34.609566,-58.406431),
(164,'FACULTAD DE INGENIERIA','AV. PASEO COLÓN 811',33,-34.617301,-58.369898),
(165,'PLAZA MONSEÑOR MIGUEL DE ANDREA','Dr Tomas Manuel De  Anchorena &  Jose A. Cabrera',28,-34.597048,-58.407614),
(166,'CEMENTERIO DE RECOLETA','Vicente López 2100',28,-34.588347,-58.394148),
(167,'PLAZA 24 DE SEPTIEMBRE','1355 San Martin Av.',36,-34.606984,-58.44854),
(168,'ESTADOS UNIDOS','Estados Unidos & Lima',11,-34.618622,-58.381227),
(169,'FACULTAD DE PSICOLOGIA','Av. Hipólito Yrigoyen 3417',2,-34.613071,-58.414971),
(171,'PASTEUR','519 Pasteur',3,-34.603281,-58.399755),
(172,'BRASIL','BRASIL&DEFENSA',33,-34.625426,-58.371082),
(174,'MINISTERIO DE EDUCACION','Marcelo T. de Alvear & Rodriguez Peña',28,-34.597225,-58.391768),
(175,'CONSTITUCIÓN','Avenida Juan de Garay 1050',11,-34.626851,-58.380707),
(176,'PARQUE SARMIENTO I','Av. Dr. Ricardo Balbín 4402',30,-34.555254,-58.494845),
(177,'PLANETARIO','Av Casares y Av Belisario Roldan',22,-34.568165,-58.412121),
(179,'CASA SAN','Olavarría 811',14,-34.638479,-58.364288),
(181,'BILLINGHURST Y MANSILLA','1520 Billinghurst & Mansilla, Lucio Norberto, General',28,-34.592665,-58.412007),
(182,'RAVIGNANI Y GUATEMALA','2185 Ravignani, Emilio, Dr. & Guatemala',22,-34.578048,-58.435247),
(183,'VIRREY CEVALLOS','Mexico 1652',18,-34.615699,-58.389973),
(184,'PEDRO ECHAGUE','Pedro Echague 1878 & Combate De Los Pozos',26,-34.630613,-58.391342),
(186,'MANZANA 66','2875 Moreno',3,-34.613636,-58.406442),
(187,'QUINTEROS LIDORO','1483 Quinteros, Lidoro J. Av.',5,-34.552571,-58.450897),
(188,'JORGELINA DE SIMONE','Cochabamba 1799',11,-34.62393,-58.39125),
(189,'POSADAS','1350 Posadas',28,-34.588689,-58.385211),
(190,'JUNCAL','Juncal & Salguero, Jeronimo',22,-34.585076,-58.411114),
(191,'RIVADAVIA Y 9 DE JULIO','Pellegrini Y Rivadavia Av.',32,-34.60793,-58.380836),
(193,'ARENALES Y AGUERO','Arenales y Aguero',28,-34.590863,-58.406165),
(194,'PERÓN Y ACUÑA DE FIGUEROA','3997 TTE. GENERAL JUAN DOMINGO PERON',2,-34.606076,-58.422464),
(196,'HOSPITAL ARGERICH','750 Pi y Margall',14,-34.627767,-58.366025),
(197,'PLAZA CIUDAD DE UDINE','Mercedes 1480',13,-34.620998,-58.493044),
(199,'ESTADOS UNIDOS Y BOEDO','3568 Estados Unidos & Boedo Av.',6,-34.62226,-58.416014),
(200,'AUSTRIA Y FRENCH','Austria 2075',28,-34.5883,-58.404261),
(202,'FACULTAD DE DERECHO','Av. Pres. Figueroa Alcorta 2120',28,-34.583749,-58.390602),
(203,'USINA DEL ARTE','Caffarena, Agustin R. & Don Pedro De Mendoza Av.',14,-34.628757,-58.356259),
(204,'HIPÓLITO YRIGOYEN','4300 Yrigoyen, Hipolito Av.',2,-34.614948,-58.427818),
(206,'FITZ ROY & GORRITI','Fitz Roy & Gorriti',22,-34.58495,-58.437339),
(207,'BASUALDO Y RODO','Guardia Nacional 1700',17,-34.652377,-58.487359),
(208,'RAVIGNANI','EMILIO RAVIGNANI 1802',22,-34.580716,-58.438404),
(210,'GENERAL URQUIZA','Figueroa Alcorta & Sarmiento',22,-34.572165,-58.411278),
(212,'VELASCO','J.Ramirez de Velasco 285',36,-34.600275,-58.434875),
(213,'ACEVEDO','Acevedo y Padilla',36,-34.599659,-58.442685),
(214,'ARMENIA Y GORRITI','Armenia 1525 y Gorriti',22,-34.590541,-58.428974),
(215,'GUATEMALA','Guatemala 4773',22,-34.585878,-58.424996),
(216,'CORONEL DIAZ','Guemes 3330 & Coronel Diaz',22,-34.589968,-58.411493),
(219,'LAS CASAS','Metan 3661',6,-34.636027,-58.415633),
(220,'AVELINO DIAZ','Avelino Diaz&Doblas',24,-34.635128,-58.427573),
(222,'GODOY CRUZ Y LIBERTADOR','Av. Cerviño 4301',22,-34.575919,-58.418543),
(223,'JOSÉ MARMOL','803 José Marmol',6,-34.6234,-58.424853),
(227,'ARANGUREN','Dr. Juan Felipe Aranguren 131',7,-34.610361,-58.432763),
(228,'MADERO UCA','1600 Moreau De Justo, Alicia Av.',27,-34.616488,-58.365668),
(229,'PLAZOLETA CELEDONIO FLORES','Cordoba 6599',8,-34.581576,-58.45153),
(230,'PLAZA CASTELLI','Echeverria 3249',5,-34.567826,-58.464504),
(231,'PLAZA BENITO NAZAR','VALENTIN VIRASORO 1349',36,-34.605118,-58.446),
(232,'TAMBORINI','Tamborini 3821',9,-34.559978,-58.479058),
(234,'UNIVERSIDAD DI TELLA','Figueroa Alcorta 7285',5,-34.547232,-58.446802),
(235,'VILLA URQUIZA','Av. Triunvirato 4800',48,-34.573734,-58.486924),
(236,'PLAZA RAFAEL HERNANDEZ','Vuelta de Obligado 2004',5,-34.562161,-58.455166),
(237,'ESTACION VILLA LURO','Virgilio 90',41,-34.636709,-58.501355),
(239,'PLAZA REPÚBLICA DE ECUADOR','Av. Pres. Figueroa Alcorta 5201',22,-34.565337,-58.420621),
(240,'VIDAL','Av. Cramer 2900',5,-34.558137,-58.467259),
(241,'VILLA DEL PARQUE','Gutierrez, Ricardo 3105',37,-34.600874,-58.494123),
(242,'MALBA','Av. Pres. Figueroa Alcorta 3451',22,-34.576949,-58.403984),
(245,'HUSARES','Husares 2201',5,-34.552594,-58.44294),
(247,'TRONADOR','Triunvirato Av. & Tronador',42,-34.583896,-58.466494),
(248,'PLAZA ZAPIOLA','2001 Donado',48,-34.573522,-58.474635),
(249,'LEONARDO PEREYRA','LUZURIAGA 1400',4,-34.650647,-58.387234),
(251,'PLAZA JOSE C PAZ','Dr. Prof. Pedro Chutro 2881',26,-34.641728,-58.402483),
(252,'CALIFORNIA','California 1774 y General Hornos',4,-34.647121,-58.374336),
(253,'BOEDO Y VENEZUELA','BOEDO 339',2,-34.616354,-58.417074),
(254,'PRIMERA JUNTA','Av. Rivadavia 5408 ',7,-34.620794,-58.441351),
(255,'PUAN','Yerbal 1290',7,-34.622092,-58.448547),
(257,'PLAZA MARCOS SASTRE','Miller & Monroe',48,-34.570825,-58.481236),
(258,'LA PAMPA','La Pampa 2512 & Ciudad de la Paz',5,-34.565521,-58.455334),
(259,'CLUB EXCURSIONISTAS','Migueletes 1782 (y La Pampa)',5,-34.559152,-58.444176),
(260,'PASEO DE LAS AMERICAS','Av. Pres Figueroa Alcorta 6400',5,-34.553079,-58.435223),
(261,'PLAZA BRUNO GIORDANO','Bruno Giordano&Neuquen',7,-34.616151,-58.440584),
(262,'PLAZA SAENZ PEÑA','Andrés Lamas 1699',39,-34.609709,-58.467297),
(263,'PLAZA DEL ANGEL GRIS','Calcena & Avellaneda Av.',12,-34.622003,-58.457555),
(264,'BALBIN II','Av. Dr. Ricardo Balbín y Crisólogo Larralde',30,-34.555931,-58.481232),
(265,'PLAZA DON SEGUNDO SOMBRA','2347 Santander',12,-34.64196,-58.4505),
(267,'BEIRO Y SAN MARTÍN','3209 Av. Francisco Beiro',38,-34.597612,-58.498542),
(268,'GARCIA DEL RIO','Av. García del Río 3182',30,-34.5503,-58.477),
(269,'SAN MIGUEL DE GARICOITS','Delgado & Loreto, Virrey',10,-34.577329,-58.457799),
(270,'BEAUCHEF','1995 Beauchef',24,-34.640114,-58.43026),
(271,'VENANCIO FLORES','Venancio Flores 3170',12,-34.629967,-58.473725),
(273,'GAINZA','494 Gainza, Martin De, Gral.',7,-34.616758,-58.446751),
(275,'PLAZA NORUEGA','Amenabar y Mendoza',5,-34.562277,-58.459289),
(277,'PLAZA BOLIVIA','Olleros Av. & Del Libertador Av.',22,-34.563539,-58.436115),
(278,'MONROE','2519 Superi',9,-34.564122,-58.469813),
(280,'SIMON BOLIVAR','1701 Fernandez Moreno, Baldomero',24,-34.633528,-58.449379),
(281,'PLAZA IRLANDA','Av. Gaona 2200',7,-34.613778,-58.458315),
(284,'RIGLOS','1019 Riglos',24,-34.631018,-58.435056),
(289,'BARRANCAS DE BELGRANO','Sucre, Antonio Jose De, Mcal. Y Vertiz Virrey Av.',5,-34.559801,-58.448314),
(291,'UADE','Lima 750',18,-34.617247,-58.381627),
(294,'UDAONDO','AV. GUILLERMO UDAONDO 1290',5,-34.547131,-58.452466),
(299,'CULPINA','Culpina 121',12,-34.631705,-58.466143),
(301,'UTN II','Saraza y Mozart',40,-34.660362,-58.467639),
(302,'PLAZA NUEVA POMPEYA','3817 Traful',20,-34.651846,-58.415771),
(304,'AGRONOMIA II','Av. Francisco Beiró 2120',1,-34.5893,-58.4848),
(307,'COMUNA 4','AV PERITO MORENO 2881',20,-34.649997,-58.424773),
(308,'SOLAR DE LA ABADÍA','Maure 1819',22,-34.567633,-58.436752),
(309,'PLAZA DR. JUAN B. TERAN','Nogoya 5525',44,-34.621412,-58.519781),
(310,'ESTACIÓN LUGANO','Martiniano Leguizamón 4401',40,-34.679483,-58.474249),
(311,'HOSPITAL ALVEAR','Av. Warnes 2626',15,-34.59721,-58.474211),
(316,'SAN MARTIN','1471 Cucha Cucha',36,-34.605567,-58.453475),
(318,'ESPINOSA','1785 Espinosa',36,-34.603936,-58.457317),
(322,'MONTAÑESES','2786 Montañeses',5,-34.551304,-58.454181),
(323,'ECHEVERRIA','1981 Vidal',5,-34.565409,-58.459298),
(324,'JURAMENTO','5209 Juramento',48,-34.578933,-58.484056),
(327,'VILLA OLÍMPICA','Escalada 4347',40,-34.677131,-58.454286),
(329,'PLAZA GURRUCHAGA','Gurruchaga 1084',36,-34.59311,-58.435066),
(330,'LA PATERNAL','PUNTA  ARENAS  1798',15,-34.600831,-58.472127),
(333,'BEIRO','Beiro 3572, CABA',37,-34.6008,-58.50335),
(335,'GALICIA','2502 Galicia',39,-34.615945,-58.47098),
(336,'PLAZA ARENALES','Nueva York 3949',38,-34.599731,-58.511146),
(340,'PLAZA BALCARCE','Jaramillo 2312',21,-34.54754,-58.467844),
(342,'CAMPANA','1523 Campana',46,-34.616813,-58.484297),
(348,'MARGARIÑOS CERVANTES','2465 Margariños Cervantes',39,-34.610482,-58.474369),
(349,'SUCRE Y MARTINEZ','Mcal. Antonio José de Sucre 3515',5,-34.570387,-58.466312),
(353,'MADERO OFFICE','367 Sanchez De Thompson, Mariquita',27,-34.599036,-58.364695),
(355,'PLAZOLETA RAFAEL DEL RIEGO','o´higins 1327',22,-34.567483,-58.446381),
(358,'VIDAL','Vidal 2501',5,-34.560311,-58.463643),
(359,'FLENI','2292 Montañeses',5,-34.555602,-58.450479),
(361,'PLAZA J.J. PASO','1399 Moldes',10,-34.569187,-58.453608),
(362,'HOLMBERG','Holmberg 2819 y Nahuel Huapi',48,-34.566033,-58.479879),
(363,'JOSÉ MARTÍ','Eva Perón 3321',12,-34.6439,-58.463114),
(364,'MATIENZO Y ARCE','Teniente Benjamín Matienzo 1998',22,-34.570161,-58.43558),
(366,'PLAZA RAMON FALCON','Cnel. Ramón L. Falcón 3992',34,-34.635278,-58.482533),
(367,'BELAUSTEGUI','Belaustegui 2910',46,-34.616659,-58.477706),
(368,'AGRONOMIA','Enzo Brdabehere 2897',37,-34.599938,-58.481323),
(369,'NAVARRO','Navarro 2625',1,-34.592244,-58.491797),
(370,'PLAZA MARTIN RODRIGUEZ','3016 Pareja',43,-34.590964,-58.500336),
(371,'PLAZA DE LA MISERICORDIA','LAUTARO 400',12,-34.6317,-58.45534),
(372,'MARTÍ Y DIRECTORIO','404 Marti, Jose',12,-34.636406,-58.470136),
(373,'PLAZA EXODO JUJEÑO','Liverpool 2812',25,-34.582337,-58.481083),
(374,'EVA PERÓN','Primera Junta 3898',23,-34.6471,-58.4698),
(375,'ARREGUI Y TERRADA','2793 Arregui',37,-34.604597,-58.484812),
(376,'LAS VICTORIAS','Av. Gaona 4660',13,-34.627403,-58.488112),
(378,'HOSPITAL ALVAREZ','Bolivia 683',12,-34.623123,-58.468287),
(379,'DE LOS OMBUES','Av. de los Ombúes 300',22,-34.5602,-58.4281),
(381,'GAVILÁN','Gavilán 1200',39,-34.616247,-58.465884),
(382,'BIARRITZ','Biarritz 2403',37,-34.605431,-58.477255),
(383,'PLAZA ECHEVERRIA','Av. Triunvirato 5100 y Nahuel Huapi 5150',48,-34.571799,-58.489541),
(384,'PLAZA 25 DE AGOSTO','14 de julio de 1194',42,-34.579519,-58.461835),
(385,'PLAZA ARISTÓBULO DEL VALLE','Campana & Marcos Sastre  ',37,-34.60616,-58.493141),
(386,'COGHLAN','2647 Estomba',9,-34.5654,-58.4759),
(387,'DONATO ALVAREZ','1540 Garcia, Juan Agustin',15,-34.602028,-58.465568),
(392,'TRONADOR Y GARCÍA DEL RÍO','Tronador y Garcia del Rio',30,-34.554581,-58.485381),
(393,'JOSE ARTIGAS','Av. del Campo 1301',42,-34.590273,-58.466932),
(395,'HUAURA','Huaura 1405 y Fitz Roy',36,-34.596849,-58.45328),
(400,'DE LOS INCAS','Av. de los Incas 4138',42,-34.57899,-58.46982),
(403,'BUENOS AIRES','Suarez 3150',4,-34.644684,-58.393876),
(407,'PARQUE AVELLANEDA','Remedios 3895',23,-34.642425,-58.478266),
(408,'CERRETTI Y MANUELA PEDRAZA','Ceretti 3407',48,-34.56912,-58.50025),
(412,'VILLA SOLDATI','Carlos María Ramírez 2510',47,-34.660448,-58.432017),
(413,'MERCADO DE HACIENDA MATADEROS','Av. Lisandro de la Torre 2319',17,-34.661817,-58.50133),
(414,'FRANKLIN','Franklin 1100',7,-34.61128,-58.450043),
(416,'PLAZA FRANCISCO RAMIREZ','2700 Pedraza, Manuela',21,-34.553262,-58.469133),
(417,'PLAZA LEONARDO N. ALEM','Cochrane 2407',43,-34.57634,-58.50248),
(418,'PLAZA MAFALDA','Conde & Concepción Arenal',10,-34.580938,-58.44458),
(420,'CIUDAD UNIVERSITARIA I','INTENDENTE GUIRALDES 2160 - PABELLÓN I',5,-34.5446,-58.4396),
(422,'PARQUE SARMIENTO II','Alfonsina Storni 3771',30,-34.56454,-58.50289),
(423,'PLAZA ALBERDI','Crisólogo Larralde 4544',30,-34.559255,-58.487772),
(424,'LUNA','Luna 301',26,-34.639807,-58.39905),
(425,'AV. LA PLATA','Av. La Plata 2400',20,-34.643013,-58.422843),
(426,'PLAZA ALBERTI','ARCOS 2665',5,-34.5557,-58.4579),
(427,'PARQUE SANTOJANNI','ACASSUSO 6373',16,-34.648402,-58.513645),
(428,'HOSPITAL TORNU','1052 Avalos',25,-34.587458,-58.473951),
(429,'PLAZA EJERCITO DE LOS ANDES','Av. Rivadavia y Albariño',16,-34.638974,-58.510102),
(431,'PARQUE DE LA MEMORIA','Av. Costanera Rafael Obligado 7200',5,-34.542628,-58.436913),
(432,'JOSE MARIA MORENO','141 Jose Maria Moreno',7,-34.619879,-58.435801),
(433,'PLAZOLETA COLOMBIA','1619 Brandsen',4,-34.637697,-58.373726),
(434,'PLAZA LUCIO DEMARE','O`Higgins 3750',21,-34.54569,-58.46514),
(435,'CLUB CIUDAD DE BUENOS AIRES','Miguel Sanchez y Av Libertadores',21,-34.544503,-58.459499),
(436,'PLAZA COLEGIALES','Tte. Benjamin Matienzo 2886',10,-34.57653,-58.44349),
(440,'ARMENIA','ARMENIA 1525 y GORRITI',22,-34.590648,-58.428899),
(442,'PERON','NUÑEZ 3486',9,-34.555484,-58.476804),
(444,'MINISTERIO DE ECONOMIA','Balcarce e Yrigoyen, Hipolito Av.',18,-34.608936,-58.370716),
(449,'SAN JOSE DE FLORES','Av. Rivadavia 6955',12,-34.628836,-58.463297),
(453,'PLAZA DE LA BANDERA','Av. Gaona 5181',34,-34.62948,-58.494485),
(454,'PLAZA DERECHOS DEL HOMBRE','CORTINA 551',41,-34.63403,-58.50694),
(455,'PLAZA DON BOSCO','Elpidio Gonzalez 5181',19,-34.62652,-58.50805),
(457,'PLAZA CD DE BANFF','ROMA 786',35,-34.62805,-58.52174),
(458,'PARQUE CHACABUCO II','AV. ASAMBLEA 1400',24,-34.636426,-58.444007),
(460,'BEIRO Y SEGUROLA','Segurola 3194',38,-34.6075,-58.51193),
(461,'MOSCONI Y CONSTITUYENTES','CONSTITUYENTES 4710',43,-34.58088,-58.49363),
(464,'CIUDAD UNIVERSITARIA III','Intendente Guiraldes 2160 - Pabellón III',5,-34.541,-58.4441),
(465,'HOSPITAL SIRIO','Gabriela Mistral 3325 y Campana',38,-34.590462,-58.507117),
(466,'PARQUE DE LA ESTACIÓN','Dr. Tomás Manuel de Anchorena 170',3,-34.608096,-58.41184),
(468,'TEATRO PICADERO','Riobamba 403',3,-34.604229,-58.393738),
(469,'PARQUE ONEGA','Av. Gral.Mosconi 3780',38,-34.593418,-58.513837),
(471,'EL LIBERTADOR','Av. San Martín 6220',38,-34.594729,-58.503309),
(472,'FREIRE II','Tte. Gral Ramón Freire 1003',10,-34.575129,-58.452756),
(473,'EMILIO LAMARCA','EMILIO LAMARCA 2066',37,-34.613403,-58.493358),
(474,'BAIGORRIA','Baigorria 4101',19,-34.610892,-58.50302),
(475,'PLAZA LAS TOSCANERAS','Ramón Lista 5500 (y Moliere)',44,-34.616541,-58.526018),
(476,'PLAZA MONTE CASTRO','Gualeguaychú 1900',19,-34.618292,-58.498525),
(477,'SEC. DE INNOVACION Y TRANSFORMACIÓN','Av. Caseros 2309',26,-34.635005,-58.395054),
(478,'AMENABAR','Teodoro García 2613',10,-34.572056,-58.447524),
(479,'CARABOBO','Pumacahua 9',12,-34.626288,-58.4553),
(480,'PLAZA VÉLEZ SARSFIELD','Chivilcoy 400',13,-34.629334,-58.483603),
(481,'PLAZA LARRAZABAL','AV. LARRAZABAL 380',16,-34.643038,-58.5127),
(482,'PASEO DE LA COSTANERA','Av. Costanera Rafael Obligado 6200',5,-34.550468,-58.430024),
(483,'PLAZA MACKENNA','CRAMER 4500',30,-34.543689,-58.477126),
(484,'SUPERÍ','NUÑEZ 3486',9,-34.555484,-58.476804),
(485,'PASEO DE LA COSTANERA II','Av. Costanera Rafael Obligado 5100',22,-34.553465,-58.42144),
(486,'PLAZA FELIX LIMA','RAMALLO 2200',21,-34.54209,-58.47057),
(487,'AVENIDA CRAMER','Av. Cramer 2900',5,-34.558137,-58.467259),
(488,'AVENIDA TRIUNVIRATO','Av. Triunvirato 5752',48,-34.565709,-58.495218),
(489,'SECRETARÍA DE DEPORTES','AV LIBERTADOR 7100',21,-34.547604,-58.456566),
(490,'COSTANERA NORTE','AV. Costanera Rafael del Obligado 1700',22,-34.564771,-58.402021),
(491,'PLAZA SABATTINI','Honorio Pueyrredón 695 ',7,-34.612004,-58.442154),
(492,'MEDRANO','3905 Bartolomé Mitre',2,-34.60971,-58.421563),
(493,'NICASIO OROÑO','Nicasio Oroño 2598',15,-34.596744,-58.459403),
(494,'ALLENDE','Allende 2794',38,-34.614788,-58.511672),
(496,'CAMPANA II','Cochrane 3298 (y Campana)',43,-34.58316,-58.513166),
(497,'CERRETTI','Ceretti 2892',48,-34.574424,-58.496232),
(498,'HABANA','Gral. José Gervasio Artigas 4298 (y Habana)',43,-34.586598,-58.494959),
(499,'FILOSOFIA Y LETRAS','José Bonifacio 1407',7,-34.628556,-58.446814),
(500,'COMUNA 13','Ibera 2377',21,-34.553212,-58.464224),
(501,'GRECIA','Grecia 3290',21,-34.549249,-58.461941),
(502,'SAN ISIDRO LABRADOR','Av. San Isidro Labrador 4850',30,-34.540675,-58.475225),
(503,'TRES ARROYOS','Paysandú 1491',7,-34.607201,-58.456406),
(504,'MORÓN','Morón 3089',12,-34.62472,-58.47518),
(505,'AV. J. B. JUSTO','Emilio Lamarca 915 (y Av. Juan B. Justo)',46,-34.622641,-58.48202),
(507,'VILLA SOLDATI II','23 de junio 4249',47,-34.673248,-58.455319),
(508,'RAFAELA','Rafaela 4811',41,-34.639172,-58.494786),
(509,'VELEZ SARSFIELD','Av. Carrasco 214',34,-34.633638,-58.48981),
(511,'AV. FOREST','Delgado 1569 (y Av. Forest)',10,-34.575441,-58.462689),
(512,'PARQUE CHAS','Av. De los Incas 4535',25,-34.581615,-58.475057),
(513,'SAN MARTIN II','Av. San Martín 5129',1,-34.59713,-58.490739),
(515,'PLAZOLETA RÍO DE LA PLATA','Av. Sarmiento 500',22,-34.574246,-58.414655),
(516,'PLAZA DE LA SHOÁ','Av. Del Libertador 3899',22,-34.570998,-58.423347),
(517,'PACÍFICO II','Av. Int. Bullrich 300',22,-34.574501,-58.424814),
(518,'LAS CAÑITAS','Clay 2818',22,-34.573899,-58.431782),
(519,'AV. DEL LIBERTADOR','Av. Del Libertador 100',29,-34.592915,-58.375443),
(520,'PARQUE OLIMPICO','Av. Coronel Roca 5252 (dentro del Parque Olímpico). ',47,-34.672632,-58.445518),
(521,'AV. WARNES','Av. Warnes 2150',15,-34.596465,-58.466384),
(522,'PLAZOLETA BENEDIT','Av. Warnes y Av. R. Scalabrini Ortiz',36,-34.602244,-58.442548),
(523,'AV. ELCANO FIN DE VIDA','Av. Elcano 2998',10,-34.570812,-58.457868),
(524,'AV. CABILDO','Av. Cabildo 2586',5,-34.557933,-58.460703),
(525,'ESCUELA RAGGIO','Av. Libertador 8620 (y Pico)',21,-34.536691,-58.466813),
(526,'NUÑEZ','Comodoro Martín Rivadavia 1630',21,-34.541628,-58.463404),
(527,'AV. CORDOBA','Av. Cordoba 5403',22,-34.588727,-58.438386),
(528,'SKATE PARK VILLA LURO',' Av. Rivadavia 9301',41,-34.636706,-58.495286),
(530,'PARQUE RIVADAVIA','Av Rivadavia 4950',7,-34.616511,-58.43235),
(531,'JOSE AMALFITANI','Av. Juan Bautista Justo 6383',35,-34.633622,-58.521258),
(532,'INSTITUTO POLITÉCNICO MODELO','Av Constituyentes 5880',43,-34.573033,-58.503908),
(533,'CRISOLOGO LARRALDE','Galván 3601',30,-34.561191,-58.49203),
(534,'PARQUE DE LAS CIENCIAS','Soler 5300 ',22,-34.582962,-58.429979),
(535,'HONORIO PUEYRREDON','Honorio Pueyrredón 1653',36,-34.602517,-58.449659),
(536,'PLAZA  SAN MARTIN','Av. Santa Fe 716',29,-34.595474,-58.377482),
(537,'AV. ELCANO','Av. ELCANO 3000',10,-34.570808,-58.458061),
(538,'PARQUE DE LA INNOVACIÓN','Av. G. Udaondo 1146',21,-34.545091,-58.451432),
(539,'JUAN DE GARAY','Av. Juan de Garay 1135',11,-34.626973,-58.380601),
(540,'JORGE NEWBERY','Av. Costanera Rafael Obligado',22,-34.55771,-58.41033),
(541,'AEROPARQUE','Av. Costanera Rafael Obligado',22,-34.55572,-58.41321),
(542,'VICTOR MANUEL ACUÑA','Av. Costanera Rafael Obligado',22,-34.55386,-58.4195),
(543,'CASA ROSADA','Av. Alicia Moreau de Justo 861',27,-34.60748,-58.366741),
(544,'TEATRO COLÓN','Cerrito 698',32,-34.600598,-58.382361),
(545,'DEL BARCO CENTENERA','Del Barco Centenera 741',7,-34.627801,-58.440321),
(546,'COMUNA 7','Emilio Mitre 860',24,-34.631304,-58.441761),
(547,'ALMAGRO','México 4000',2,-34.620169,-58.422097),
(548,'PLAZA SUDAMERICA','Av. Piedrabuena 4901',45,-34.687767,-58.475178),
(549,'EMILIO CASTRO','Av. Emilio Castro 6301',16,-34.649701,-58.51078),
(550,'LINIERS','Av. Juan Bautista Justo 9710',16,-34.634808,-58.527098),
(551,'LEGUIZAMON','Martiniano Leguizamón 599',16,-34.644804,-58.518867),
(552,'DEVOTO','Ricardo Gutierrez 4224',38,-34.602851,-58.512609),
(553,'JOSE LEON CABEZON','José León Cabezón 2516',43,-34.580192,-58.500942),
(554,'BLANCO ENCALADA','Blanco Encalada 4118',48,-34.569853,-58.476743),
(555,'RUIZ HUIDOBRO','Av Huidobro 3700',30,-34.550088,-58.485065),
(556,'AREVALO','Arévalo 1408',22,-34.583613,-58.443602),
(557,'BIBLIOTECA NACIONAL','Austria 2690',28,-34.583409,-58.397735),
(558,'UBA SOCIALES','Santiago del Estero 1029 ',11,-34.620233,-58.384386),
(559,'ALVEAR TENIS CLUB','C. José E. Rodo 4190',23,-34.64142,-58.4824),
(560,'JUAN BAUTISTA ALBERDI','Av. Juan Bautista Alberdi 5799',17,-34.651081,-58.502125),
(561,'GREGORIO DE LAFERRERE','Gregorio de Laferrere 4780',23,-34.653356,-58.481011),
(562,'ALMAFUERTE','Av. Almafuerte 857',20,-34.647806,-58.415985),
(563,'PARQUE GENERAL PAZ','Crisólogo Larralde 6100',30,-34.567738,-58.505283),
(564,'QUESADA','Quesada y Pacheco.',48,-34.567604,-58.488762),
(565,'HEREDIA','La Pampa 3800',42,-34.572986,-58.468138),
(566,'PLAZA RAVIGNANI','Cnel. Ramón Lista 5200',38,-34.61325,-58.522861),
(567,'UNIVERSIDAD DEL SALVADOR','Marcelo Torcuato de Alvear 1335',29,-34.596943,-58.385938),
(568,'HONDURAS','Honduras 5190',22,-34.58755,-58.43196),
(569,'HIPODROMO DE PALERMO','Av. del Libertador 4175',22,-34.568757,-58.427288),
(570,'GIRALT','Av. Int. Hernan M. Giralt y Macacha Gúemes',27,-34.604631,-58.360814),
(572,'BILBAO','Francisco Bilbao 2322',12,-34.634075,-58.459008),
(573,'HERRERA','Aristóbulo del Valle 1895',4,-34.636766,-58.37796),
(574,'EZEIZA','Ezeiza 2751',43,-34.575733,-58.509228),
(575,'IBERA','Superí 3058',9,-34.55918,-58.474031),
(576,'JARDIN BOTANICO','Santa Fe 4067',22,-34.58192,-58.42028),
(577,'PICO','Arias 5000',30,-34.553587,-58.497587),
(579,'NAZCA','Elpidio González 2907',46,-34.609599,-58.483173),
(580,'PAVON','Maza 1616',6,-34.629987,-58.41456),
(581,'PLAZA BOEDO','Sánchez de Loria1009',6,-34.621952,-58.412366),
(582,'NEUQUEN','Neuquén 1385',7,-34.6157,-58.453128),
(583,'ATAHUALPA','San Blas 4507',34,-34.622931,-58.498679),
(584,'GUARDIA NACIONAL','Manuel Artigas 5196',17,-34.644633,-58.497097),
(585,'SAN BLAS','Cuenca 1896',46,-34.612513,-58.485918),
(586,'NOGOYA','Helguera 2828',37,-34.602927,-58.492247),
(587,'PAYSANDU','Paysandú 573',7,-34.61637,-58.44987),
(588,'HIDALGO','Hidalgo 1210',36,-34.606153,-58.441754),
(589,'MUSEO DEL AGUA','Viamonte 1994',3,-34.600982,-58.395457),
(590,'CHARCAS','Paraguay 4226',22,-34.586866,-58.421426);

select * from estaciones;

-- Modelo de bicicleta utilizada :

CREATE TABLE IF NOT EXISTS modelo(
id_modelo INT PRIMARY KEY NOT NULL,
modelo VARCHAR (10));

-- Se insertan los valores

INSERT INTO modelo(id_modelo,modelo) VALUES
	(1,"fit"),
    (2,"iconic");
    
    

 -- Se genera la tabla meses:
  
CREATE TABLE IF NOT EXISTS meses(
id_mes INT PRIMARY KEY NOT NULL,
mes VARCHAR (15));

INSERT INTO meses(id_mes,mes) VALUES
	(1,"Enero"),
    (2,"Febrero"),
    (3,"Marzo"),
    (4,"Abril"),
    (5,"Mayo"),
    (6,"Junio"),
    (7,"Julio"),
    (8,"Agosto"),
    (9,"Septiembre"),
    (10,"Octubre"),
    (11,"Noviembre"),
    (12,"Diciembre");
    
 
 
 -- Se genera la tabla con el listado de precios por mes (cada id de precios corresponde a un mes 1=enero,2=febrero...):
  
CREATE TABLE IF NOT EXISTS precios(
id_precio INT PRIMARY KEY NOT NULL,
precio INT NOT NULL);

INSERT INTO precios(id_precio,precio) VALUES
	(1,300),
    (2,400),
    (3,500),
    (4,600),
    (5,700),
    (6,800),
    (7,900),
    (8,1000),
    (9,1100),
    (10,1200),
    (11,1300),
    (12,1400);
    
 
-- Se genera una primera tabla la tabla con los recorridoss:

CREATE TABLE IF NOT EXISTS recorridos (
	id_recorrido INT PRIMARY KEY NOT NULL,
	id_usuario INT NOT NULL,
	id_estacion_orig INT NOT NULL,
  id_mes INT NOT NULL,
  fecha_origen DATETIME,
  id_estacion_dest INT NOT NULL,
  fecha_dest DATETIME,
  id_modelo INT NOT NULL,
  calificacion INT NOT NULL,
  id_precio INT NOT NULL,
    FOREIGN KEY (id_usuario) REFERENCES usuarios(id_usuario),
    FOREIGN KEY (id_estacion_orig) REFERENCES estaciones(id_estacion),
    FOREIGN KEY (id_mes) REFERENCES meses(id_mes),
    FOREIGN KEY (id_estacion_dest) REFERENCES estaciones(id_estacion),
    FOREIGN KEY (id_modelo) REFERENCES modelo(id_modelo),
    FOREIGN KEY (id_precio) REFERENCES precios(id_precio)
);


SELECT * FROM recorridos;
